timestamp,workload,mode,object_size_mb,concurrency,duration_sec,throughput_mb_ps,p50_sec,p90_sec,p99_sec,p_max_sec,barrier_time_sec,compute_wait_pct,peak_ram_mb,total_alloc_mb,num_gcs
2026-08-18T07:05:32Z,Orbax-Checkpoint-Write,Static-Fixed16MB,64.00,8,0.0532,889.92,0.0532,0.5752,0.5752,0.5752,0.5753,0.00,12.21,0.01,0
2026-08-18T07:05:32Z,Orbax-Checkpoint-Write,Smart-DynamicChunk,64.00,8,0.0526,9731.44,0.0526,0.0526,0.0526,0.0526,0.0526,0.00,12.21,0.01,0
2026-08-18T07:05:33Z,Orbax-Checkpoint-Write,Static-Fixed16MB,64.00,16,0.0530,1291.58,0.0530,0.7249,0.7928,0.7928,0.7928,0.00,12.21,0.01,0
2026-08-18T07:05:33Z,Orbax-Checkpoint-Write,Smart-DynamicChunk,64.00,16,0.0527,19425.18,0.0527,0.0527,0.0527,0.0527,0.0527,0.00,12.21,0.01,0
2026-08-18T07:05:34Z,Orbax-Checkpoint-Write,Static-Fixed16MB,64.00,32,0.0531,2880.10,0.0531,0.5579,0.7110,0.7110,0.7111,0.00,12.46,0.01,0
2026-08-18T07:05:34Z,Orbax-Checkpoint-Write,Smart-DynamicChunk,64.00,32,0.0526,4799.81,0.0526,0.0526,0.4266,0.4266,0.4267,0.00,12.46,0.03,0
2026-08-18T07:05:35Z,Orbax-Checkpoint-Write,Static-Fixed16MB,256.00,8,0.2126,2208.47,0.2126,0.9273,0.9273,0.9273,0.9273,0.00,12.46,0.00,0
2026-08-18T07:05:35Z,Orbax-Checkpoint-Write,Smart-DynamicChunk,256.00,8,0.2094,3730.57,0.2094,0.5490,0.5490,0.5490,0.5490,0.00,12.46,0.00,0
2026-08-18T07:05:36Z,Orbax-Checkpoint-Write,Static-Fixed16MB,256.00,16,0.2123,4054.70,0.2123,0.9601,1.0101,1.0101,1.0102,0.00,12.46,0.00,0
2026-08-18T07:05:37Z,Orbax-Checkpoint-Write,Smart-DynamicChunk,256.00,16,0.2094,4218.69,0.2094,0.8713,0.9709,0.9709,0.9709,0.00,12.46,0.00,0
2026-08-18T07:05:38Z,Orbax-Checkpoint-Write,Static-Fixed16MB,256.00,32,0.2130,8688.05,0.2130,0.7619,0.9428,0.9428,0.9429,0.00,12.46,0.02,0
2026-08-18T07:05:39Z,Orbax-Checkpoint-Write,Smart-DynamicChunk,256.00,32,0.2095,8577.59,0.2095,0.2096,0.9550,0.9550,0.9550,0.00,12.46,0.01,0
2026-08-18T07:05:41Z,Orbax-Checkpoint-Write,Static-Fixed16MB,512.00,8,0.4251,2410.33,0.4251,1.6993,1.6993,1.6993,1.6994,0.00,12.46,0.00,0
2026-08-18T07:05:41Z,Orbax-Checkpoint-Write,Smart-DynamicChunk,512.00,8,0.4186,9784.41,0.4186,0.4186,0.4186,0.4186,0.4186,0.00,12.46,0.00,0
2026-08-18T07:05:43Z,Orbax-Checkpoint-Write,Static-Fixed16MB,512.00,16,0.4255,5223.01,0.4255,1.4683,1.5684,1.5684,1.5684,0.00,12.46,0.00,0
2026-08-18T07:05:44Z,Orbax-Checkpoint-Write,Smart-DynamicChunk,512.00,16,0.4185,6852.98,0.4185,0.4185,1.1954,1.1954,1.1954,0.00,12.46,0.00,0
2026-08-18T07:05:46Z,Orbax-Checkpoint-Write,Static-Fixed16MB,512.00,32,0.7884,7525.51,0.7884,1.2076,2.1771,2.1771,2.1771,0.00,12.46,0.01,0
2026-08-18T07:05:47Z,Orbax-Checkpoint-Write,Smart-DynamicChunk,512.00,32,0.4187,14286.16,0.4187,1.0066,1.1468,1.1468,1.1468,0.00,12.46,0.01,0
2026-08-18T07:05:50Z,Orbax-Checkpoint-Write,Static-Fixed16MB,1024.00,8,1.5599,2931.49,1.5599,2.7945,2.7945,2.7945,2.7945,0.00,12.46,0.00,0
2026-08-18T07:05:51Z,Orbax-Checkpoint-Write,Smart-DynamicChunk,1024.00,8,0.8362,9796.95,0.8362,0.8362,0.8362,0.8362,0.8362,0.00,12.46,0.00,0
2026-08-18T07:05:54Z,Orbax-Checkpoint-Write,Static-Fixed16MB,1024.00,16,1.3596,5553.36,1.3596,2.7590,2.9503,2.9503,2.9503,0.00,12.46,0.00,0
2026-08-18T07:05:56Z,Orbax-Checkpoint-Write,Smart-DynamicChunk,1024.00,16,0.8368,10191.47,0.8368,1.5923,1.6076,1.6076,1.6076,0.00,12.46,0.00,0
2026-08-18T07:05:59Z,Orbax-Checkpoint-Write,Static-Fixed16MB,1024.00,32,1.5109,8876.02,1.5109,2.5228,3.6917,3.6917,3.6917,0.00,12.46,0.01,0
2026-08-18T07:06:01Z,Orbax-Checkpoint-Write,Smart-DynamicChunk,1024.00,32,0.8380,18400.66,0.8380,1.4626,1.7808,1.7808,1.7808,0.00,12.46,0.01,0
2026-08-18T07:06:01Z,DataLoader-Streaming,Static-NoPrefetch,4.00,1,0.1362,469.95,0.0085,0.0085,0.0085,0.1362,0.1362,35.25,77.85,64.03,1
2026-08-18T07:06:01Z,DataLoader-Streaming,Smart-Prefetch-Depth1,4.00,1,0.0959,667.64,0.0060,0.0060,0.0060,0.0959,0.0959,9.78,94.67,80.02,1
2026-08-18T07:06:01Z,DataLoader-Streaming,Smart-Prefetch-Depth2,4.00,1,0.0971,659.30,0.0061,0.0061,0.0061,0.0971,0.0971,9.71,170.81,88.01,1
2026-08-18T07:06:02Z,DataLoader-Streaming,Static-NoPrefetch,4.00,1,0.2968,215.66,0.0185,0.0185,0.0185,0.2968,0.2968,16.17,234.87,64.00,0
2026-08-18T07:06:02Z,DataLoader-Streaming,Smart-Prefetch-Depth1,4.00,1,0.2573,248.77,0.0161,0.0161,0.0161,0.2573,0.2573,3.47,298.95,80.01,1
2026-08-18T07:06:02Z,DataLoader-Streaming,Smart-Prefetch-Depth2,4.00,1,0.2573,248.76,0.0161,0.0161,0.0161,0.2573,0.2573,3.68,299.20,88.01,1
2026-08-18T07:06:03Z,DataLoader-Streaming,Static-NoPrefetch,4.00,1,0.5363,119.33,0.0335,0.0335,0.0335,0.5363,0.5363,8.95,299.20,64.00,0
2026-08-18T07:06:03Z,DataLoader-Streaming,Smart-Prefetch-Depth1,4.00,1,0.4959,129.05,0.0310,0.0310,0.0310,0.4959,0.4959,1.68,299.20,84.01,1
2026-08-18T07:06:04Z,DataLoader-Streaming,Smart-Prefetch-Depth2,4.00,1,0.4976,128.62,0.0311,0.0311,0.0311,0.4976,0.4976,1.80,299.20,88.01,1
2026-08-18T07:06:04Z,DataLoader-Streaming,Static-NoPrefetch,16.00,1,0.2482,1031.40,0.0155,0.0155,0.0155,0.2482,0.2482,64.46,555.47,256.01,1
2026-08-18T07:06:04Z,DataLoader-Streaming,Smart-Prefetch-Depth1,16.00,1,0.1934,1323.34,0.0121,0.0121,0.0121,0.1934,0.1934,55.22,811.74,304.02,1
2026-08-18T07:06:04Z,DataLoader-Streaming,Smart-Prefetch-Depth2,16.00,1,0.1202,2130.38,0.0075,0.0075,0.0075,0.1202,0.1202,25.46,811.74,336.01,1
2026-08-18T07:06:05Z,DataLoader-Streaming,Static-NoPrefetch,16.00,1,0.4074,628.35,0.0255,0.0255,0.0255,0.4074,0.4074,39.27,811.74,256.00,1
2026-08-18T07:06:05Z,DataLoader-Streaming,Smart-Prefetch-Depth1,16.00,1,0.2808,911.67,0.0176,0.0176,0.0176,0.2808,0.2808,10.19,811.74,352.01,1
2026-08-18T07:06:06Z,DataLoader-Streaming,Smart-Prefetch-Depth2,16.00,1,0.2798,914.99,0.0175,0.0175,0.0175,0.2798,0.2798,10.41,811.74,352.01,1
2026-08-18T07:06:06Z,DataLoader-Streaming,Static-NoPrefetch,16.00,1,0.6493,394.28,0.0406,0.0406,0.0406,0.6493,0.6493,24.64,1068.01,256.00,0
2026-08-18T07:06:07Z,DataLoader-Streaming,Smart-Prefetch-Depth1,16.00,1,0.5219,490.50,0.0326,0.0326,0.0326,0.5219,0.5219,5.66,1324.28,336.01,1
2026-08-18T07:06:07Z,DataLoader-Streaming,Smart-Prefetch-Depth2,16.00,1,0.5223,490.12,0.0326,0.0326,0.0326,0.5223,0.5223,5.71,1324.28,352.02,1
2026-08-18T07:06:08Z,DataLoader-Streaming,Static-NoPrefetch,64.00,1,0.7445,1375.48,0.0465,0.0465,0.0465,0.7445,0.7445,88.12,2349.35,1024.00,1
2026-08-18T07:06:09Z,DataLoader-Streaming,Smart-Prefetch-Depth1,64.00,1,0.7356,1391.98,0.0460,0.0460,0.0460,0.7356,0.7356,87.33,3374.42,1216.01,1
2026-08-18T07:06:09Z,DataLoader-Streaming,Smart-Prefetch-Depth2,64.00,1,0.4077,2511.46,0.0255,0.0255,0.0255,0.4077,0.4077,77.49,3374.42,1408.01,1
2026-08-18T07:06:10Z,DataLoader-Streaming,Static-NoPrefetch,64.00,1,0.9047,1131.81,0.0565,0.0565,0.0565,0.9047,0.9047,72.51,3374.42,1024.00,1
2026-08-18T07:06:11Z,DataLoader-Streaming,Smart-Prefetch-Depth1,64.00,1,0.7690,1331.56,0.0481,0.0481,0.0481,0.7690,0.7690,67.40,3374.42,1216.01,0
2026-08-18T07:06:12Z,DataLoader-Streaming,Smart-Prefetch-Depth2,64.00,1,0.4155,2464.28,0.0260,0.0260,0.0260,0.4155,0.4155,40.54,4399.50,1344.01,1
2026-08-18T07:06:13Z,DataLoader-Streaming,Static-NoPrefetch,64.00,1,1.1443,894.88,0.0715,0.0715,0.0715,1.1443,1.1443,57.33,4399.75,1024.01,1
2026-08-18T07:06:14Z,DataLoader-Streaming,Smart-Prefetch-Depth1,64.00,1,0.7805,1311.93,0.0488,0.0488,0.0488,0.7805,0.7805,37.48,4399.75,1216.01,1
2026-08-18T07:06:14Z,DataLoader-Streaming,Smart-Prefetch-Depth2,64.00,1,0.6067,1687.94,0.0379,0.0379,0.0379,0.6067,0.6067,18.06,4399.75,1344.01,1
2026-08-18T07:06:15Z,Columnar-Parquet-Scan,Static-OnDemand,128.00,1,0.3309,120.89,0.3309,0.3309,0.3309,0.3309,0.3309,0.00,4399.75,128.00,0
2026-08-18T07:06:15Z,Columnar-Parquet-Scan,Smart-RangePrefetch,128.00,1,0.3418,117.02,0.3418,0.3418,0.3418,0.3418,0.3418,0.00,4399.75,189.05,0
2026-08-18T07:06:15Z,Columnar-Parquet-Scan,Static-OnDemand,512.00,1,0.3303,121.11,0.3303,0.3303,0.3303,0.3303,0.3303,0.00,4399.75,512.00,1
2026-08-18T07:06:16Z,Columnar-Parquet-Scan,Smart-RangePrefetch,512.00,1,0.3439,116.31,0.3439,0.3439,0.3439,0.3439,0.3439,0.00,4399.75,568.05,0
2026-08-18T07:06:16Z,Memory-Guardrail-Soak,Unbounded-Alloc,4.00,100,0.2458,32543.76,0.2458,0.2458,0.2458,0.2458,0.2458,0.00,4401.32,8000.13,27
2026-08-18T07:06:16Z,Memory-Guardrail-Soak,MemoryGuardrail-SlabPool,4.00,100,0.0518,44373.61,0.0518,0.0518,0.0518,0.0518,0.0518,0.00,4401.32,72.09,2
2026-08-18T07:06:17Z,Orbax-Checkpoint-Write,Static-Fixed16MB,64.00,8,0.0534,962.98,0.0534,0.5316,0.5316,0.5316,0.5317,0.00,4401.32,0.00,0
2026-08-18T07:06:17Z,Orbax-Checkpoint-Write,Smart-DynamicChunk,64.00,8,0.0526,735.20,0.0526,0.6963,0.6963,0.6963,0.6964,0.00,4401.32,0.00,0
2026-08-18T07:06:18Z,Orbax-Checkpoint-Write,Static-Fixed16MB,64.00,16,0.0530,1809.45,0.0530,0.0531,0.5659,0.5659,0.5659,0.00,4401.32,0.00,0
2026-08-18T07:06:18Z,Orbax-Checkpoint-Write,Smart-DynamicChunk,64.00,16,0.0525,19481.69,0.0525,0.0525,0.0525,0.0525,0.0526,0.00,4401.32,0.00,0
2026-08-18T07:06:19Z,Orbax-Checkpoint-Write,Static-Fixed16MB,64.00,32,0.0532,1635.08,0.0532,0.4879,1.2525,1.2525,1.2525,0.00,4401.32,0.01,0
2026-08-18T07:06:19Z,Orbax-Checkpoint-Write,Smart-DynamicChunk,64.00,32,0.0525,38966.01,0.0525,0.0525,0.0525,0.0525,0.0526,0.00,4401.32,0.01,0
2026-08-18T07:06:21Z,Orbax-Checkpoint-Write,Static-Fixed16MB,256.00,8,0.8534,1305.47,0.8534,1.5688,1.5688,1.5688,1.5688,0.00,4401.32,0.00,0
2026-08-18T07:06:22Z,Orbax-Checkpoint-Write,Smart-DynamicChunk,256.00,8,0.2095,2149.28,0.2095,0.9528,0.9528,0.9528,0.9529,0.00,4401.32,0.00,0
2026-08-18T07:06:23Z,Orbax-Checkpoint-Write,Static-Fixed16MB,256.00,16,0.2125,2676.24,0.2125,0.9538,1.5304,1.5304,1.5305,0.00,4401.32,0.00,0
2026-08-18T07:06:24Z,Orbax-Checkpoint-Write,Smart-DynamicChunk,256.00,16,0.2096,4255.15,0.2096,0.8043,0.9626,0.9626,0.9626,0.00,4401.32,0.00,0
2026-08-18T07:06:25Z,Orbax-Checkpoint-Write,Static-Fixed16MB,256.00,32,0.2135,8370.02,0.2135,0.7427,0.9787,0.9787,0.9787,0.00,4401.32,0.01,0
2026-08-18T07:06:26Z,Orbax-Checkpoint-Write,Smart-DynamicChunk,256.00,32,0.2096,11093.59,0.2096,0.2096,0.7384,0.7384,0.7384,0.00,4401.32,0.01,0
2026-08-18T07:06:27Z,Orbax-Checkpoint-Write,Static-Fixed16MB,512.00,8,0.4272,3494.79,0.4272,1.1720,1.1720,1.1720,1.1720,0.00,4401.32,0.00,0
2026-08-18T07:06:28Z,Orbax-Checkpoint-Write,Smart-DynamicChunk,512.00,8,0.4188,3903.29,0.4188,1.0493,1.0493,1.0493,1.0494,0.00,4401.32,0.00,0
2026-08-18T07:06:30Z,Orbax-Checkpoint-Write,Static-Fixed16MB,512.00,16,0.4257,5874.58,0.4257,1.1451,1.3944,1.3944,1.3945,0.00,4401.32,0.00,0
2026-08-18T07:06:30Z,Orbax-Checkpoint-Write,Smart-DynamicChunk,512.00,16,0.4183,9473.47,0.4183,0.7463,0.8647,0.8647,0.8647,0.00,4401.32,0.00,0
2026-08-18T07:06:32Z,Orbax-Checkpoint-Write,Static-Fixed16MB,512.00,32,0.4283,10101.01,0.4283,1.1873,1.6220,1.6220,1.6220,0.00,4401.32,0.01,0
2026-08-18T07:06:33Z,Orbax-Checkpoint-Write,Smart-DynamicChunk,512.00,32,0.4191,15396.31,0.4191,0.9335,1.0641,1.0641,1.0642,0.00,4401.32,0.01,0
2026-08-18T07:06:36Z,Orbax-Checkpoint-Write,Static-Fixed16MB,1024.00,8,1.5859,2759.83,1.5859,2.9682,2.9682,2.9682,2.9683,0.00,4401.32,0.00,0
2026-08-18T07:06:38Z,Orbax-Checkpoint-Write,Smart-DynamicChunk,1024.00,8,0.8374,3994.60,0.8374,2.0507,2.0507,2.0507,2.0508,0.00,4401.32,0.00,0
2026-08-18T07:06:41Z,Orbax-Checkpoint-Write,Static-Fixed16MB,1024.00,16,1.3295,7105.55,1.3295,2.2922,2.3058,2.3058,2.3058,0.00,4401.32,0.00,0
2026-08-18T07:06:42Z,Orbax-Checkpoint-Write,Smart-DynamicChunk,1024.00,16,0.8378,9886.76,0.8378,1.5472,1.6571,1.6571,1.6572,0.00,4401.32,0.00,0
2026-08-18T07:06:45Z,Orbax-Checkpoint-Write,Static-Fixed16MB,1024.00,32,1.4470,13365.25,1.4470,2.2139,2.4517,2.4517,2.4517,0.00,4401.32,0.01,0
2026-08-18T07:06:46Z,Orbax-Checkpoint-Write,Smart-DynamicChunk,1024.00,32,0.8388,23103.32,0.8388,1.2969,1.4183,1.4183,1.4183,0.00,4401.32,0.01,0
2026-08-18T07:06:46Z,DataLoader-Streaming,Static-NoPrefetch,4.00,1,0.1366,468.51,0.0085,0.0085,0.0085,0.1366,0.1366,35.14,4401.32,64.00,1
2026-08-18T07:06:46Z,DataLoader-Streaming,Smart-Prefetch-Depth1,4.00,1,0.0944,678.03,0.0059,0.0059,0.0059,0.0944,0.0944,9.69,4401.32,80.01,0
2026-08-18T07:06:46Z,DataLoader-Streaming,Smart-Prefetch-Depth2,4.00,1,0.0962,665.42,0.0060,0.0060,0.0060,0.0962,0.0962,8.71,4401.32,84.01,1
2026-08-18T07:06:47Z,DataLoader-Streaming,Static-NoPrefetch,4.00,1,0.2974,215.22,0.0186,0.0186,0.0186,0.2974,0.2974,16.14,4401.32,64.00,1
2026-08-18T07:06:47Z,DataLoader-Streaming,Smart-Prefetch-Depth1,4.00,1,0.2591,247.02,0.0162,0.0162,0.0162,0.2591,0.2591,3.67,4401.32,84.01,1
2026-08-18T07:06:47Z,DataLoader-Streaming,Smart-Prefetch-Depth2,4.00,1,0.2563,249.72,0.0160,0.0160,0.0160,0.2563,0.2563,3.42,4401.32,84.01,1
2026-08-18T07:06:48Z,DataLoader-Streaming,Static-NoPrefetch,4.00,1,0.5374,119.08,0.0336,0.0336,0.0336,0.5374,0.5374,8.93,4401.32,64.00,1
2026-08-18T07:06:48Z,DataLoader-Streaming,Smart-Prefetch-Depth1,4.00,1,0.4973,128.69,0.0311,0.0311,0.0311,0.4973,0.4973,1.86,4401.32,84.01,1
2026-08-18T07:06:49Z,DataLoader-Streaming,Smart-Prefetch-Depth2,4.00,1,0.4980,128.51,0.0311,0.0311,0.0311,0.4980,0.4980,2.19,4401.32,88.01,1
2026-08-18T07:06:49Z,DataLoader-Streaming,Static-NoPrefetch,16.00,1,0.2494,1026.63,0.0156,0.0156,0.0156,0.2494,0.2494,64.16,4401.32,256.00,1
2026-08-18T07:06:49Z,DataLoader-Streaming,Smart-Prefetch-Depth1,16.00,1,0.1998,1281.45,0.0125,0.0125,0.0125,0.1998,0.1998,56.78,4401.32,304.01,1
2026-08-18T07:06:49Z,DataLoader-Streaming,Smart-Prefetch-Depth2,16.00,1,0.1184,2162.44,0.0074,0.0074,0.0074,0.1184,0.1184,25.10,4401.32,352.01,1
2026-08-18T07:06:50Z,DataLoader-Streaming,Static-NoPrefetch,16.00,1,0.4093,625.51,0.0256,0.0256,0.0256,0.4093,0.4093,39.09,4401.32,256.00,1
2026-08-18T07:06:50Z,DataLoader-Streaming,Smart-Prefetch-Depth1,16.00,1,0.2806,912.41,0.0175,0.0175,0.0175,0.2806,0.2806,10.49,4401.32,336.01,1
2026-08-18T07:06:50Z,DataLoader-Streaming,Smart-Prefetch-Depth2,16.00,1,0.2815,909.38,0.0176,0.0176,0.0176,0.2815,0.2815,10.27,4401.32,352.01,1
2026-08-18T07:06:51Z,DataLoader-Streaming,Static-NoPrefetch,16.00,1,0.6491,394.41,0.0406,0.0406,0.0406,0.6491,0.6491,24.65,4401.32,256.00,1
2026-08-18T07:06:52Z,DataLoader-Streaming,Smart-Prefetch-Depth1,16.00,1,0.5231,489.36,0.0327,0.0327,0.0327,0.5231,0.5231,5.80,4401.32,336.01,1
2026-08-18T07:06:52Z,DataLoader-Streaming,Smart-Prefetch-Depth2,16.00,1,0.5230,489.44,0.0327,0.0327,0.0327,0.5230,0.5230,5.91,4401.32,368.01,1
2026-08-18T07:06:53Z,DataLoader-Streaming,Static-NoPrefetch,64.00,1,0.7446,1375.16,0.0465,0.0465,0.0465,0.7446,0.7446,88.10,4401.32,1024.00,1
2026-08-18T07:06:54Z,DataLoader-Streaming,Smart-Prefetch-Depth1,64.00,1,0.7667,1335.56,0.0479,0.0479,0.0479,0.7667,0.7667,88.06,4401.32,1216.01,1
2026-08-18T07:06:54Z,DataLoader-Streaming,Smart-Prefetch-Depth2,64.00,1,0.4040,2534.35,0.0253,0.0253,0.0253,0.4040,0.4040,76.91,4401.32,1344.01,1
2026-08-18T07:06:55Z,DataLoader-Streaming,Static-NoPrefetch,64.00,1,0.9046,1131.95,0.0565,0.0565,0.0565,0.9046,0.9046,72.52,4401.32,1024.00,0
2026-08-18T07:06:56Z,DataLoader-Streaming,Smart-Prefetch-Depth1,64.00,1,0.7605,1346.43,0.0475,0.0475,0.0475,0.7605,0.7605,67.13,4401.32,1216.01,1
2026-08-18T07:06:57Z,DataLoader-Streaming,Smart-Prefetch-Depth2,64.00,1,0.4384,2335.97,0.0274,0.0274,0.0274,0.4384,0.4384,43.36,4401.32,1408.01,1
2026-08-18T07:06:58Z,DataLoader-Streaming,Static-NoPrefetch,64.00,1,1.1439,895.18,0.0715,0.0715,0.0715,1.1439,1.1439,57.35,4401.32,1024.00,1
2026-08-18T07:06:59Z,DataLoader-Streaming,Smart-Prefetch-Depth1,64.00,1,0.7796,1313.51,0.0487,0.0487,0.0487,0.7796,0.7796,37.08,4401.32,1216.01,0
2026-08-18T07:07:00Z,DataLoader-Streaming,Smart-Prefetch-Depth2,64.00,1,0.6158,1662.87,0.0385,0.0385,0.0385,0.6158,0.6158,19.34,4401.32,1408.01,1
2026-08-18T07:07:00Z,Columnar-Parquet-Scan,Static-OnDemand,128.00,1,0.3302,121.13,0.3302,0.3302,0.3302,0.3302,0.3302,0.00,4401.32,128.00,0
2026-08-18T07:07:00Z,Columnar-Parquet-Scan,Smart-RangePrefetch,128.00,1,0.3818,104.77,0.3818,0.3818,0.3818,0.3818,0.3818,0.00,4401.32,175.05,0
2026-08-18T07:07:01Z,Columnar-Parquet-Scan,Static-OnDemand,512.00,1,0.3333,120.00,0.3333,0.3333,0.3333,0.3333,0.3333,0.00,4401.32,512.00,1
2026-08-18T07:07:01Z,Columnar-Parquet-Scan,Smart-RangePrefetch,512.00,1,0.3441,116.24,0.3441,0.3441,0.3441,0.3441,0.3441,0.00,4401.32,563.05,0
2026-08-18T07:07:01Z,Memory-Guardrail-Soak,Unbounded-Alloc,4.00,100,0.2848,28085.35,0.2848,0.2848,0.2848,0.2848,0.2848,0.00,4401.35,8000.03,52
2026-08-18T07:07:02Z,Memory-Guardrail-Soak,MemoryGuardrail-SlabPool,4.00,100,0.0498,42129.16,0.0498,0.0498,0.0498,0.0498,0.0498,0.00,4401.35,72.09,2
2026-08-18T07:07:02Z,Orbax-Checkpoint-Write,Static-Fixed16MB,64.00,8,0.0540,1017.84,0.0540,0.5030,0.5030,0.5030,0.5030,0.00,4401.35,0.00,0
2026-08-18T07:07:02Z,Orbax-Checkpoint-Write,Smart-DynamicChunk,64.00,8,0.0527,9709.32,0.0527,0.0527,0.0527,0.0527,0.0527,0.00,4401.35,0.00,0
2026-08-18T07:07:02Z,Orbax-Checkpoint-Write,Static-Fixed16MB,64.00,16,0.0534,2716.19,0.0534,0.0534,0.3770,0.3770,0.3770,0.00,4401.35,0.00,0
2026-08-18T07:07:03Z,Orbax-Checkpoint-Write,Smart-DynamicChunk,64.00,16,0.0526,1527.35,0.0526,0.4645,0.6704,0.6704,0.6704,0.00,4401.35,0.00,0
2026-08-18T07:07:04Z,Orbax-Checkpoint-Write,Static-Fixed16MB,64.00,32,0.0531,2485.74,0.0531,0.6754,0.8238,0.8238,0.8239,0.00,4401.35,0.01,0
2026-08-18T07:07:05Z,Orbax-Checkpoint-Write,Smart-DynamicChunk,64.00,32,0.0527,3499.44,0.0527,0.0527,0.5852,0.5852,0.5852,0.00,4401.35,0.01,0
2026-08-18T07:07:06Z,Orbax-Checkpoint-Write,Static-Fixed16MB,256.00,8,0.2124,1660.45,0.2124,1.2334,1.2334,1.2334,1.2334,0.00,4401.35,0.00,0
2026-08-18T07:07:06Z,Orbax-Checkpoint-Write,Smart-DynamicChunk,256.00,8,0.2093,9780.71,0.2093,0.2094,0.2094,0.2094,0.2094,0.00,4401.35,0.00,0
2026-08-18T07:07:07Z,Orbax-Checkpoint-Write,Static-Fixed16MB,256.00,16,0.2122,4076.32,0.2122,0.9925,1.0048,1.0048,1.0048,0.00,4401.35,0.00,0
2026-08-18T07:07:08Z,Orbax-Checkpoint-Write,Smart-DynamicChunk,256.00,16,0.2095,4250.31,0.2095,0.8873,0.9637,0.9637,0.9637,0.00,4401.35,0.00,0
2026-08-18T07:07:10Z,Orbax-Checkpoint-Write,Static-Fixed16MB,256.00,32,0.2126,4670.37,0.2126,0.8827,1.7540,1.7540,1.7540,0.00,4401.35,0.01,0
2026-08-18T07:07:11Z,Orbax-Checkpoint-Write,Smart-DynamicChunk,256.00,32,0.2095,5850.76,0.2095,0.7887,1.4001,1.4001,1.4002,0.00,4401.35,0.01,0
2026-08-18T07:07:12Z,Orbax-Checkpoint-Write,Static-Fixed16MB,512.00,8,0.8678,4067.67,0.8678,1.0069,1.0069,1.0069,1.0070,0.00,4401.35,0.00,0
2026-08-18T07:07:13Z,Orbax-Checkpoint-Write,Smart-DynamicChunk,512.00,8,0.4185,3634.01,0.4185,1.1271,1.1271,1.1271,1.1271,0.00,4401.35,0.00,0
2026-08-18T07:07:16Z,Orbax-Checkpoint-Write,Static-Fixed16MB,512.00,16,0.4254,3394.89,0.4254,1.6594,2.4130,2.4130,2.4130,0.00,4401.35,0.00,0
2026-08-18T07:07:18Z,Orbax-Checkpoint-Write,Smart-DynamicChunk,512.00,16,0.4188,4371.08,0.4188,1.1317,1.8741,1.8741,1.8741,0.00,4401.35,0.00,0
2026-08-18T07:07:20Z,Orbax-Checkpoint-Write,Static-Fixed16MB,512.00,32,0.4255,7181.93,0.4255,1.5958,2.2812,2.2812,2.2813,0.00,4401.35,0.01,0
2026-08-18T07:07:21Z,Orbax-Checkpoint-Write,Smart-DynamicChunk,512.00,32,0.4185,20108.99,0.4185,0.4185,0.8147,0.8147,0.8148,0.00,4401.35,0.01,0
2026-08-18T07:07:23Z,Orbax-Checkpoint-Write,Static-Fixed16MB,1024.00,8,2.1349,3069.23,2.1349,2.6690,2.6690,2.6690,2.6691,0.00,4401.35,0.00,0
2026-08-18T07:07:25Z,Orbax-Checkpoint-Write,Smart-DynamicChunk,1024.00,8,0.8394,3763.11,0.8394,2.1769,2.1769,2.1769,2.1769,0.00,4401.35,0.00,0
2026-08-18T07:07:28Z,Orbax-Checkpoint-Write,Static-Fixed16MB,1024.00,16,1.6621,6321.30,1.6621,2.3299,2.5918,2.5918,2.5919,0.00,4401.35,0.00,0
2026-08-18T07:07:32Z,Orbax-Checkpoint-Write,Smart-DynamicChunk,1024.00,16,0.8385,4146.87,0.8385,1.4888,3.9509,3.9509,3.9509,0.00,4401.35,0.00,0
2026-08-18T07:07:35Z,Orbax-Checkpoint-Write,Static-Fixed16MB,1024.00,32,1.3412,12984.52,1.3412,1.9483,2.5236,2.5236,2.5236,0.00,4401.35,0.01,0
2026-08-18T07:07:36Z,Orbax-Checkpoint-Write,Smart-DynamicChunk,1024.00,32,0.8380,20054.82,0.8380,1.4938,1.6338,1.6338,1.6339,0.00,4401.35,0.01,0
2026-08-18T07:07:36Z,DataLoader-Streaming,Static-NoPrefetch,4.00,1,0.1354,472.84,0.0085,0.0085,0.0085,0.1354,0.1354,35.46,4401.35,64.00,1
2026-08-18T07:07:36Z,DataLoader-Streaming,Smart-Prefetch-Depth1,4.00,1,0.0946,676.36,0.0059,0.0059,0.0059,0.0946,0.0946,8.96,4401.35,80.01,0
2026-08-18T07:07:37Z,DataLoader-Streaming,Smart-Prefetch-Depth2,4.00,1,0.0960,666.32,0.0060,0.0060,0.0060,0.0960,0.0960,9.21,4401.35,88.01,1
2026-08-18T07:07:37Z,DataLoader-Streaming,Static-NoPrefetch,4.00,1,0.2965,215.84,0.0185,0.0185,0.0185,0.2965,0.2965,16.19,4401.35,64.00,1
2026-08-18T07:07:37Z,DataLoader-Streaming,Smart-Prefetch-Depth1,4.00,1,0.2579,248.16,0.0161,0.0161,0.0161,0.2579,0.2579,3.43,4401.35,84.01,1
2026-08-18T07:07:37Z,DataLoader-Streaming,Smart-Prefetch-Depth2,4.00,1,0.2577,248.35,0.0161,0.0161,0.0161,0.2577,0.2577,3.78,4401.35,84.01,1
2026-08-18T07:07:38Z,DataLoader-Streaming,Static-NoPrefetch,4.00,1,0.5370,119.17,0.0336,0.0336,0.0336,0.5370,0.5370,8.94,4401.35,64.00,1
2026-08-18T07:07:38Z,DataLoader-Streaming,Smart-Prefetch-Depth1,4.00,1,0.4984,128.40,0.0312,0.0312,0.0312,0.4984,0.4984,1.85,4401.35,84.01,1
2026-08-18T07:07:39Z,DataLoader-Streaming,Smart-Prefetch-Depth2,4.00,1,0.4982,128.47,0.0311,0.0311,0.0311,0.4982,0.4982,1.96,4401.35,88.01,1
2026-08-18T07:07:39Z,DataLoader-Streaming,Static-NoPrefetch,16.00,1,0.2485,1030.38,0.0155,0.0155,0.0155,0.2485,0.2485,64.40,4401.35,256.00,1
2026-08-18T07:07:39Z,DataLoader-Streaming,Smart-Prefetch-Depth1,16.00,1,0.1966,1301.83,0.0123,0.0123,0.0123,0.1966,0.1966,56.14,4401.35,304.01,1
2026-08-18T07:07:40Z,DataLoader-Streaming,Smart-Prefetch-Depth2,16.00,1,0.1232,2078.47,0.0077,0.0077,0.0077,0.1232,0.1232,25.12,4401.35,352.01,1
2026-08-18T07:07:40Z,DataLoader-Streaming,Static-NoPrefetch,16.00,1,0.4085,626.73,0.0255,0.0255,0.0255,0.4085,0.4085,39.17,4401.35,256.00,1
2026-08-18T07:07:40Z,DataLoader-Streaming,Smart-Prefetch-Depth1,16.00,1,0.2833,903.78,0.0177,0.0177,0.0177,0.2833,0.2833,10.93,4401.35,336.01,1
2026-08-18T07:07:41Z,DataLoader-Streaming,Smart-Prefetch-Depth2,16.00,1,0.2824,906.59,0.0176,0.0176,0.0176,0.2824,0.2824,10.66,4401.35,352.01,1
2026-08-18T07:07:41Z,DataLoader-Streaming,Static-NoPrefetch,16.00,1,0.6483,394.88,0.0405,0.0405,0.0405,0.6483,0.6483,24.68,4401.35,256.00,1
2026-08-18T07:07:42Z,DataLoader-Streaming,Smart-Prefetch-Depth1,16.00,1,0.5221,490.30,0.0326,0.0326,0.0326,0.5221,0.5221,5.96,4401.35,336.01,1
2026-08-18T07:07:42Z,DataLoader-Streaming,Smart-Prefetch-Depth2,16.00,1,0.5207,491.62,0.0325,0.0325,0.0325,0.5207,0.5207,5.49,4401.35,368.01,1
2026-08-18T07:07:43Z,DataLoader-Streaming,Static-NoPrefetch,64.00,1,0.7441,1376.14,0.0465,0.0465,0.0465,0.7441,0.7441,88.16,4401.35,1024.00,1
2026-08-18T07:07:44Z,DataLoader-Streaming,Smart-Prefetch-Depth1,64.00,1,0.7388,1386.07,0.0462,0.0462,0.0462,0.7388,0.7388,87.65,4401.35,1280.01,1
2026-08-18T07:07:44Z,DataLoader-Streaming,Smart-Prefetch-Depth2,64.00,1,0.4047,2530.18,0.0253,0.0253,0.0253,0.4047,0.4047,77.56,4401.35,1408.01,1
2026-08-18T07:07:45Z,DataLoader-Streaming,Static-NoPrefetch,64.00,1,0.9042,1132.47,0.0565,0.0565,0.0565,0.9042,0.9042,72.55,4401.35,1024.00,1
2026-08-18T07:07:46Z,DataLoader-Streaming,Smart-Prefetch-Depth1,64.00,1,0.7656,1337.51,0.0478,0.0478,0.0478,0.7656,0.7656,67.31,4401.35,1216.01,0
2026-08-18T07:07:47Z,DataLoader-Streaming,Smart-Prefetch-Depth2,64.00,1,0.4299,2381.89,0.0269,0.0269,0.0269,0.4299,0.4299,41.06,4401.35,1408.01,1
2026-08-18T07:07:48Z,DataLoader-Streaming,Static-NoPrefetch,64.00,1,1.1447,894.54,0.0715,0.0715,0.0715,1.1447,1.1447,57.31,4401.35,1024.00,1
2026-08-18T07:07:49Z,DataLoader-Streaming,Smart-Prefetch-Depth1,64.00,1,0.7738,1323.37,0.0484,0.0484,0.0484,0.7738,0.7738,36.62,4401.35,1216.01,0
2026-08-18T07:07:49Z,DataLoader-Streaming,Smart-Prefetch-Depth2,64.00,1,0.6072,1686.51,0.0379,0.0379,0.0379,0.6072,0.6072,18.12,4401.35,1344.01,1
2026-08-18T07:07:50Z,Columnar-Parquet-Scan,Static-OnDemand,128.00,1,0.3309,120.87,0.3309,0.3309,0.3309,0.3309,0.3309,0.00,4401.35,128.00,0
2026-08-18T07:07:50Z,Columnar-Parquet-Scan,Smart-RangePrefetch,128.00,1,0.3434,116.50,0.3434,0.3434,0.3434,0.3434,0.3434,0.00,4401.35,177.05,0
2026-08-18T07:07:51Z,Columnar-Parquet-Scan,Static-OnDemand,512.00,1,0.3304,121.07,0.3304,0.3304,0.3304,0.3304,0.3304,0.00,4401.35,512.00,0
2026-08-18T07:07:51Z,Columnar-Parquet-Scan,Smart-RangePrefetch,512.00,1,0.3451,115.92,0.3451,0.3451,0.3451,0.3451,0.3451,0.00,4401.35,567.05,1
2026-08-18T07:07:51Z,Memory-Guardrail-Soak,Unbounded-Alloc,4.00,100,0.2483,32220.25,0.2483,0.2483,0.2483,0.2483,0.2483,0.00,4401.35,8000.05,39
2026-08-18T07:07:51Z,Memory-Guardrail-Soak,MemoryGuardrail-SlabPool,4.00,100,0.0488,46124.77,0.0488,0.0488,0.0488,0.0488,0.0488,0.00,4401.35,72.09,2
2026-08-18T07:07:51Z,Orbax-Checkpoint-Write,Static-Fixed16MB,64.00,8,0.0549,9321.40,0.0549,0.0549,0.0549,0.0549,0.0549,0.00,4401.35,0.00,0
2026-08-18T07:07:51Z,Orbax-Checkpoint-Write,Smart-DynamicChunk,64.00,8,0.0525,9739.17,0.0525,0.0526,0.0526,0.0526,0.0526,0.00,4401.35,0.00,0
2026-08-18T07:07:51Z,Orbax-Checkpoint-Write,Static-Fixed16MB,64.00,16,0.0531,19237.16,0.0531,0.0532,0.0532,0.0532,0.0532,0.00,4401.35,0.00,0
2026-08-18T07:07:51Z,Orbax-Checkpoint-Write,Smart-DynamicChunk,64.00,16,0.0525,19452.76,0.0525,0.0525,0.0526,0.0526,0.0526,0.00,4401.35,0.00,0
2026-08-18T07:07:52Z,Orbax-Checkpoint-Write,Static-Fixed16MB,64.00,32,0.0532,3539.26,0.0532,0.0532,0.5786,0.5786,0.5787,0.00,4401.35,0.01,0
2026-08-18T07:07:52Z,Orbax-Checkpoint-Write,Smart-DynamicChunk,64.00,32,0.0527,4265.11,0.0527,0.0527,0.4801,0.4801,0.4802,0.00,4401.35,0.01,0
2026-08-18T07:07:53Z,Orbax-Checkpoint-Write,Static-Fixed16MB,256.00,8,0.2131,9610.32,0.2131,0.2131,0.2131,0.2131,0.2131,0.00,4401.35,0.00,0
2026-08-18T07:07:53Z,Orbax-Checkpoint-Write,Smart-DynamicChunk,256.00,8,0.2096,2648.76,0.2096,0.7732,0.7732,0.7732,0.7732,0.00,4401.35,0.00,0
2026-08-18T07:07:54Z,Orbax-Checkpoint-Write,Static-Fixed16MB,256.00,16,0.2132,4224.52,0.2132,0.8898,0.9695,0.9695,0.9696,0.00,4401.35,0.00,0
2026-08-18T07:07:55Z,Orbax-Checkpoint-Write,Smart-DynamicChunk,256.00,16,0.2095,4077.55,0.2095,0.7551,1.0045,1.0045,1.0045,0.00,4401.35,0.00,0
2026-08-18T07:07:57Z,Orbax-Checkpoint-Write,Static-Fixed16MB,256.00,32,0.2139,6813.02,0.2139,0.7590,1.2023,1.2023,1.2024,0.00,4401.35,0.01,0
2026-08-18T07:07:57Z,Orbax-Checkpoint-Write,Smart-DynamicChunk,256.00,32,0.2097,11263.98,0.2097,0.2097,0.7272,0.7272,0.7273,0.00,4401.35,0.01,0
2026-08-18T07:07:59Z,Orbax-Checkpoint-Write,Static-Fixed16MB,512.00,8,0.4251,2933.62,0.4251,1.3962,1.3962,1.3962,1.3962,0.00,4401.35,0.00,0
2026-08-18T07:08:00Z,Orbax-Checkpoint-Write,Smart-DynamicChunk,512.00,8,0.7718,3093.64,0.7718,1.3240,1.3240,1.3240,1.3240,0.00,4401.35,0.00,0
2026-08-18T07:08:02Z,Orbax-Checkpoint-Write,Static-Fixed16MB,512.00,16,0.4250,5826.62,0.4250,1.2694,1.4059,1.4059,1.4060,0.00,4401.35,0.00,0
2026-08-18T07:08:02Z,Orbax-Checkpoint-Write,Smart-DynamicChunk,512.00,16,0.4187,19560.31,0.4187,0.4187,0.4188,0.4188,0.4188,0.00,4401.35,0.00,0
2026-08-18T07:08:04Z,Orbax-Checkpoint-Write,Static-Fixed16MB,512.00,32,0.7606,8686.43,0.7606,1.2986,1.8861,1.8861,1.8862,0.00,4401.35,0.01,0
2026-08-18T07:08:05Z,Orbax-Checkpoint-Write,Smart-DynamicChunk,512.00,32,0.4186,10743.08,0.4186,1.0288,1.5250,1.5250,1.5251,0.00,4401.35,0.01,0
2026-08-18T07:08:07Z,Orbax-Checkpoint-Write,Static-Fixed16MB,1024.00,8,1.1781,4347.82,1.1781,1.8841,1.8841,1.8841,1.8842,0.00,4401.35,0.00,0
2026-08-18T07:08:09Z,Orbax-Checkpoint-Write,Smart-DynamicChunk,1024.00,8,0.8366,5421.93,0.8366,1.5109,1.5109,1.5109,1.5109,0.00,4401.35,0.00,0
2026-08-18T07:08:12Z,Orbax-Checkpoint-Write,Static-Fixed16MB,1024.00,16,1.5924,4868.89,1.5924,2.9403,3.3650,3.3650,3.3650,0.00,4401.35,0.00,0
2026-08-18T07:08:15Z,Orbax-Checkpoint-Write,Smart-DynamicChunk,1024.00,16,0.8376,6482.85,0.8376,2.1427,2.5272,2.5272,2.5273,0.00,4401.35,0.00,0
2026-08-18T07:08:18Z,Orbax-Checkpoint-Write,Static-Fixed16MB,1024.00,32,1.2643,11081.48,1.2643,2.2153,2.9569,2.9569,2.9570,0.00,4401.35,0.01,0
2026-08-18T07:08:20Z,Orbax-Checkpoint-Write,Smart-DynamicChunk,1024.00,32,0.8408,16017.73,0.8408,1.5669,2.0457,2.0457,2.0457,0.00,4401.35,0.01,0
2026-08-18T07:08:20Z,DataLoader-Streaming,Static-NoPrefetch,4.00,1,0.1356,472.00,0.0085,0.0085,0.0085,0.1356,0.1356,35.40,4401.35,64.00,1
2026-08-18T07:08:20Z,DataLoader-Streaming,Smart-Prefetch-Depth1,4.00,1,0.0959,667.66,0.0060,0.0060,0.0060,0.0959,0.0959,9.09,4401.35,80.01,0
2026-08-18T07:08:20Z,DataLoader-Streaming,Smart-Prefetch-Depth2,4.00,1,0.0963,664.33,0.0060,0.0060,0.0060,0.0963,0.0963,9.03,4401.35,88.01,1
2026-08-18T07:08:20Z,DataLoader-Streaming,Static-NoPrefetch,4.00,1,0.2958,216.34,0.0185,0.0185,0.0185,0.2958,0.2958,16.23,4401.35,64.00,1
2026-08-18T07:08:21Z,DataLoader-Streaming,Smart-Prefetch-Depth1,4.00,1,0.2579,248.18,0.0161,0.0161,0.0161,0.2579,0.2579,3.65,4401.35,84.01,1
2026-08-18T07:08:21Z,DataLoader-Streaming,Smart-Prefetch-Depth2,4.00,1,0.2563,249.67,0.0160,0.0160,0.0160,0.2563,0.2563,4.06,4401.35,84.01,1
2026-08-18T07:08:21Z,DataLoader-Streaming,Static-NoPrefetch,4.00,1,0.5360,119.41,0.0335,0.0335,0.0335,0.5360,0.5360,8.96,4401.35,64.00,1
2026-08-18T07:08:22Z,DataLoader-Streaming,Smart-Prefetch-Depth1,4.00,1,0.4971,128.74,0.0311,0.0311,0.0311,0.4971,0.4971,1.85,4401.35,80.01,1
2026-08-18T07:08:22Z,DataLoader-Streaming,Smart-Prefetch-Depth2,4.00,1,0.4959,129.07,0.0310,0.0310,0.0310,0.4959,0.4959,1.85,4401.35,88.01,1
2026-08-18T07:08:23Z,DataLoader-Streaming,Static-NoPrefetch,16.00,1,0.2495,1025.87,0.0156,0.0156,0.0156,0.2495,0.2495,64.12,4401.35,256.00,1
2026-08-18T07:08:23Z,DataLoader-Streaming,Smart-Prefetch-Depth1,16.00,1,0.1991,1285.96,0.0124,0.0124,0.0124,0.1991,0.1991,56.61,4401.35,304.01,1
2026-08-18T07:08:23Z,DataLoader-Streaming,Smart-Prefetch-Depth2,16.00,1,0.1171,2186.31,0.0073,0.0073,0.0073,0.1171,0.1171,24.65,4401.35,336.01,1
2026-08-18T07:08:23Z,DataLoader-Streaming,Static-NoPrefetch,16.00,1,0.4081,627.34,0.0255,0.0255,0.0255,0.4081,0.4081,39.21,4401.35,256.00,1
2026-08-18T07:08:24Z,DataLoader-Streaming,Smart-Prefetch-Depth1,16.00,1,0.2853,897.44,0.0178,0.0178,0.0178,0.2853,0.2853,12.10,4401.35,336.01,1
2026-08-18T07:08:24Z,DataLoader-Streaming,Smart-Prefetch-Depth2,16.00,1,0.2827,905.54,0.0177,0.0177,0.0177,0.2827,0.2827,11.02,4401.35,352.01,1
2026-08-18T07:08:25Z,DataLoader-Streaming,Static-NoPrefetch,16.00,1,0.6480,395.07,0.0405,0.0405,0.0405,0.6480,0.6480,24.69,4401.35,256.00,1
2026-08-18T07:08:25Z,DataLoader-Streaming,Smart-Prefetch-Depth1,16.00,1,0.5214,490.99,0.0326,0.0326,0.0326,0.5214,0.5214,5.71,4401.35,320.01,1
2026-08-18T07:08:26Z,DataLoader-Streaming,Smart-Prefetch-Depth2,16.00,1,0.5207,491.68,0.0325,0.0325,0.0325,0.5207,0.5207,5.61,4401.35,352.01,1
2026-08-18T07:08:27Z,DataLoader-Streaming,Static-NoPrefetch,64.00,1,0.7440,1376.37,0.0465,0.0465,0.0465,0.7440,0.7440,88.17,4401.35,1024.00,1
2026-08-18T07:08:27Z,DataLoader-Streaming,Smart-Prefetch-Depth1,64.00,1,0.7348,1393.54,0.0459,0.0459,0.0459,0.7348,0.7348,87.51,4401.35,1216.01,1
2026-08-18T07:08:28Z,DataLoader-Streaming,Smart-Prefetch-Depth2,64.00,1,0.4101,2496.80,0.0256,0.0256,0.0256,0.4101,0.4101,77.32,4401.35,1408.01,1
2026-08-18T07:08:29Z,DataLoader-Streaming,Static-NoPrefetch,64.00,1,0.9041,1132.66,0.0565,0.0565,0.0565,0.9041,0.9041,72.56,4401.35,1024.00,1
2026-08-18T07:08:30Z,DataLoader-Streaming,Smart-Prefetch-Depth1,64.00,1,0.7667,1335.64,0.0479,0.0479,0.0479,0.7667,0.7667,67.27,4401.35,1216.01,0
2026-08-18T07:08:30Z,DataLoader-Streaming,Smart-Prefetch-Depth2,64.00,1,0.4229,2421.30,0.0264,0.0264,0.0264,0.4229,0.4229,40.03,4401.35,1408.01,1
2026-08-18T07:08:31Z,DataLoader-Streaming,Static-NoPrefetch,64.00,1,1.1450,894.31,0.0716,0.0716,0.0716,1.1450,1.1450,57.29,4401.35,1024.00,1
2026-08-18T07:08:32Z,DataLoader-Streaming,Smart-Prefetch-Depth1,64.00,1,0.7827,1308.26,0.0489,0.0489,0.0489,0.7827,0.7827,37.22,4401.35,1216.01,0
2026-08-18T07:08:33Z,DataLoader-Streaming,Smart-Prefetch-Depth2,64.00,1,0.6130,1670.54,0.0383,0.0383,0.0383,0.6130,0.6130,19.08,4401.35,1344.01,1
2026-08-18T07:08:33Z,Columnar-Parquet-Scan,Static-OnDemand,128.00,1,0.3302,121.13,0.3302,0.3302,0.3302,0.3302,0.3302,0.00,4401.35,128.00,0
2026-08-18T07:08:34Z,Columnar-Parquet-Scan,Smart-RangePrefetch,128.00,1,0.3475,115.09,0.3475,0.3475,0.3475,0.3475,0.3475,0.00,4401.35,175.05,0
2026-08-18T07:08:34Z,Columnar-Parquet-Scan,Static-OnDemand,512.00,1,0.3293,121.46,0.3293,0.3293,0.3293,0.3293,0.3293,0.00,4401.35,512.00,0
2026-08-18T07:08:35Z,Columnar-Parquet-Scan,Smart-RangePrefetch,512.00,1,0.3433,116.53,0.3433,0.3433,0.3433,0.3433,0.3433,0.00,4401.35,562.05,1
2026-08-18T07:08:35Z,Memory-Guardrail-Soak,Unbounded-Alloc,4.00,100,0.2780,28772.55,0.2780,0.2780,0.2780,0.2780,0.2780,0.00,4401.36,8000.03,42
2026-08-18T07:08:35Z,Memory-Guardrail-Soak,MemoryGuardrail-SlabPool,4.00,100,0.0484,45454.52,0.0484,0.0484,0.0484,0.0484,0.0484,0.00,4401.36,72.07,1
2026-08-18T07:08:35Z,Orbax-Checkpoint-Write,Static-Fixed16MB,64.00,8,0.0554,9226.72,0.0554,0.0555,0.0555,0.0555,0.0555,0.00,4401.36,0.00,0
2026-08-18T07:08:35Z,Orbax-Checkpoint-Write,Smart-DynamicChunk,64.00,8,0.0525,9731.57,0.0525,0.0526,0.0526,0.0526,0.0526,0.00,4401.36,0.00,0
2026-08-18T07:08:35Z,Orbax-Checkpoint-Write,Static-Fixed16MB,64.00,16,0.0530,2106.45,0.0530,0.0530,0.4861,0.4861,0.4861,0.00,4401.36,0.00,0
2026-08-18T07:08:36Z,Orbax-Checkpoint-Write,Smart-DynamicChunk,64.00,16,0.0527,1346.49,0.0527,0.0527,0.7605,0.7605,0.7605,0.00,4401.36,0.00,0
2026-08-18T07:08:37Z,Orbax-Checkpoint-Write,Static-Fixed16MB,64.00,32,0.0531,2831.30,0.0531,0.0531,0.7233,0.7233,0.7233,0.00,4401.36,0.01,0
2026-08-18T07:08:38Z,Orbax-Checkpoint-Write,Smart-DynamicChunk,64.00,32,0.0526,2957.78,0.0526,0.0526,0.6924,0.6924,0.6924,0.00,4401.36,0.01,0
2026-08-18T07:08:38Z,Orbax-Checkpoint-Write,Static-Fixed16MB,256.00,8,0.2120,9660.25,0.2120,0.2120,0.2120,0.2120,0.2120,0.00,4401.36,0.00,0
2026-08-18T07:08:38Z,Orbax-Checkpoint-Write,Smart-DynamicChunk,256.00,8,0.2094,9776.93,0.2094,0.2095,0.2095,0.2095,0.2095,0.00,4401.36,0.00,0
2026-08-18T07:08:40Z,Orbax-Checkpoint-Write,Static-Fixed16MB,256.00,16,0.2120,2651.48,0.2120,1.4628,1.5448,1.5448,1.5448,0.00,4401.36,0.00,0
2026-08-18T07:08:40Z,Orbax-Checkpoint-Write,Smart-DynamicChunk,256.00,16,0.2094,5140.80,0.2094,0.6902,0.7967,0.7967,0.7968,0.00,4401.36,0.00,0
2026-08-18T07:08:41Z,Orbax-Checkpoint-Write,Static-Fixed16MB,256.00,32,0.2128,8964.72,0.2128,0.7744,0.9137,0.9137,0.9138,0.00,4401.36,0.01,0
2026-08-18T07:08:42Z,Orbax-Checkpoint-Write,Smart-DynamicChunk,256.00,32,0.2099,7489.74,0.2099,0.6629,1.0937,1.0937,1.0938,0.00,4401.36,0.01,0
2026-08-18T07:08:44Z,Orbax-Checkpoint-Write,Static-Fixed16MB,512.00,8,0.8943,3312.41,0.8943,1.2365,1.2365,1.2365,1.2366,0.00,4401.36,0.00,0
2026-08-18T07:08:45Z,Orbax-Checkpoint-Write,Smart-DynamicChunk,512.00,8,0.4186,3447.26,0.4186,1.1881,1.1881,1.1881,1.1882,0.00,4401.36,0.00,0
2026-08-18T07:08:47Z,Orbax-Checkpoint-Write,Static-Fixed16MB,512.00,16,0.9120,4349.55,0.9120,1.6528,1.8834,1.8834,1.8834,0.00,4401.36,0.00,0
2026-08-18T07:08:48Z,Orbax-Checkpoint-Write,Smart-DynamicChunk,512.00,16,0.4186,8319.20,0.4186,0.9493,0.9847,0.9847,0.9847,0.00,4401.36,0.00,0
2026-08-18T07:08:49Z,Orbax-Checkpoint-Write,Static-Fixed16MB,512.00,32,0.4295,12422.03,0.4295,1.1440,1.3189,1.3189,1.3189,0.00,4401.36,0.01,0
2026-08-18T07:08:50Z,Orbax-Checkpoint-Write,Smart-DynamicChunk,512.00,32,0.4187,12659.00,0.4187,0.8541,1.2942,1.2942,1.2943,0.00,4401.36,0.01,0
2026-08-18T07:08:53Z,Orbax-Checkpoint-Write,Static-Fixed16MB,1024.00,8,1.9803,3273.98,1.9803,2.5021,2.5021,2.5021,2.5022,0.00,4401.36,0.00,0
2026-08-18T07:08:55Z,Orbax-Checkpoint-Write,Smart-DynamicChunk,1024.00,8,0.8401,4387.61,0.8401,1.8670,1.8670,1.8670,1.8671,0.00,4401.36,0.00,0
2026-08-18T07:08:59Z,Orbax-Checkpoint-Write,Static-Fixed16MB,1024.00,16,1.3848,4214.45,1.3848,2.7749,3.8875,3.8875,3.8876,0.00,4401.36,0.00,0
2026-08-18T07:09:00Z,Orbax-Checkpoint-Write,Smart-DynamicChunk,1024.00,16,0.8371,10613.83,0.8371,1.4921,1.5436,1.5436,1.5436,0.00,4401.36,0.00,0
2026-08-18T07:09:03Z,Orbax-Checkpoint-Write,Static-Fixed16MB,1024.00,32,1.2427,11167.61,1.2427,2.1025,2.9341,2.9341,2.9342,0.00,4401.36,0.01,0
2026-08-18T07:09:05Z,Orbax-Checkpoint-Write,Smart-DynamicChunk,1024.00,32,0.8410,17446.88,0.8410,1.5404,1.8781,1.8781,1.8782,0.00,4401.36,0.01,0
2026-08-18T07:09:05Z,DataLoader-Streaming,Static-NoPrefetch,4.00,1,0.1348,474.84,0.0084,0.0084,0.0084,0.1348,0.1348,35.61,4401.36,64.00,1
2026-08-18T07:09:05Z,DataLoader-Streaming,Smart-Prefetch-Depth1,4.00,1,0.0953,671.79,0.0060,0.0060,0.0060,0.0953,0.0953,9.87,4401.36,80.01,0
2026-08-18T07:09:05Z,DataLoader-Streaming,Smart-Prefetch-Depth2,4.00,1,0.0965,663.35,0.0060,0.0060,0.0060,0.0965,0.0965,9.30,4401.36,92.01,1
2026-08-18T07:09:06Z,DataLoader-Streaming,Static-NoPrefetch,4.00,1,0.2963,215.97,0.0185,0.0185,0.0185,0.2963,0.2963,16.20,4401.36,64.00,1
2026-08-18T07:09:06Z,DataLoader-Streaming,Smart-Prefetch-Depth1,4.00,1,0.2577,248.35,0.0161,0.0161,0.0161,0.2577,0.2577,3.86,4401.36,84.01,1
2026-08-18T07:09:06Z,DataLoader-Streaming,Smart-Prefetch-Depth2,4.00,1,0.2559,250.07,0.0160,0.0160,0.0160,0.2559,0.2559,3.56,4401.36,84.01,1
2026-08-18T07:09:07Z,DataLoader-Streaming,Static-NoPrefetch,4.00,1,0.5364,119.31,0.0335,0.0335,0.0335,0.5364,0.5364,8.95,4401.36,64.00,1
2026-08-18T07:09:07Z,DataLoader-Streaming,Smart-Prefetch-Depth1,4.00,1,0.4971,128.75,0.0311,0.0311,0.0311,0.4971,0.4971,2.08,4401.36,80.01,1
2026-08-18T07:09:08Z,DataLoader-Streaming,Smart-Prefetch-Depth2,4.00,1,0.4979,128.54,0.0311,0.0311,0.0311,0.4979,0.4979,2.07,4401.36,84.01,1
2026-08-18T07:09:08Z,DataLoader-Streaming,Static-NoPrefetch,16.00,1,0.2486,1029.76,0.0155,0.0155,0.0155,0.2486,0.2486,64.36,4401.36,256.00,1
2026-08-18T07:09:08Z,DataLoader-Streaming,Smart-Prefetch-Depth1,16.00,1,0.2020,1267.62,0.0126,0.0126,0.0126,0.2020,0.2020,57.39,4401.36,304.01,1
2026-08-18T07:09:08Z,DataLoader-Streaming,Smart-Prefetch-Depth2,16.00,1,0.1201,2131.52,0.0075,0.0075,0.0075,0.1201,0.1201,26.05,4401.36,336.01,1
2026-08-18T07:09:09Z,DataLoader-Streaming,Static-NoPrefetch,16.00,1,0.4092,625.69,0.0256,0.0256,0.0256,0.4092,0.4092,39.11,4401.36,256.00,1
2026-08-18T07:09:09Z,DataLoader-Streaming,Smart-Prefetch-Depth1,16.00,1,0.2823,906.93,0.0176,0.0176,0.0176,0.2823,0.2823,10.96,4401.36,336.01,1
2026-08-18T07:09:09Z,DataLoader-Streaming,Smart-Prefetch-Depth2,16.00,1,0.2821,907.44,0.0176,0.0176,0.0176,0.2821,0.2821,11.03,4401.36,352.01,1
2026-08-18T07:09:10Z,DataLoader-Streaming,Static-NoPrefetch,16.00,1,0.6492,394.32,0.0406,0.0406,0.0406,0.6492,0.6492,24.64,4401.36,256.00,1
2026-08-18T07:09:11Z,DataLoader-Streaming,Smart-Prefetch-Depth1,16.00,1,0.5255,487.16,0.0328,0.0328,0.0328,0.5255,0.5255,6.25,4401.36,352.01,1
2026-08-18T07:09:11Z,DataLoader-Streaming,Smart-Prefetch-Depth2,16.00,1,0.5260,486.71,0.0329,0.0329,0.0329,0.5260,0.5260,6.13,4401.36,352.01,1
2026-08-18T07:09:12Z,DataLoader-Streaming,Static-NoPrefetch,64.00,1,0.7447,1375.05,0.0465,0.0465,0.0465,0.7447,0.7447,88.09,4401.36,1024.00,1
2026-08-18T07:09:13Z,DataLoader-Streaming,Smart-Prefetch-Depth1,64.00,1,0.7672,1334.75,0.0479,0.0479,0.0479,0.7672,0.7672,87.78,4401.36,1216.01,1
2026-08-18T07:09:13Z,DataLoader-Streaming,Smart-Prefetch-Depth2,64.00,1,0.4100,2497.44,0.0256,0.0256,0.0256,0.4100,0.4100,77.73,4401.36,1408.01,1
2026-08-18T07:09:14Z,DataLoader-Streaming,Static-NoPrefetch,64.00,1,0.9049,1131.68,0.0566,0.0566,0.0566,0.9049,0.9049,72.50,4401.36,1024.00,1
2026-08-18T07:09:15Z,DataLoader-Streaming,Smart-Prefetch-Depth1,64.00,1,0.7796,1313.49,0.0487,0.0487,0.0487,0.7796,0.7796,67.74,4401.36,1216.01,0
2026-08-18T07:09:16Z,DataLoader-Streaming,Smart-Prefetch-Depth2,64.00,1,0.4321,2369.78,0.0270,0.0270,0.0270,0.4321,0.4321,41.21,4401.36,1408.01,1
2026-08-18T07:09:17Z,DataLoader-Streaming,Static-NoPrefetch,64.00,1,1.1453,894.12,0.0716,0.0716,0.0716,1.1453,1.1453,57.28,4401.36,1024.00,1
2026-08-18T07:09:18Z,DataLoader-Streaming,Smart-Prefetch-Depth1,64.00,1,0.7898,1296.54,0.0494,0.0494,0.0494,0.7898,0.7898,37.81,4401.36,1216.01,0
2026-08-18T07:09:18Z,DataLoader-Streaming,Smart-Prefetch-Depth2,64.00,1,0.6124,1672.09,0.0383,0.0383,0.0383,0.6124,0.6124,18.88,4401.36,1344.01,1
2026-08-18T07:09:19Z,Columnar-Parquet-Scan,Static-OnDemand,128.00,1,0.3314,120.70,0.3314,0.3314,0.3314,0.3314,0.3314,0.00,4401.36,128.00,0
2026-08-18T07:09:19Z,Columnar-Parquet-Scan,Smart-RangePrefetch,128.00,1,0.3482,114.88,0.3482,0.3482,0.3482,0.3482,0.3482,0.00,4401.36,175.05,0
2026-08-18T07:09:20Z,Columnar-Parquet-Scan,Static-OnDemand,512.00,1,0.3315,120.66,0.3315,0.3315,0.3315,0.3315,0.3315,0.00,4401.36,512.00,1
2026-08-18T07:09:20Z,Columnar-Parquet-Scan,Smart-RangePrefetch,512.00,1,0.3482,114.86,0.3482,0.3482,0.3482,0.3482,0.3482,0.00,4401.36,559.05,0
2026-08-18T07:09:20Z,Memory-Guardrail-Soak,Unbounded-Alloc,4.00,100,0.2772,28860.16,0.2772,0.2772,0.2772,0.2772,0.2772,0.00,4401.37,8000.05,48
2026-08-18T07:09:20Z,Memory-Guardrail-Soak,MemoryGuardrail-SlabPool,4.00,100,0.0500,44085.81,0.0500,0.0500,0.0500,0.0500,0.0500,0.00,4401.37,72.06,2
2026-08-18T07:09:21Z,Orbax-Checkpoint-Write,Static-Fixed16MB,64.00,8,0.0536,709.57,0.0536,0.7215,0.7215,0.7215,0.7216,0.00,4401.37,0.00,0
2026-08-18T07:09:21Z,Orbax-Checkpoint-Write,Smart-DynamicChunk,64.00,8,0.0526,9735.81,0.0526,0.0526,0.0526,0.0526,0.0526,0.00,4401.37,0.00,0
2026-08-18T07:09:22Z,Orbax-Checkpoint-Write,Static-Fixed16MB,64.00,16,0.0531,1444.59,0.0531,0.4989,0.7088,0.7088,0.7089,0.00,4401.37,0.00,0
2026-08-18T07:09:22Z,Orbax-Checkpoint-Write,Smart-DynamicChunk,64.00,16,0.0527,19429.89,0.0527,0.0527,0.0527,0.0527,0.0527,0.00,4401.37,0.00,0
2026-08-18T07:09:22Z,Orbax-Checkpoint-Write,Static-Fixed16MB,64.00,32,0.0532,3787.80,0.0532,0.0532,0.5406,0.5406,0.5407,0.00,4401.37,0.01,0
2026-08-18T07:09:23Z,Orbax-Checkpoint-Write,Smart-DynamicChunk,64.00,32,0.0527,2733.90,0.0527,0.0527,0.7491,0.7491,0.7491,0.00,4401.37,0.01,0
2026-08-18T07:09:24Z,Orbax-Checkpoint-Write,Static-Fixed16MB,256.00,8,0.6751,1522.23,0.6751,1.3453,1.3453,1.3453,1.3454,0.00,4401.37,0.00,0
2026-08-18T07:09:25Z,Orbax-Checkpoint-Write,Smart-DynamicChunk,256.00,8,0.2097,9766.73,0.2097,0.2097,0.2097,0.2097,0.2097,0.00,4401.37,0.00,0
2026-08-18T07:09:27Z,Orbax-Checkpoint-Write,Static-Fixed16MB,256.00,16,0.5281,1920.19,0.5281,0.9955,2.1331,2.1331,2.1331,0.00,4401.37,0.00,0
2026-08-18T07:09:28Z,Orbax-Checkpoint-Write,Smart-DynamicChunk,256.00,16,0.2095,4184.63,0.2095,0.2096,0.9788,0.9788,0.9788,0.00,4401.37,0.00,0
2026-08-18T07:09:29Z,Orbax-Checkpoint-Write,Static-Fixed16MB,256.00,32,0.2120,8269.54,0.2120,0.8670,0.9906,0.9906,0.9906,0.00,4401.37,0.01,0
2026-08-18T07:09:30Z,Orbax-Checkpoint-Write,Smart-DynamicChunk,256.00,32,0.2094,8882.24,0.2094,0.2094,0.9222,0.9222,0.9223,0.00,4401.37,0.01,0
2026-08-18T07:09:31Z,Orbax-Checkpoint-Write,Static-Fixed16MB,512.00,8,0.8410,2280.04,0.8410,1.7964,1.7964,1.7964,1.7965,0.00,4401.37,0.00,0
2026-08-18T07:09:32Z,Orbax-Checkpoint-Write,Smart-DynamicChunk,512.00,8,0.4186,4258.13,0.4186,0.9619,0.9619,0.9619,0.9619,0.00,4401.37,0.00,0
2026-08-18T07:09:34Z,Orbax-Checkpoint-Write,Static-Fixed16MB,512.00,16,0.9386,4144.15,0.9386,1.9490,1.9767,1.9767,1.9768,0.00,4401.37,0.00,0
2026-08-18T07:09:35Z,Orbax-Checkpoint-Write,Smart-DynamicChunk,512.00,16,0.4188,8691.06,0.4188,0.4189,0.9425,0.9425,0.9426,0.00,4401.37,0.00,0
2026-08-18T07:09:37Z,Orbax-Checkpoint-Write,Static-Fixed16MB,512.00,32,0.8116,8151.34,0.8116,1.4697,2.0099,2.0099,2.0100,0.00,4401.37,0.01,0
2026-08-18T07:09:38Z,Orbax-Checkpoint-Write,Smart-DynamicChunk,512.00,32,0.4188,14561.83,0.4188,0.9934,1.1251,1.1251,1.1251,0.00,4401.37,0.01,0
2026-08-18T07:09:42Z,Orbax-Checkpoint-Write,Static-Fixed16MB,1024.00,8,1.9062,2369.46,1.9062,3.4573,3.4573,3.4573,3.4573,0.00,4401.37,0.00,0
2026-08-18T07:09:43Z,Orbax-Checkpoint-Write,Smart-DynamicChunk,1024.00,8,0.8361,9796.99,0.8361,0.8361,0.8361,0.8361,0.8362,0.00,4401.37,0.00,0
2026-08-18T07:09:47Z,Orbax-Checkpoint-Write,Static-Fixed16MB,1024.00,16,1.8691,3667.36,1.8691,3.3087,4.4675,4.4675,4.4675,0.00,4401.37,0.00,0
2026-08-18T07:09:49Z,Orbax-Checkpoint-Write,Smart-DynamicChunk,1024.00,16,0.8424,10087.22,0.8424,1.6109,1.6242,1.6242,1.6242,0.00,4401.37,0.00,0
2026-08-18T07:09:52Z,Orbax-Checkpoint-Write,Static-Fixed16MB,1024.00,32,1.3195,11592.54,1.3195,2.2740,2.8266,2.8266,2.8266,0.00,4401.37,0.01,0
2026-08-18T07:09:53Z,Orbax-Checkpoint-Write,Smart-DynamicChunk,1024.00,32,0.8431,20628.79,0.8431,1.4706,1.5884,1.5884,1.5885,0.00,4401.37,0.01,0
2026-08-18T07:09:53Z,DataLoader-Streaming,Static-NoPrefetch,4.00,1,0.1354,472.51,0.0085,0.0085,0.0085,0.1354,0.1354,35.44,4401.37,64.00,1
2026-08-18T07:09:53Z,DataLoader-Streaming,Smart-Prefetch-Depth1,4.00,1,0.0953,671.29,0.0060,0.0060,0.0060,0.0953,0.0953,10.15,4401.37,80.01,0
2026-08-18T07:09:54Z,DataLoader-Streaming,Smart-Prefetch-Depth2,4.00,1,0.0982,651.66,0.0061,0.0061,0.0061,0.0982,0.0982,10.12,4401.37,92.01,1
2026-08-18T07:09:54Z,DataLoader-Streaming,Static-NoPrefetch,4.00,1,0.2970,215.52,0.0186,0.0186,0.0186,0.2970,0.2970,16.16,4401.37,64.00,1
2026-08-18T07:09:54Z,DataLoader-Streaming,Smart-Prefetch-Depth1,4.00,1,0.2574,248.65,0.0161,0.0161,0.0161,0.2574,0.2574,4.01,4401.37,84.01,1
2026-08-18T07:09:54Z,DataLoader-Streaming,Smart-Prefetch-Depth2,4.00,1,0.2559,250.05,0.0160,0.0160,0.0160,0.2559,0.2559,3.58,4401.37,84.01,1
2026-08-18T07:09:55Z,DataLoader-Streaming,Static-NoPrefetch,4.00,1,0.5367,119.26,0.0335,0.0335,0.0335,0.5367,0.5367,8.94,4401.37,64.00,1
2026-08-18T07:09:55Z,DataLoader-Streaming,Smart-Prefetch-Depth1,4.00,1,0.4961,129.00,0.0310,0.0310,0.0310,0.4961,0.4961,1.81,4401.37,80.01,1
2026-08-18T07:09:56Z,DataLoader-Streaming,Smart-Prefetch-Depth2,4.00,1,0.4971,128.74,0.0311,0.0311,0.0311,0.4971,0.4971,1.81,4401.37,88.01,1
2026-08-18T07:09:56Z,DataLoader-Streaming,Static-NoPrefetch,16.00,1,0.2480,1032.35,0.0155,0.0155,0.0155,0.2480,0.2480,64.52,4401.37,256.00,1
2026-08-18T07:09:56Z,DataLoader-Streaming,Smart-Prefetch-Depth1,16.00,1,0.1987,1288.37,0.0124,0.0124,0.0124,0.1987,0.1987,56.00,4401.37,320.01,1
2026-08-18T07:09:57Z,DataLoader-Streaming,Smart-Prefetch-Depth2,16.00,1,0.1206,2122.34,0.0075,0.0075,0.0075,0.1206,0.1206,26.07,4401.37,352.01,1
2026-08-18T07:09:57Z,DataLoader-Streaming,Static-NoPrefetch,16.00,1,0.4084,626.85,0.0255,0.0255,0.0255,0.4084,0.4084,39.18,4401.37,256.00,1
2026-08-18T07:09:57Z,DataLoader-Streaming,Smart-Prefetch-Depth1,16.00,1,0.2815,909.48,0.0176,0.0176,0.0176,0.2815,0.2815,10.34,4401.37,336.01,1
2026-08-18T07:09:58Z,DataLoader-Streaming,Smart-Prefetch-Depth2,16.00,1,0.2847,899.04,0.0178,0.0178,0.0178,0.2847,0.2847,11.63,4401.37,368.01,1
2026-08-18T07:09:58Z,DataLoader-Streaming,Static-NoPrefetch,16.00,1,0.6489,394.49,0.0406,0.0406,0.0406,0.6489,0.6489,24.66,4401.37,256.00,0
2026-08-18T07:09:59Z,DataLoader-Streaming,Smart-Prefetch-Depth1,16.00,1,0.5225,490.00,0.0327,0.0327,0.0327,0.5225,0.5225,6.11,4401.37,336.01,1
2026-08-18T07:09:59Z,DataLoader-Streaming,Smart-Prefetch-Depth2,16.00,1,0.5229,489.60,0.0327,0.0327,0.0327,0.5229,0.5229,5.75,4401.37,352.01,1
2026-08-18T07:10:00Z,DataLoader-Streaming,Static-NoPrefetch,64.00,1,0.7450,1374.58,0.0466,0.0466,0.0466,0.7450,0.7450,88.06,4401.37,1024.00,1
2026-08-18T07:10:01Z,DataLoader-Streaming,Smart-Prefetch-Depth1,64.00,1,0.7417,1380.59,0.0464,0.0464,0.0464,0.7417,0.7417,87.58,4401.37,1216.01,1
2026-08-18T07:10:01Z,DataLoader-Streaming,Smart-Prefetch-Depth2,64.00,1,0.4218,2427.45,0.0264,0.0264,0.0264,0.4218,0.4218,77.65,4401.37,1408.01,1
2026-08-18T07:10:03Z,DataLoader-Streaming,Static-NoPrefetch,64.00,1,0.9048,1131.71,0.0566,0.0566,0.0566,0.9048,0.9048,72.50,4401.37,1024.00,1
2026-08-18T07:10:03Z,DataLoader-Streaming,Smart-Prefetch-Depth1,64.00,1,0.7657,1337.33,0.0479,0.0479,0.0479,0.7657,0.7657,66.87,4401.37,1216.01,0
2026-08-18T07:10:04Z,DataLoader-Streaming,Smart-Prefetch-Depth2,64.00,1,0.4277,2394.13,0.0267,0.0267,0.0267,0.4277,0.4277,40.23,4401.37,1408.01,1
2026-08-18T07:10:05Z,DataLoader-Streaming,Static-NoPrefetch,64.00,1,1.1446,894.66,0.0715,0.0715,0.0715,1.1446,1.1446,57.31,4401.37,1024.00,1
2026-08-18T07:10:06Z,DataLoader-Streaming,Smart-Prefetch-Depth1,64.00,1,0.7850,1304.48,0.0491,0.0491,0.0491,0.7850,0.7850,37.40,4401.37,1216.01,0
2026-08-18T07:10:07Z,DataLoader-Streaming,Smart-Prefetch-Depth2,64.00,1,0.6161,1661.96,0.0385,0.0385,0.0385,0.6161,0.6161,19.61,4401.37,1344.01,1
2026-08-18T07:10:07Z,Columnar-Parquet-Scan,Static-OnDemand,128.00,1,0.3329,120.16,0.3329,0.3329,0.3329,0.3329,0.3329,0.00,4401.37,128.00,0
2026-08-18T07:10:07Z,Columnar-Parquet-Scan,Smart-RangePrefetch,128.00,1,0.3475,115.11,0.3475,0.3475,0.3475,0.3475,0.3475,0.00,4401.37,178.05,0
2026-08-18T07:10:08Z,Columnar-Parquet-Scan,Static-OnDemand,512.00,1,0.3312,120.77,0.3312,0.3312,0.3312,0.3312,0.3312,0.00,4401.37,512.00,1
2026-08-18T07:10:08Z,Columnar-Parquet-Scan,Smart-RangePrefetch,512.00,1,0.3441,116.24,0.3441,0.3441,0.3441,0.3441,0.3441,0.00,4401.37,564.05,0
2026-08-18T07:10:08Z,Memory-Guardrail-Soak,Unbounded-Alloc,4.00,100,0.2736,29238.64,0.2736,0.2736,0.2736,0.2736,0.2736,0.00,4401.37,8000.03,52
2026-08-18T07:10:08Z,Memory-Guardrail-Soak,MemoryGuardrail-SlabPool,4.00,100,0.0503,43886.39,0.0503,0.0503,0.0503,0.0503,0.0503,0.00,4401.37,72.06,2
2026-08-18T07:10:08Z,Orbax-Checkpoint-Write,Static-Fixed16MB,64.00,8,0.0534,9579.27,0.0534,0.0534,0.0534,0.0534,0.0534,0.00,4401.37,0.00,0
2026-08-18T07:10:09Z,Orbax-Checkpoint-Write,Smart-DynamicChunk,64.00,8,0.0525,9730.66,0.0525,0.0526,0.0526,0.0526,0.0526,0.00,4401.37,0.00,0
2026-08-18T07:10:09Z,Orbax-Checkpoint-Write,Static-Fixed16MB,64.00,16,0.0532,1535.18,0.0532,0.0532,0.6670,0.6670,0.6670,0.00,4401.37,0.00,0
2026-08-18T07:10:09Z,Orbax-Checkpoint-Write,Smart-DynamicChunk,64.00,16,0.0525,19489.28,0.0525,0.0525,0.0525,0.0525,0.0525,0.00,4401.37,0.00,0
2026-08-18T07:10:10Z,Orbax-Checkpoint-Write,Static-Fixed16MB,64.00,32,0.0533,4528.19,0.0533,0.0533,0.4522,0.4522,0.4523,0.00,4401.37,0.01,0
2026-08-18T07:10:10Z,Orbax-Checkpoint-Write,Smart-DynamicChunk,64.00,32,0.0527,2987.41,0.0527,0.0527,0.6855,0.6855,0.6855,0.00,4401.37,0.01,0
2026-08-18T07:10:12Z,Orbax-Checkpoint-Write,Static-Fixed16MB,256.00,8,0.2131,1280.55,0.2131,1.5993,1.5993,1.5993,1.5993,0.00,4401.37,0.00,0
2026-08-18T07:10:13Z,Orbax-Checkpoint-Write,Smart-DynamicChunk,256.00,8,0.2093,2619.54,0.2093,0.7818,0.7818,0.7818,0.7818,0.00,4401.37,0.00,0
2026-08-18T07:10:14Z,Orbax-Checkpoint-Write,Static-Fixed16MB,256.00,16,0.6490,3008.16,0.6490,1.0080,1.3616,1.3616,1.3616,0.00,4401.37,0.00,0
2026-08-18T07:10:15Z,Orbax-Checkpoint-Write,Smart-DynamicChunk,256.00,16,0.2094,6396.20,0.2094,0.6138,0.6403,0.6403,0.6404,0.00,4401.37,0.00,0
2026-08-18T07:10:16Z,Orbax-Checkpoint-Write,Static-Fixed16MB,256.00,32,0.2124,8627.06,0.2124,0.2124,0.9495,0.9495,0.9496,0.00,4401.37,0.01,0
2026-08-18T07:10:17Z,Orbax-Checkpoint-Write,Smart-DynamicChunk,256.00,32,0.2125,8313.66,0.2125,0.2125,0.9853,0.9853,0.9854,0.00,4401.37,0.01,0
2026-08-18T07:10:18Z,Orbax-Checkpoint-Write,Static-Fixed16MB,512.00,8,0.4245,3408.96,0.4245,1.2014,1.2014,1.2014,1.2015,0.00,4401.37,0.00,0
2026-08-18T07:10:19Z,Orbax-Checkpoint-Write,Smart-DynamicChunk,512.00,8,0.4186,4057.62,0.4186,1.0094,1.0094,1.0094,1.0095,0.00,4401.37,0.00,0
2026-08-18T07:10:21Z,Orbax-Checkpoint-Write,Static-Fixed16MB,512.00,16,0.4253,4301.32,0.4253,1.4206,1.9045,1.9045,1.9045,0.00,4401.37,0.00,0
2026-08-18T07:10:22Z,Orbax-Checkpoint-Write,Smart-DynamicChunk,512.00,16,0.4186,9150.94,0.4186,0.4187,0.8951,0.8951,0.8952,0.00,4401.37,0.00,0
2026-08-18T07:10:23Z,Orbax-Checkpoint-Write,Static-Fixed16MB,512.00,32,0.4248,10606.12,0.4248,1.1267,1.5447,1.5447,1.5448,0.00,4401.37,0.01,0
2026-08-18T07:10:25Z,Orbax-Checkpoint-Write,Smart-DynamicChunk,512.00,32,0.4184,13451.87,0.4184,1.0415,1.2179,1.2179,1.2180,0.00,4401.37,0.01,0
2026-08-18T07:10:28Z,Orbax-Checkpoint-Write,Static-Fixed16MB,1024.00,8,1.7315,2282.72,1.7315,3.5886,3.5886,3.5886,3.5887,0.00,4401.37,0.00,0
2026-08-18T07:10:30Z,Orbax-Checkpoint-Write,Smart-DynamicChunk,1024.00,8,1.1405,3997.02,1.1405,2.0495,2.0495,2.0495,2.0495,0.00,4401.37,0.00,0
2026-08-18T07:10:33Z,Orbax-Checkpoint-Write,Static-Fixed16MB,1024.00,16,1.7551,6382.26,1.7551,2.2708,2.5671,2.5671,2.5671,0.00,4401.37,0.00,0
2026-08-18T07:10:34Z,Orbax-Checkpoint-Write,Smart-DynamicChunk,1024.00,16,0.8363,10595.67,0.8363,1.4099,1.5461,1.5461,1.5463,0.00,4401.37,0.00,0
2026-08-18T07:10:37Z,Orbax-Checkpoint-Write,Static-Fixed16MB,1024.00,32,1.2623,12129.18,1.2623,2.2078,2.7015,2.7015,2.7016,0.00,4401.37,0.01,0
2026-08-18T07:10:39Z,Orbax-Checkpoint-Write,Smart-DynamicChunk,1024.00,32,0.8403,19131.05,0.8403,1.4938,1.7127,1.7127,1.7128,0.00,4401.37,0.01,0
2026-08-18T07:10:39Z,DataLoader-Streaming,Static-NoPrefetch,4.00,1,0.1360,470.63,0.0085,0.0085,0.0085,0.1360,0.1360,35.30,4401.37,64.00,1
2026-08-18T07:10:39Z,DataLoader-Streaming,Smart-Prefetch-Depth1,4.00,1,0.0963,664.66,0.0060,0.0060,0.0060,0.0963,0.0963,9.73,4401.37,84.01,0
2026-08-18T07:10:39Z,DataLoader-Streaming,Smart-Prefetch-Depth2,4.00,1,0.0973,657.56,0.0061,0.0061,0.0061,0.0973,0.0973,8.22,4401.37,88.01,1
2026-08-18T07:10:39Z,DataLoader-Streaming,Static-NoPrefetch,4.00,1,0.2971,215.44,0.0186,0.0186,0.0186,0.2971,0.2971,16.16,4401.37,64.00,1
2026-08-18T07:10:40Z,DataLoader-Streaming,Smart-Prefetch-Depth1,4.00,1,0.2589,247.21,0.0162,0.0162,0.0162,0.2589,0.2589,3.88,4401.37,84.01,1
2026-08-18T07:10:40Z,DataLoader-Streaming,Smart-Prefetch-Depth2,4.00,1,0.2559,250.15,0.0160,0.0160,0.0160,0.2559,0.2559,3.53,4401.37,84.01,1
2026-08-18T07:10:40Z,DataLoader-Streaming,Static-NoPrefetch,4.00,1,0.5357,119.47,0.0335,0.0335,0.0335,0.5357,0.5357,8.96,4401.37,64.00,1
2026-08-18T07:10:41Z,DataLoader-Streaming,Smart-Prefetch-Depth1,4.00,1,0.4977,128.60,0.0311,0.0311,0.0311,0.4977,0.4977,1.98,4401.37,88.01,1
2026-08-18T07:10:41Z,DataLoader-Streaming,Smart-Prefetch-Depth2,4.00,1,0.4957,129.11,0.0310,0.0310,0.0310,0.4957,0.4957,1.77,4401.37,84.01,1
2026-08-18T07:10:42Z,DataLoader-Streaming,Static-NoPrefetch,16.00,1,0.2484,1030.56,0.0155,0.0155,0.0155,0.2484,0.2484,64.41,4401.37,256.00,1
2026-08-18T07:10:42Z,DataLoader-Streaming,Smart-Prefetch-Depth1,16.00,1,0.2018,1268.42,0.0126,0.0126,0.0126,0.2018,0.2018,56.48,4401.37,304.01,1
2026-08-18T07:10:42Z,DataLoader-Streaming,Smart-Prefetch-Depth2,16.00,1,0.1213,2110.75,0.0076,0.0076,0.0076,0.1213,0.1213,25.97,4401.37,352.01,1
2026-08-18T07:10:42Z,DataLoader-Streaming,Static-NoPrefetch,16.00,1,0.4081,627.35,0.0255,0.0255,0.0255,0.4081,0.4081,39.21,4401.37,256.00,1
2026-08-18T07:10:43Z,DataLoader-Streaming,Smart-Prefetch-Depth1,16.00,1,0.2898,883.36,0.0181,0.0181,0.0181,0.2898,0.2898,10.93,4401.37,336.01,1
2026-08-18T07:10:43Z,DataLoader-Streaming,Smart-Prefetch-Depth2,16.00,1,0.2809,911.30,0.0176,0.0176,0.0176,0.2809,0.2809,10.55,4401.37,368.01,1
2026-08-18T07:10:44Z,DataLoader-Streaming,Static-NoPrefetch,16.00,1,0.6487,394.62,0.0405,0.0405,0.0405,0.6487,0.6487,24.66,4401.37,256.00,0
2026-08-18T07:10:44Z,DataLoader-Streaming,Smart-Prefetch-Depth1,16.00,1,0.5205,491.84,0.0325,0.0325,0.0325,0.5205,0.5205,5.71,4401.37,320.01,1
2026-08-18T07:10:45Z,DataLoader-Streaming,Smart-Prefetch-Depth2,16.00,1,0.5390,474.96,0.0337,0.0337,0.0337,0.5390,0.5390,7.54,4401.37,352.01,1
2026-08-18T07:10:46Z,DataLoader-Streaming,Static-NoPrefetch,64.00,1,0.7557,1354.97,0.0472,0.0472,0.0472,0.7557,0.7557,86.80,4401.37,1024.00,1
2026-08-18T07:10:47Z,DataLoader-Streaming,Smart-Prefetch-Depth1,64.00,1,0.9020,1135.24,0.0564,0.0564,0.0564,0.9020,0.9020,89.56,4401.37,1344.01,1
2026-08-18T07:10:48Z,DataLoader-Streaming,Smart-Prefetch-Depth2,64.00,1,0.5594,1830.43,0.0350,0.0350,0.0350,0.5594,0.5594,81.51,4401.37,1408.01,1
2026-08-18T07:10:49Z,DataLoader-Streaming,Static-NoPrefetch,64.00,1,0.9153,1118.79,0.0572,0.0572,0.0572,0.9153,0.9153,71.67,4401.37,1024.00,1
2026-08-18T07:10:50Z,DataLoader-Streaming,Smart-Prefetch-Depth1,64.00,1,0.7734,1324.04,0.0483,0.0483,0.0483,0.7734,0.7734,67.54,4401.37,1216.01,0
2026-08-18T07:10:50Z,DataLoader-Streaming,Smart-Prefetch-Depth2,64.00,1,0.5094,2010.21,0.0318,0.0318,0.0318,0.5094,0.5094,50.29,4401.37,1408.01,1
2026-08-18T07:10:51Z,DataLoader-Streaming,Static-NoPrefetch,64.00,1,1.1448,894.51,0.0715,0.0715,0.0715,1.1448,1.1448,57.30,4401.37,1024.00,1
2026-08-18T07:10:52Z,DataLoader-Streaming,Smart-Prefetch-Depth1,64.00,1,0.7940,1289.63,0.0496,0.0496,0.0496,0.7940,0.7940,37.89,4401.37,1216.01,0
2026-08-18T07:10:53Z,DataLoader-Streaming,Smart-Prefetch-Depth2,64.00,1,0.6299,1625.57,0.0394,0.0394,0.0394,0.6299,0.6299,21.11,4401.37,1344.01,1
2026-08-18T07:10:53Z,Columnar-Parquet-Scan,Static-OnDemand,128.00,1,0.3310,120.84,0.3310,0.3310,0.3310,0.3310,0.3310,0.00,4401.37,128.00,0
2026-08-18T07:10:54Z,Columnar-Parquet-Scan,Smart-RangePrefetch,128.00,1,0.3490,114.61,0.3490,0.3490,0.3490,0.3490,0.3490,0.00,4401.37,178.05,0
2026-08-18T07:10:54Z,Columnar-Parquet-Scan,Static-OnDemand,512.00,1,0.3318,120.56,0.3318,0.3318,0.3318,0.3318,0.3318,0.00,4401.37,512.00,1
2026-08-18T07:10:54Z,Columnar-Parquet-Scan,Smart-RangePrefetch,512.00,1,0.3484,114.80,0.3484,0.3484,0.3484,0.3484,0.3484,0.00,4401.37,571.05,0
2026-08-18T07:10:55Z,Memory-Guardrail-Soak,Unbounded-Alloc,4.00,100,0.3056,26176.00,0.3056,0.3056,0.3056,0.3056,0.3056,0.00,4401.37,8000.02,45
2026-08-18T07:10:55Z,Memory-Guardrail-Soak,MemoryGuardrail-SlabPool,4.00,100,0.0485,43676.67,0.0485,0.0485,0.0485,0.0485,0.0485,0.00,4401.37,68.05,2
2026-08-18T07:10:55Z,Orbax-Checkpoint-Write,Static-Fixed16MB,64.00,8,0.0536,1062.34,0.0536,0.4819,0.4819,0.4819,0.4820,0.00,4401.37,0.00,0
2026-08-18T07:10:57Z,Orbax-Checkpoint-Write,Smart-DynamicChunk,64.00,8,0.0527,398.86,0.0527,1.2836,1.2836,1.2836,1.2837,0.00,4401.37,0.00,0
2026-08-18T07:10:57Z,Orbax-Checkpoint-Write,Static-Fixed16MB,64.00,16,0.0533,1526.44,0.0533,0.0533,0.6708,0.6708,0.6708,0.00,4401.37,0.00,0
2026-08-18T07:10:58Z,Orbax-Checkpoint-Write,Smart-DynamicChunk,64.00,16,0.0525,1979.71,0.0525,0.0526,0.5172,0.5172,0.5172,0.00,4401.37,0.00,0
2026-08-18T07:10:58Z,Orbax-Checkpoint-Write,Static-Fixed16MB,64.00,32,0.0533,2848.47,0.0533,0.4630,0.7189,0.7189,0.7190,0.00,4401.37,0.01,0
2026-08-18T07:10:59Z,Orbax-Checkpoint-Write,Smart-DynamicChunk,64.00,32,0.0528,3069.56,0.0528,0.0529,0.6671,0.6671,0.6672,0.00,4401.37,0.01,0
2026-08-18T07:11:00Z,Orbax-Checkpoint-Write,Static-Fixed16MB,256.00,8,0.2123,2115.56,0.2123,0.9680,0.9680,0.9680,0.9681,0.00,4401.37,0.00,0
2026-08-18T07:11:01Z,Orbax-Checkpoint-Write,Smart-DynamicChunk,256.00,8,0.2121,2737.03,0.2121,0.7482,0.7482,0.7482,0.7483,0.00,4401.37,0.00,0
2026-08-18T07:11:02Z,Orbax-Checkpoint-Write,Static-Fixed16MB,256.00,16,0.2126,2953.40,0.2126,0.9361,1.3868,1.3868,1.3869,0.00,4401.37,0.00,0
2026-08-18T07:11:03Z,Orbax-Checkpoint-Write,Smart-DynamicChunk,256.00,16,0.2095,6384.90,0.2095,0.2096,0.6415,0.6415,0.6415,0.00,4401.37,0.00,0
2026-08-18T07:11:05Z,Orbax-Checkpoint-Write,Static-Fixed16MB,256.00,32,0.2123,4976.89,0.2123,0.9641,1.6459,1.6459,1.6460,0.00,4401.37,0.01,0
2026-08-18T07:11:06Z,Orbax-Checkpoint-Write,Smart-DynamicChunk,256.00,32,0.2096,5502.97,0.2096,0.6053,1.4886,1.4886,1.4887,0.00,4401.37,0.01,0
2026-08-18T07:11:08Z,Orbax-Checkpoint-Write,Static-Fixed16MB,512.00,8,0.9201,1765.40,0.9201,2.3201,2.3201,2.3201,2.3202,0.00,4401.37,0.00,0
2026-08-18T07:11:10Z,Orbax-Checkpoint-Write,Smart-DynamicChunk,512.00,8,0.4196,2430.49,0.4196,1.6852,1.6852,1.6852,1.6853,0.00,4401.37,0.00,0
2026-08-18T07:11:12Z,Orbax-Checkpoint-Write,Static-Fixed16MB,512.00,16,0.4267,5572.71,0.4267,1.3205,1.4700,1.4700,1.4700,0.00,4401.37,0.00,0
2026-08-18T07:11:13Z,Orbax-Checkpoint-Write,Smart-DynamicChunk,512.00,16,0.4185,7543.18,0.4185,1.0126,1.0860,1.0860,1.0860,0.00,4401.37,0.00,0
2026-08-18T07:11:14Z,Orbax-Checkpoint-Write,Static-Fixed16MB,512.00,32,1.0247,10539.31,1.0247,1.2219,1.5543,1.5543,1.5546,0.00,4401.37,0.01,0
2026-08-18T07:11:15Z,Orbax-Checkpoint-Write,Smart-DynamicChunk,512.00,32,0.4189,13709.45,0.4189,0.7736,1.1950,1.1950,1.1951,0.00,4401.37,0.01,0
2026-08-18T07:11:18Z,Orbax-Checkpoint-Write,Static-Fixed16MB,1024.00,8,2.3680,2969.47,2.3680,2.7587,2.7587,2.7587,2.7587,0.00,4401.37,0.00,0
2026-08-18T07:11:20Z,Orbax-Checkpoint-Write,Smart-DynamicChunk,1024.00,8,0.8377,5575.43,0.8377,1.4692,1.4692,1.4692,1.4693,0.00,4401.37,0.00,0
2026-08-18T07:11:23Z,Orbax-Checkpoint-Write,Static-Fixed16MB,1024.00,16,1.5087,4935.61,1.5087,2.4763,3.3194,3.3194,3.3195,0.00,4401.37,0.00,0
2026-08-18T07:11:24Z,Orbax-Checkpoint-Write,Smart-DynamicChunk,1024.00,16,0.8400,11215.49,0.8400,1.2592,1.4608,1.4608,1.4608,0.00,4401.37,0.00,0
2026-08-18T07:11:27Z,Orbax-Checkpoint-Write,Static-Fixed16MB,1024.00,32,1.3953,12062.82,1.3953,2.4413,2.7163,2.7163,2.7164,0.00,4401.37,0.01,0
2026-08-18T07:11:29Z,Orbax-Checkpoint-Write,Smart-DynamicChunk,1024.00,32,0.8410,14344.07,0.8410,1.4167,2.2842,2.2842,2.2844,0.00,4401.37,0.01,0
2026-08-18T07:11:30Z,DataLoader-Streaming,Static-NoPrefetch,4.00,1,0.1374,465.88,0.0086,0.0086,0.0086,0.1374,0.1374,34.94,4401.37,64.00,1
2026-08-18T07:11:30Z,DataLoader-Streaming,Smart-Prefetch-Depth1,4.00,1,0.1090,587.10,0.0068,0.0068,0.0068,0.1090,0.1090,17.67,4401.37,80.01,0
2026-08-18T07:11:30Z,DataLoader-Streaming,Smart-Prefetch-Depth2,4.00,1,0.1033,619.64,0.0065,0.0065,0.0065,0.1033,0.1033,14.79,4401.37,88.01,1
2026-08-18T07:11:30Z,DataLoader-Streaming,Static-NoPrefetch,4.00,1,0.2987,214.23,0.0187,0.0187,0.0187,0.2987,0.2987,16.07,4401.37,64.00,1
2026-08-18T07:11:30Z,DataLoader-Streaming,Smart-Prefetch-Depth1,4.00,1,0.2650,241.54,0.0166,0.0166,0.0166,0.2650,0.2650,5.95,4401.37,80.01,1
2026-08-18T07:11:31Z,DataLoader-Streaming,Smart-Prefetch-Depth2,4.00,1,0.2665,240.13,0.0167,0.0167,0.0167,0.2665,0.2665,6.98,4401.37,88.01,1
2026-08-18T07:11:31Z,DataLoader-Streaming,Static-NoPrefetch,4.00,1,0.5368,119.23,0.0335,0.0335,0.0335,0.5368,0.5368,8.94,4401.37,64.00,1
2026-08-18T07:11:32Z,DataLoader-Streaming,Smart-Prefetch-Depth1,4.00,1,0.5037,127.05,0.0315,0.0315,0.0315,0.5037,0.5037,3.37,4401.37,80.01,1
2026-08-18T07:11:32Z,DataLoader-Streaming,Smart-Prefetch-Depth2,4.00,1,0.5019,127.52,0.0314,0.0314,0.0314,0.5019,0.5019,2.88,4401.37,88.01,1
2026-08-18T07:11:32Z,DataLoader-Streaming,Static-NoPrefetch,16.00,1,0.2486,1029.74,0.0155,0.0155,0.0155,0.2486,0.2486,64.36,4401.37,256.00,1
2026-08-18T07:11:33Z,DataLoader-Streaming,Smart-Prefetch-Depth1,16.00,1,0.2281,1122.21,0.0143,0.0143,0.0143,0.2281,0.2281,59.94,4401.37,304.01,1
2026-08-18T07:11:33Z,DataLoader-Streaming,Smart-Prefetch-Depth2,16.00,1,0.1447,1768.62,0.0090,0.0090,0.0090,0.1447,0.1447,36.64,4401.37,352.01,1
2026-08-18T07:11:33Z,DataLoader-Streaming,Static-NoPrefetch,16.00,1,0.4093,625.46,0.0256,0.0256,0.0256,0.4093,0.4093,39.09,4401.37,256.00,1
2026-08-18T07:11:34Z,DataLoader-Streaming,Smart-Prefetch-Depth1,16.00,1,0.2970,861.91,0.0186,0.0186,0.0186,0.2970,0.2970,15.47,4401.37,320.01,0
2026-08-18T07:11:34Z,DataLoader-Streaming,Smart-Prefetch-Depth2,16.00,1,0.3048,839.84,0.0191,0.0191,0.0191,0.3048,0.3048,17.85,4401.37,352.01,1
2026-08-18T07:11:35Z,DataLoader-Streaming,Static-NoPrefetch,16.00,1,0.6509,393.33,0.0407,0.0407,0.0407,0.6509,0.6509,24.58,4401.37,256.00,1
2026-08-18T07:11:35Z,DataLoader-Streaming,Smart-Prefetch-Depth1,16.00,1,0.5402,473.90,0.0338,0.0338,0.0338,0.5402,0.5402,8.86,4401.37,336.01,1
2026-08-18T07:11:36Z,DataLoader-Streaming,Smart-Prefetch-Depth2,16.00,1,0.5502,465.29,0.0344,0.0344,0.0344,0.5502,0.5502,10.41,4401.37,336.01,1
2026-08-18T07:11:37Z,DataLoader-Streaming,Static-NoPrefetch,64.00,1,0.7466,1371.53,0.0467,0.0467,0.0467,0.7466,0.7466,87.86,4401.37,1024.00,1
2026-08-18T07:11:38Z,DataLoader-Streaming,Smart-Prefetch-Depth1,64.00,1,0.8024,1276.23,0.0501,0.0501,0.0501,0.8024,0.8024,87.22,4401.37,1216.01,1
2026-08-18T07:11:38Z,DataLoader-Streaming,Smart-Prefetch-Depth2,64.00,1,0.4717,2170.99,0.0295,0.0295,0.0295,0.4717,0.4717,78.85,4401.37,1408.01,1
2026-08-18T07:11:39Z,DataLoader-Streaming,Static-NoPrefetch,64.00,1,0.9056,1130.79,0.0566,0.0566,0.0566,0.9056,0.9056,72.44,4401.37,1024.00,0
2026-08-18T07:11:40Z,DataLoader-Streaming,Smart-Prefetch-Depth1,64.00,1,0.8511,1203.11,0.0532,0.0532,0.0532,0.8511,0.8511,70.00,4401.37,1216.01,1
2026-08-18T07:11:41Z,DataLoader-Streaming,Smart-Prefetch-Depth2,64.00,1,0.5146,1990.00,0.0322,0.0322,0.0322,0.5146,0.5146,51.53,4401.37,1472.01,1
2026-08-18T07:11:42Z,DataLoader-Streaming,Static-NoPrefetch,64.00,1,1.1458,893.67,0.0716,0.0716,0.0716,1.1458,1.1458,57.25,4401.37,1024.00,0
2026-08-18T07:11:43Z,DataLoader-Streaming,Smart-Prefetch-Depth1,64.00,1,0.8247,1241.69,0.0515,0.0515,0.0515,0.8247,0.8247,40.16,4401.37,1216.01,1
2026-08-18T07:11:44Z,DataLoader-Streaming,Smart-Prefetch-Depth2,64.00,1,0.6429,1592.72,0.0402,0.0402,0.0402,0.6429,0.6429,24.05,4401.37,1408.01,1
2026-08-18T07:11:44Z,Columnar-Parquet-Scan,Static-OnDemand,128.00,1,0.3316,120.61,0.3316,0.3316,0.3316,0.3316,0.3316,0.00,4401.37,128.00,0
2026-08-18T07:11:45Z,Columnar-Parquet-Scan,Smart-RangePrefetch,128.00,1,0.3619,110.52,0.3619,0.3619,0.3619,0.3619,0.3619,0.00,4401.37,179.05,0
2026-08-18T07:11:45Z,Columnar-Parquet-Scan,Static-OnDemand,512.00,1,0.3309,120.89,0.3309,0.3309,0.3309,0.3309,0.3309,0.00,4401.37,512.00,0
2026-08-18T07:11:45Z,Columnar-Parquet-Scan,Smart-RangePrefetch,512.00,1,0.3473,115.17,0.3473,0.3473,0.3473,0.3473,0.3473,0.00,4401.37,565.05,1
2026-08-18T07:11:46Z,Memory-Guardrail-Soak,Unbounded-Alloc,4.00,100,0.3164,25286.10,0.3164,0.3164,0.3164,0.3164,0.3164,0.00,4401.37,8000.02,43
2026-08-18T07:11:46Z,Memory-Guardrail-Soak,MemoryGuardrail-SlabPool,4.00,100,0.0514,43308.91,0.0514,0.0514,0.0514,0.0514,0.0514,0.00,4401.37,72.05,1
2026-08-18T07:11:47Z,Orbax-Checkpoint-Write,Static-Fixed16MB,64.00,8,0.0527,623.26,0.0527,0.8214,0.8214,0.8214,0.8215,0.00,4401.37,0.00,0
2026-08-18T07:11:47Z,Orbax-Checkpoint-Write,Smart-DynamicChunk,64.00,8,0.0527,9706.22,0.0527,0.0527,0.0527,0.0527,0.0527,0.00,4401.37,0.00,0
2026-08-18T07:11:47Z,Orbax-Checkpoint-Write,Static-Fixed16MB,64.00,16,0.0532,1428.79,0.0532,0.0532,0.7166,0.7166,0.7167,0.00,4401.37,0.00,0
2026-08-18T07:11:48Z,Orbax-Checkpoint-Write,Smart-DynamicChunk,64.00,16,0.0527,1226.93,0.0527,0.5645,0.8345,0.8345,0.8346,0.00,4401.37,0.00,0
2026-08-18T07:11:49Z,Orbax-Checkpoint-Write,Static-Fixed16MB,64.00,32,0.0535,2810.53,0.0535,0.4865,0.7286,0.7286,0.7287,0.00,4401.37,0.01,0
2026-08-18T07:11:50Z,Orbax-Checkpoint-Write,Smart-DynamicChunk,64.00,32,0.0528,3415.54,0.0528,0.0529,0.5995,0.5995,0.5996,0.00,4401.37,0.01,0
2026-08-18T07:11:50Z,Orbax-Checkpoint-Write,Static-Fixed16MB,256.00,8,0.2136,9584.20,0.2136,0.2136,0.2136,0.2136,0.2137,0.00,4401.37,0.00,0
2026-08-18T07:11:50Z,Orbax-Checkpoint-Write,Smart-DynamicChunk,256.00,8,0.2099,9746.17,0.2099,0.2100,0.2100,0.2100,0.2101,0.00,4401.37,0.00,0
2026-08-18T07:11:51Z,Orbax-Checkpoint-Write,Static-Fixed16MB,256.00,16,0.2127,4601.88,0.2127,0.7885,0.8900,0.8900,0.8901,0.00,4401.37,0.00,0
2026-08-18T07:11:51Z,Orbax-Checkpoint-Write,Smart-DynamicChunk,256.00,16,0.2100,19485.82,0.2100,0.2101,0.2101,0.2101,0.2102,0.00,4401.37,0.00,0
2026-08-18T07:11:52Z,Orbax-Checkpoint-Write,Static-Fixed16MB,256.00,32,0.2135,6290.17,0.2135,0.9262,1.3022,1.3022,1.3023,0.00,4401.37,0.01,0
2026-08-18T07:11:53Z,Orbax-Checkpoint-Write,Smart-DynamicChunk,256.00,32,0.2102,8454.71,0.2102,0.6734,0.9688,0.9688,0.9689,0.00,4401.37,0.01,0
2026-08-18T07:11:56Z,Orbax-Checkpoint-Write,Static-Fixed16MB,512.00,8,0.8607,1712.66,0.8607,2.3915,2.3915,2.3915,2.3916,0.00,4401.37,0.00,0
2026-08-18T07:11:57Z,Orbax-Checkpoint-Write,Smart-DynamicChunk,512.00,8,0.4190,3973.37,0.4190,1.0308,1.0308,1.0308,1.0309,0.00,4401.37,0.00,0
2026-08-18T07:11:59Z,Orbax-Checkpoint-Write,Static-Fixed16MB,512.00,16,0.8208,4587.65,0.8208,1.5264,1.7856,1.7856,1.7857,0.00,4401.37,0.00,0
2026-08-18T07:12:00Z,Orbax-Checkpoint-Write,Smart-DynamicChunk,512.00,16,0.4197,6974.03,0.4197,1.1552,1.1746,1.1746,1.1746,0.00,4401.37,0.00,0
2026-08-18T07:12:02Z,Orbax-Checkpoint-Write,Static-Fixed16MB,512.00,32,0.7530,7901.59,0.7530,1.2156,2.0734,2.0734,2.0735,0.00,4401.37,0.01,0
2026-08-18T07:12:03Z,Orbax-Checkpoint-Write,Smart-DynamicChunk,512.00,32,0.4202,11737.53,0.4202,0.4203,1.3957,1.3957,1.3959,0.00,4401.37,0.01,0
2026-08-18T07:12:05Z,Orbax-Checkpoint-Write,Static-Fixed16MB,1024.00,8,1.3752,4013.84,1.3752,2.0409,2.0409,2.0409,2.0409,0.00,4401.37,0.00,0
2026-08-18T07:12:08Z,Orbax-Checkpoint-Write,Smart-DynamicChunk,1024.00,8,0.8378,2840.23,0.8378,2.8842,2.8842,2.8842,2.8843,0.00,4401.37,0.00,0
2026-08-18T07:12:11Z,Orbax-Checkpoint-Write,Static-Fixed16MB,1024.00,16,1.6218,5661.91,1.6218,2.6681,2.8936,2.8936,2.8937,0.00,4401.37,0.00,0
2026-08-18T07:12:13Z,Orbax-Checkpoint-Write,Smart-DynamicChunk,1024.00,16,0.8427,10041.15,0.8427,1.5898,1.6316,1.6316,1.6317,0.00,4401.37,0.00,0
2026-08-18T07:12:16Z,Orbax-Checkpoint-Write,Static-Fixed16MB,1024.00,32,1.4484,9799.10,1.4484,2.5623,3.3439,3.3439,3.3440,0.00,4401.37,0.01,0
2026-08-18T07:12:18Z,Orbax-Checkpoint-Write,Smart-DynamicChunk,1024.00,32,0.8401,14970.49,0.8401,1.3548,2.1887,2.1887,2.1888,0.00,4401.37,0.01,0
2026-08-18T07:12:18Z,DataLoader-Streaming,Static-NoPrefetch,4.00,1,0.1391,460.25,0.0087,0.0087,0.0087,0.1391,0.1391,34.52,4401.37,64.00,1
2026-08-18T07:12:18Z,DataLoader-Streaming,Smart-Prefetch-Depth1,4.00,1,0.1057,605.57,0.0066,0.0066,0.0066,0.1057,0.1057,15.32,4401.37,80.01,0
2026-08-18T07:12:19Z,DataLoader-Streaming,Smart-Prefetch-Depth2,4.00,1,0.1160,551.69,0.0073,0.0073,0.0073,0.1160,0.1160,24.39,4401.37,84.01,1
2026-08-18T07:12:19Z,DataLoader-Streaming,Static-NoPrefetch,4.00,1,0.2999,213.43,0.0187,0.0187,0.0187,0.2999,0.2999,16.01,4401.37,64.00,1
2026-08-18T07:12:19Z,DataLoader-Streaming,Smart-Prefetch-Depth1,4.00,1,0.2620,244.30,0.0164,0.0164,0.0164,0.2620,0.2620,6.14,4401.37,84.01,1
2026-08-18T07:12:19Z,DataLoader-Streaming,Smart-Prefetch-Depth2,4.00,1,0.2611,245.10,0.0163,0.0163,0.0163,0.2611,0.2611,5.44,4401.37,84.01,1
2026-08-18T07:12:20Z,DataLoader-Streaming,Static-NoPrefetch,4.00,1,0.5385,118.84,0.0337,0.0337,0.0337,0.5385,0.5385,8.91,4401.37,64.00,1
2026-08-18T07:12:21Z,DataLoader-Streaming,Smart-Prefetch-Depth1,4.00,1,0.5040,126.99,0.0315,0.0315,0.0315,0.5040,0.5040,2.84,4401.37,80.01,1
2026-08-18T07:12:21Z,DataLoader-Streaming,Smart-Prefetch-Depth2,4.00,1,0.5026,127.34,0.0314,0.0314,0.0314,0.5026,0.5026,2.73,4401.37,88.01,1
2026-08-18T07:12:21Z,DataLoader-Streaming,Static-NoPrefetch,16.00,1,0.2497,1025.26,0.0156,0.0156,0.0156,0.2497,0.2497,64.08,4401.37,256.00,1
2026-08-18T07:12:22Z,DataLoader-Streaming,Smart-Prefetch-Depth1,16.00,1,0.2199,1164.16,0.0137,0.0137,0.0137,0.2199,0.2199,57.68,4401.37,304.01,1
2026-08-18T07:12:22Z,DataLoader-Streaming,Smart-Prefetch-Depth2,16.00,1,0.1403,1825.04,0.0088,0.0088,0.0088,0.1403,0.1403,32.03,4401.37,352.01,1
2026-08-18T07:12:22Z,DataLoader-Streaming,Static-NoPrefetch,16.00,1,0.4091,625.75,0.0256,0.0256,0.0256,0.4091,0.4091,39.11,4401.37,256.00,0
2026-08-18T07:12:23Z,DataLoader-Streaming,Smart-Prefetch-Depth1,16.00,1,0.2973,861.12,0.0186,0.0186,0.0186,0.2973,0.2973,14.98,4401.37,336.01,1
2026-08-18T07:12:23Z,DataLoader-Streaming,Smart-Prefetch-Depth2,16.00,1,0.3099,826.15,0.0194,0.0194,0.0194,0.3099,0.3099,19.46,4401.37,352.01,1
2026-08-18T07:12:24Z,DataLoader-Streaming,Static-NoPrefetch,16.00,1,0.6504,393.61,0.0406,0.0406,0.0406,0.6504,0.6504,24.60,4401.37,256.00,0
2026-08-18T07:12:24Z,DataLoader-Streaming,Smart-Prefetch-Depth1,16.00,1,0.5465,468.46,0.0342,0.0342,0.0342,0.5465,0.5465,10.05,4401.37,320.01,1
2026-08-18T07:12:25Z,DataLoader-Streaming,Smart-Prefetch-Depth2,16.00,1,0.5359,477.69,0.0335,0.0335,0.0335,0.5359,0.5359,8.21,4401.37,336.01,1
2026-08-18T07:12:26Z,DataLoader-Streaming,Static-NoPrefetch,64.00,1,0.7459,1372.87,0.0466,0.0466,0.0466,0.7459,0.7459,87.95,4401.37,1024.00,1
2026-08-18T07:12:27Z,DataLoader-Streaming,Smart-Prefetch-Depth1,64.00,1,0.8117,1261.60,0.0507,0.0507,0.0507,0.8117,0.8117,89.27,4401.37,1216.01,1
2026-08-18T07:12:27Z,DataLoader-Streaming,Smart-Prefetch-Depth2,64.00,1,0.4619,2217.14,0.0289,0.0289,0.0289,0.4619,0.4619,81.11,4401.37,1408.01,1
2026-08-18T07:12:28Z,DataLoader-Streaming,Static-NoPrefetch,64.00,1,0.9070,1129.00,0.0567,0.0567,0.0567,0.9070,0.9070,72.33,4401.37,1024.00,1
2026-08-18T07:12:29Z,DataLoader-Streaming,Smart-Prefetch-Depth1,64.00,1,0.8415,1216.83,0.0526,0.0526,0.0526,0.8415,0.8415,69.61,4401.37,1216.01,0
2026-08-18T07:12:30Z,DataLoader-Streaming,Smart-Prefetch-Depth2,64.00,1,0.5000,2048.16,0.0312,0.0312,0.0312,0.5000,0.5000,47.80,4401.37,1408.01,1
2026-08-18T07:12:31Z,DataLoader-Streaming,Static-NoPrefetch,64.00,1,1.1455,893.93,0.0716,0.0716,0.0716,1.1455,1.1455,57.27,4401.37,1024.00,1
2026-08-18T07:12:32Z,DataLoader-Streaming,Smart-Prefetch-Depth1,64.00,1,0.8087,1266.19,0.0505,0.0505,0.0505,0.8087,0.8087,38.81,4401.37,1216.01,0
2026-08-18T07:12:33Z,DataLoader-Streaming,Smart-Prefetch-Depth2,64.00,1,0.6634,1543.65,0.0415,0.0415,0.0415,0.6634,0.6634,24.75,4401.37,1408.01,1
2026-08-18T07:12:33Z,Columnar-Parquet-Scan,Static-OnDemand,128.00,1,0.3435,116.44,0.3435,0.3435,0.3435,0.3435,0.3435,0.00,4401.37,128.00,0
2026-08-18T07:12:34Z,Columnar-Parquet-Scan,Smart-RangePrefetch,128.00,1,0.4320,92.60,0.4320,0.4320,0.4320,0.4320,0.4320,0.00,4401.37,186.05,0
2026-08-18T07:12:34Z,Columnar-Parquet-Scan,Static-OnDemand,512.00,1,0.3358,119.11,0.3358,0.3358,0.3358,0.3358,0.3358,0.00,4401.37,512.00,1
2026-08-18T07:12:34Z,Columnar-Parquet-Scan,Smart-RangePrefetch,512.00,1,0.3750,106.68,0.3750,0.3750,0.3750,0.3750,0.3750,0.00,4401.37,568.05,0
2026-08-18T07:12:35Z,Memory-Guardrail-Soak,Unbounded-Alloc,4.00,100,0.5549,14417.43,0.5549,0.5549,0.5549,0.5549,0.5549,0.00,4401.37,8000.03,28
2026-08-18T07:12:35Z,Memory-Guardrail-Soak,MemoryGuardrail-SlabPool,4.00,100,0.0680,32818.71,0.0680,0.0680,0.0680,0.0680,0.0680,0.00,4401.37,68.06,2
2026-08-18T07:12:36Z,Orbax-Checkpoint-Write,Static-Fixed16MB,64.00,8,0.0538,782.65,0.0538,0.6541,0.6541,0.6541,0.6542,0.00,4401.37,0.00,0
2026-08-18T07:12:37Z,Orbax-Checkpoint-Write,Smart-DynamicChunk,64.00,8,0.0528,633.06,0.0528,0.8086,0.8086,0.8086,0.8088,0.00,4401.37,0.00,0
2026-08-18T07:12:37Z,Orbax-Checkpoint-Write,Static-Fixed16MB,64.00,16,0.0542,2497.71,0.0542,0.0544,0.4097,0.4097,0.4100,0.00,4401.37,0.00,0
2026-08-18T07:12:37Z,Orbax-Checkpoint-Write,Smart-DynamicChunk,64.00,16,0.0528,19338.61,0.0528,0.0529,0.0529,0.0529,0.0530,0.00,4401.37,0.00,0
2026-08-18T07:12:38Z,Orbax-Checkpoint-Write,Static-Fixed16MB,64.00,32,0.0536,2786.34,0.0536,0.0537,0.7349,0.7349,0.7350,0.00,4401.37,0.01,0
2026-08-18T07:12:39Z,Orbax-Checkpoint-Write,Smart-DynamicChunk,64.00,32,0.0539,2527.49,0.0539,0.0539,0.8101,0.8101,0.8103,0.00,4401.37,0.01,0
2026-08-18T07:12:39Z,Orbax-Checkpoint-Write,Static-Fixed16MB,256.00,8,0.2153,2721.48,0.2153,0.7524,0.7524,0.7524,0.7525,0.00,4401.37,0.00,0
2026-08-18T07:12:40Z,Orbax-Checkpoint-Write,Smart-DynamicChunk,256.00,8,0.2110,9702.68,0.2110,0.2110,0.2110,0.2110,0.2111,0.00,4401.37,0.00,0
2026-08-18T07:12:41Z,Orbax-Checkpoint-Write,Static-Fixed16MB,256.00,16,0.2168,2878.02,0.2168,0.9859,1.4229,1.4229,1.4232,0.00,4401.37,0.00,0
2026-08-18T07:12:42Z,Orbax-Checkpoint-Write,Smart-DynamicChunk,256.00,16,0.2106,5520.58,0.2106,0.6283,0.7418,0.7418,0.7420,0.00,4401.37,0.00,0
2026-08-18T07:12:43Z,Orbax-Checkpoint-Write,Static-Fixed16MB,256.00,32,0.2202,8607.70,0.2202,0.8683,0.9515,0.9515,0.9517,0.00,4401.37,0.01,0
2026-08-18T07:12:43Z,Orbax-Checkpoint-Write,Smart-DynamicChunk,256.00,32,0.2102,38915.32,0.2102,0.2103,0.2104,0.2104,0.2105,0.00,4401.37,0.01,0
2026-08-18T07:12:44Z,Orbax-Checkpoint-Write,Static-Fixed16MB,512.00,8,0.4264,3452.47,0.4264,1.1863,1.1863,1.1863,1.1864,0.00,4401.37,0.00,0
2026-08-18T07:12:44Z,Orbax-Checkpoint-Write,Smart-DynamicChunk,512.00,8,0.4199,9753.13,0.4199,0.4199,0.4199,0.4199,0.4200,0.00,4401.37,0.00,0
2026-08-18T07:12:46Z,Orbax-Checkpoint-Write,Static-Fixed16MB,512.00,16,0.4367,6007.23,0.4367,1.3011,1.3636,1.3636,1.3637,0.00,4401.37,0.00,0
2026-08-18T07:12:47Z,Orbax-Checkpoint-Write,Smart-DynamicChunk,512.00,16,0.4210,6867.12,0.4210,0.9265,1.1928,1.1928,1.1929,0.00,4401.37,0.00,0
2026-08-18T07:12:49Z,Orbax-Checkpoint-Write,Static-Fixed16MB,512.00,32,1.0254,8257.72,1.0254,1.5654,1.9839,1.9839,1.9841,0.00,4401.37,0.01,0
2026-08-18T07:12:51Z,Orbax-Checkpoint-Write,Smart-DynamicChunk,512.00,32,0.4205,10112.19,0.4205,0.8090,1.6201,1.6201,1.6202,0.00,4401.37,0.01,0
2026-08-18T07:12:54Z,Orbax-Checkpoint-Write,Static-Fixed16MB,1024.00,8,2.1875,2673.10,2.1875,3.0645,3.0645,3.0645,3.0646,0.00,4401.37,0.00,0
2026-08-18T07:12:55Z,Orbax-Checkpoint-Write,Smart-DynamicChunk,1024.00,8,0.8404,7004.38,0.8404,1.1695,1.1695,1.1695,1.1696,0.00,4401.37,0.00,0
2026-08-18T07:12:59Z,Orbax-Checkpoint-Write,Static-Fixed16MB,1024.00,16,1.8000,4059.79,1.8000,2.5303,4.0356,4.0356,4.0357,0.00,4401.37,0.00,0
2026-08-18T07:13:00Z,Orbax-Checkpoint-Write,Smart-DynamicChunk,1024.00,16,0.8376,13080.42,0.8376,1.1507,1.2525,1.2525,1.2526,0.00,4401.37,0.00,0
2026-08-18T07:13:03Z,Orbax-Checkpoint-Write,Static-Fixed16MB,1024.00,32,1.4065,12157.36,1.4065,2.0412,2.6952,2.6952,2.6953,0.00,4401.37,0.01,0
2026-08-18T07:13:05Z,Orbax-Checkpoint-Write,Smart-DynamicChunk,1024.00,32,0.8419,16147.82,0.8419,1.5818,2.0291,2.0291,2.0293,0.00,4401.37,0.01,0
2026-08-18T07:13:05Z,DataLoader-Streaming,Static-NoPrefetch,4.00,1,0.1379,464.05,0.0086,0.0086,0.0086,0.1379,0.1379,34.80,4401.37,64.00,1
2026-08-18T07:13:05Z,DataLoader-Streaming,Smart-Prefetch-Depth1,4.00,1,0.0998,641.11,0.0062,0.0062,0.0062,0.0998,0.0998,11.75,4401.37,80.01,0
2026-08-18T07:13:05Z,DataLoader-Streaming,Smart-Prefetch-Depth2,4.00,1,0.1014,630.98,0.0063,0.0063,0.0063,0.1014,0.1014,13.28,4401.37,88.01,1
2026-08-18T07:13:06Z,DataLoader-Streaming,Static-NoPrefetch,4.00,1,0.2990,214.03,0.0187,0.0187,0.0187,0.2990,0.2990,16.05,4401.37,64.00,1
2026-08-18T07:13:06Z,DataLoader-Streaming,Smart-Prefetch-Depth1,4.00,1,0.2641,242.37,0.0165,0.0165,0.0165,0.2641,0.2641,5.47,4401.37,84.01,1
2026-08-18T07:13:06Z,DataLoader-Streaming,Smart-Prefetch-Depth2,4.00,1,0.2620,244.26,0.0164,0.0164,0.0164,0.2620,0.2620,4.66,4401.37,84.01,1
2026-08-18T07:13:07Z,DataLoader-Streaming,Static-NoPrefetch,4.00,1,0.5384,118.87,0.0337,0.0337,0.0337,0.5384,0.5384,8.92,4401.37,64.00,1
2026-08-18T07:13:07Z,DataLoader-Streaming,Smart-Prefetch-Depth1,4.00,1,0.5012,127.70,0.0313,0.0313,0.0313,0.5012,0.5012,2.45,4401.37,80.01,1
2026-08-18T07:13:08Z,DataLoader-Streaming,Smart-Prefetch-Depth2,4.00,1,0.5003,127.92,0.0313,0.0313,0.0313,0.5003,0.5003,2.16,4401.37,88.01,1
2026-08-18T07:13:08Z,DataLoader-Streaming,Static-NoPrefetch,16.00,1,0.2501,1023.52,0.0156,0.0156,0.0156,0.2501,0.2501,63.97,4401.37,256.00,1
2026-08-18T07:13:08Z,DataLoader-Streaming,Smart-Prefetch-Depth1,16.00,1,0.2159,1185.71,0.0135,0.0135,0.0135,0.2159,0.2159,58.46,4401.37,320.01,1
2026-08-18T07:13:08Z,DataLoader-Streaming,Smart-Prefetch-Depth2,16.00,1,0.1266,2022.81,0.0079,0.0079,0.0079,0.1266,0.1266,30.30,4401.37,336.01,1
2026-08-18T07:13:09Z,DataLoader-Streaming,Static-NoPrefetch,16.00,1,0.4115,622.15,0.0257,0.0257,0.0257,0.4115,0.4115,38.88,4401.37,256.00,1
2026-08-18T07:13:09Z,DataLoader-Streaming,Smart-Prefetch-Depth1,16.00,1,0.2954,866.68,0.0185,0.0185,0.0185,0.2954,0.2954,14.19,4401.37,320.01,1
2026-08-18T07:13:09Z,DataLoader-Streaming,Smart-Prefetch-Depth2,16.00,1,0.3031,844.52,0.0189,0.0189,0.0189,0.3031,0.3031,16.86,4401.37,352.01,1
2026-08-18T07:13:10Z,DataLoader-Streaming,Static-NoPrefetch,16.00,1,0.6519,392.72,0.0407,0.0407,0.0407,0.6519,0.6519,24.55,4401.37,256.00,1
2026-08-18T07:13:11Z,DataLoader-Streaming,Smart-Prefetch-Depth1,16.00,1,0.5342,479.23,0.0334,0.0334,0.0334,0.5342,0.5342,7.89,4401.37,352.01,1
2026-08-18T07:13:11Z,DataLoader-Streaming,Smart-Prefetch-Depth2,16.00,1,0.5392,474.79,0.0337,0.0337,0.0337,0.5392,0.5392,8.48,4401.37,352.01,1
2026-08-18T07:13:12Z,DataLoader-Streaming,Static-NoPrefetch,64.00,1,0.7466,1371.54,0.0467,0.0467,0.0467,0.7466,0.7466,87.86,4401.37,1024.00,1
2026-08-18T07:13:13Z,DataLoader-Streaming,Smart-Prefetch-Depth1,64.00,1,0.7983,1282.68,0.0499,0.0499,0.0499,0.7983,0.7983,88.11,4401.37,1216.01,1
2026-08-18T07:13:14Z,DataLoader-Streaming,Smart-Prefetch-Depth2,64.00,1,0.4501,2275.11,0.0281,0.0281,0.0281,0.4501,0.4501,77.65,4401.37,1408.01,1
2026-08-18T07:13:15Z,DataLoader-Streaming,Static-NoPrefetch,64.00,1,0.9063,1129.86,0.0566,0.0566,0.0566,0.9063,0.9063,72.38,4401.37,1024.00,1
2026-08-18T07:13:16Z,DataLoader-Streaming,Smart-Prefetch-Depth1,64.00,1,0.7993,1281.13,0.0500,0.0500,0.0500,0.7993,0.7993,68.22,4401.37,1216.01,0
2026-08-18T07:13:16Z,DataLoader-Streaming,Smart-Prefetch-Depth2,64.00,1,0.4439,2306.81,0.0277,0.0277,0.0277,0.4439,0.4439,42.37,4401.37,1408.01,1
2026-08-18T07:13:18Z,DataLoader-Streaming,Static-NoPrefetch,64.00,1,1.1469,892.87,0.0717,0.0717,0.0717,1.1469,1.1469,57.20,4401.37,1024.00,1
2026-08-18T07:13:19Z,DataLoader-Streaming,Smart-Prefetch-Depth1,64.00,1,0.8122,1260.73,0.0508,0.0508,0.0508,0.8122,0.8122,39.10,4401.37,1216.01,0
2026-08-18T07:13:19Z,DataLoader-Streaming,Smart-Prefetch-Depth2,64.00,1,0.6462,1584.71,0.0404,0.0404,0.0404,0.6462,0.6462,23.05,4401.37,1472.01,1
2026-08-18T07:13:20Z,Columnar-Parquet-Scan,Static-OnDemand,128.00,1,0.3344,119.61,0.3344,0.3344,0.3344,0.3344,0.3344,0.00,4401.37,128.00,0
2026-08-18T07:13:20Z,Columnar-Parquet-Scan,Smart-RangePrefetch,128.00,1,0.3786,105.65,0.3786,0.3786,0.3786,0.3786,0.3786,0.00,4401.37,176.05,0
2026-08-18T07:13:21Z,Columnar-Parquet-Scan,Static-OnDemand,512.00,1,0.3350,119.40,0.3350,0.3350,0.3350,0.3350,0.3350,0.00,4401.37,512.00,1
2026-08-18T07:13:21Z,Columnar-Parquet-Scan,Smart-RangePrefetch,512.00,1,0.3636,110.01,0.3636,0.3636,0.3636,0.3636,0.3636,0.00,4401.37,565.05,0
2026-08-18T07:13:21Z,Memory-Guardrail-Soak,Unbounded-Alloc,4.00,100,0.2706,29565.43,0.2706,0.2706,0.2706,0.2706,0.2706,0.00,4401.37,8000.03,32
2026-08-18T07:13:21Z,Memory-Guardrail-Soak,MemoryGuardrail-SlabPool,4.00,100,0.0512,45023.23,0.0512,0.0512,0.0512,0.0512,0.0512,0.00,4401.37,72.04,2
2026-08-18T07:13:22Z,Orbax-Checkpoint-Write,Static-Fixed16MB,64.00,8,0.0543,885.65,0.0543,0.5781,0.5781,0.5781,0.5781,0.00,4401.37,0.00,0
2026-08-18T07:13:22Z,Orbax-Checkpoint-Write,Smart-DynamicChunk,64.00,8,0.0527,9693.09,0.0527,0.0528,0.0528,0.0528,0.0528,0.00,4401.37,0.00,0
2026-08-18T07:13:23Z,Orbax-Checkpoint-Write,Static-Fixed16MB,64.00,16,0.0535,1680.42,0.0535,0.0535,0.6093,0.6093,0.6094,0.00,4401.37,0.00,0
2026-08-18T07:13:23Z,Orbax-Checkpoint-Write,Smart-DynamicChunk,64.00,16,0.0528,19331.11,0.0528,0.0528,0.0529,0.0529,0.0530,0.00,4401.37,0.00,0
2026-08-18T07:13:23Z,Orbax-Checkpoint-Write,Static-Fixed16MB,64.00,32,0.0536,3418.65,0.0536,0.0536,0.5990,0.5990,0.5991,0.00,4401.37,0.01,0
2026-08-18T07:13:24Z,Orbax-Checkpoint-Write,Smart-DynamicChunk,64.00,32,0.0527,3717.56,0.0527,0.0528,0.5508,0.5508,0.5509,0.00,4401.37,0.01,0
2026-08-18T07:13:25Z,Orbax-Checkpoint-Write,Static-Fixed16MB,256.00,8,0.2129,2320.31,0.2129,0.8826,0.8826,0.8826,0.8826,0.00,4401.37,0.00,0
2026-08-18T07:13:25Z,Orbax-Checkpoint-Write,Smart-DynamicChunk,256.00,8,0.2099,9752.20,0.2099,0.2099,0.2099,0.2099,0.2100,0.00,4401.37,0.00,0
2026-08-18T07:13:26Z,Orbax-Checkpoint-Write,Static-Fixed16MB,256.00,16,0.2139,3170.86,0.2139,0.9629,1.2916,1.2916,1.2918,0.00,4401.37,0.00,0
2026-08-18T07:13:26Z,Orbax-Checkpoint-Write,Smart-DynamicChunk,256.00,16,0.2099,19501.78,0.2099,0.2100,0.2100,0.2100,0.2100,0.00,4401.37,0.00,0
2026-08-18T07:13:27Z,Orbax-Checkpoint-Write,Static-Fixed16MB,256.00,32,0.2140,8198.81,0.2140,0.7676,0.9991,0.9991,0.9992,0.00,4401.37,0.01,0
2026-08-18T07:13:28Z,Orbax-Checkpoint-Write,Smart-DynamicChunk,256.00,32,0.2102,8850.55,0.2102,0.6690,0.9255,0.9255,0.9256,0.00,4401.37,0.01,0
2026-08-18T07:13:30Z,Orbax-Checkpoint-Write,Static-Fixed16MB,512.00,8,1.1528,2280.18,1.1528,1.7963,1.7963,1.7963,1.7964,0.00,4401.37,0.00,0
2026-08-18T07:13:31Z,Orbax-Checkpoint-Write,Smart-DynamicChunk,512.00,8,0.4190,3484.85,0.4190,1.1753,1.1753,1.1753,1.1754,0.00,4401.37,0.00,0
2026-08-18T07:13:34Z,Orbax-Checkpoint-Write,Static-Fixed16MB,512.00,16,1.1432,3157.81,1.1432,2.4709,2.5941,2.5941,2.5942,0.00,4401.37,0.00,0
2026-08-18T07:13:34Z,Orbax-Checkpoint-Write,Smart-DynamicChunk,512.00,16,0.4192,19535.09,0.4192,0.4193,0.4193,0.4193,0.4193,0.00,4401.37,0.00,0
2026-08-18T07:13:37Z,Orbax-Checkpoint-Write,Static-Fixed16MB,512.00,32,0.8769,6332.84,0.8769,1.3672,2.5870,2.5870,2.5872,0.00,4401.37,0.01,0
2026-08-18T07:13:38Z,Orbax-Checkpoint-Write,Smart-DynamicChunk,512.00,32,0.4193,16244.31,0.4193,0.8328,1.0085,1.0085,1.0086,0.00,4401.37,0.01,0
2026-08-18T07:13:41Z,Orbax-Checkpoint-Write,Static-Fixed16MB,1024.00,8,1.6535,2877.92,1.6535,2.8465,2.8465,2.8465,2.8465,0.00,4401.37,0.00,0
2026-08-18T07:13:43Z,Orbax-Checkpoint-Write,Smart-DynamicChunk,1024.00,8,0.8371,4223.89,0.8371,1.9394,1.9394,1.9394,1.9394,0.00,4401.37,0.00,0
2026-08-18T07:13:45Z,Orbax-Checkpoint-Write,Static-Fixed16MB,1024.00,16,1.4879,5671.09,1.4879,2.6247,2.8889,2.8889,2.8890,0.00,4401.37,0.00,0
2026-08-18T07:13:47Z,Orbax-Checkpoint-Write,Smart-DynamicChunk,1024.00,16,0.8409,10664.38,0.8409,1.1964,1.5363,1.5363,1.5363,0.00,4401.37,0.00,0
2026-08-18T07:13:51Z,Orbax-Checkpoint-Write,Static-Fixed16MB,1024.00,32,1.5402,8101.20,1.5402,2.3527,4.0448,4.0448,4.0448,0.00,4401.37,0.01,0
2026-08-18T07:13:53Z,Orbax-Checkpoint-Write,Smart-DynamicChunk,1024.00,32,0.8421,14670.12,0.8421,1.4977,2.2335,2.2335,2.2337,0.00,4401.37,0.01,0
2026-08-18T07:13:53Z,DataLoader-Streaming,Static-NoPrefetch,4.00,1,0.1378,464.28,0.0086,0.0086,0.0086,0.1378,0.1378,34.82,4401.37,64.00,1
2026-08-18T07:13:54Z,DataLoader-Streaming,Smart-Prefetch-Depth1,4.00,1,0.0984,650.67,0.0061,0.0061,0.0061,0.0984,0.0984,10.54,4401.37,80.01,0
2026-08-18T07:13:54Z,DataLoader-Streaming,Smart-Prefetch-Depth2,4.00,1,0.1015,630.40,0.0063,0.0063,0.0063,0.1015,0.1015,11.62,4401.37,92.01,1
2026-08-18T07:13:54Z,DataLoader-Streaming,Static-NoPrefetch,4.00,1,0.2971,215.44,0.0186,0.0186,0.0186,0.2971,0.2971,16.16,4401.37,64.00,1
2026-08-18T07:13:54Z,DataLoader-Streaming,Smart-Prefetch-Depth1,4.00,1,0.2598,246.38,0.0162,0.0162,0.0162,0.2598,0.2598,3.84,4401.37,84.01,1
2026-08-18T07:13:54Z,DataLoader-Streaming,Smart-Prefetch-Depth2,4.00,1,0.2585,247.63,0.0162,0.0162,0.0162,0.2585,0.2585,3.93,4401.37,84.01,1
2026-08-18T07:13:55Z,DataLoader-Streaming,Static-NoPrefetch,4.00,1,0.5382,118.91,0.0336,0.0336,0.0336,0.5382,0.5382,8.92,4401.37,64.00,1
2026-08-18T07:13:56Z,DataLoader-Streaming,Smart-Prefetch-Depth1,4.00,1,0.4984,128.40,0.0312,0.0312,0.0312,0.4984,0.4984,2.14,4401.37,84.01,1
2026-08-18T07:13:56Z,DataLoader-Streaming,Smart-Prefetch-Depth2,4.00,1,0.4974,128.67,0.0311,0.0311,0.0311,0.4974,0.4974,2.04,4401.37,84.01,1
2026-08-18T07:13:56Z,DataLoader-Streaming,Static-NoPrefetch,16.00,1,0.2491,1027.87,0.0156,0.0156,0.0156,0.2491,0.2491,64.24,4401.37,256.00,1
2026-08-18T07:13:57Z,DataLoader-Streaming,Smart-Prefetch-Depth1,16.00,1,0.2094,1222.40,0.0131,0.0131,0.0131,0.2094,0.2094,57.14,4401.37,320.01,1
2026-08-18T07:13:57Z,DataLoader-Streaming,Smart-Prefetch-Depth2,16.00,1,0.1238,2067.67,0.0077,0.0077,0.0077,0.1238,0.1238,28.16,4401.37,336.01,1
2026-08-18T07:13:57Z,DataLoader-Streaming,Static-NoPrefetch,16.00,1,0.4089,626.03,0.0256,0.0256,0.0256,0.4089,0.4089,39.13,4401.37,256.00,1
2026-08-18T07:13:57Z,DataLoader-Streaming,Smart-Prefetch-Depth1,16.00,1,0.2846,899.63,0.0178,0.0178,0.0178,0.2846,0.2846,12.31,4401.37,352.01,1
2026-08-18T07:13:58Z,DataLoader-Streaming,Smart-Prefetch-Depth2,16.00,1,0.2873,891.15,0.0180,0.0180,0.0180,0.2873,0.2873,12.33,4401.37,352.01,1
2026-08-18T07:13:58Z,DataLoader-Streaming,Static-NoPrefetch,16.00,1,0.6492,394.33,0.0406,0.0406,0.0406,0.6492,0.6492,24.65,4401.37,256.00,0
2026-08-18T07:13:59Z,DataLoader-Streaming,Smart-Prefetch-Depth1,16.00,1,0.5279,484.98,0.0330,0.0330,0.0330,0.5279,0.5279,6.87,4401.37,320.01,1
2026-08-18T07:14:00Z,DataLoader-Streaming,Smart-Prefetch-Depth2,16.00,1,0.5327,480.53,0.0333,0.0333,0.0333,0.5327,0.5327,8.04,4401.37,352.01,1
2026-08-18T07:14:00Z,DataLoader-Streaming,Static-NoPrefetch,64.00,1,0.7457,1373.25,0.0466,0.0466,0.0466,0.7457,0.7457,87.97,4401.37,1024.00,1
2026-08-18T07:14:01Z,DataLoader-Streaming,Smart-Prefetch-Depth1,64.00,1,0.7623,1343.28,0.0476,0.0476,0.0476,0.7623,0.7623,87.83,4401.37,1216.01,1
2026-08-18T07:14:02Z,DataLoader-Streaming,Smart-Prefetch-Depth2,64.00,1,0.4354,2351.99,0.0272,0.0272,0.0272,0.4354,0.4354,78.21,4401.37,1408.01,1
2026-08-18T07:14:03Z,DataLoader-Streaming,Static-NoPrefetch,64.00,1,0.9050,1131.45,0.0566,0.0566,0.0566,0.9050,0.9050,72.48,4401.37,1024.00,0
2026-08-18T07:14:04Z,DataLoader-Streaming,Smart-Prefetch-Depth1,64.00,1,0.7881,1299.28,0.0493,0.0493,0.0493,0.7881,0.7881,67.34,4401.37,1216.01,1
2026-08-18T07:14:04Z,DataLoader-Streaming,Smart-Prefetch-Depth2,64.00,1,0.4491,2280.03,0.0281,0.0281,0.0281,0.4491,0.4491,44.90,4401.37,1344.01,1
2026-08-18T07:14:06Z,DataLoader-Streaming,Static-NoPrefetch,64.00,1,1.1462,893.37,0.0716,0.0716,0.0716,1.1462,1.1462,57.23,4401.37,1024.00,0
2026-08-18T07:14:07Z,DataLoader-Streaming,Smart-Prefetch-Depth1,64.00,1,0.8762,1168.75,0.0548,0.0548,0.0548,0.8762,0.8762,43.74,4401.37,1280.01,1
2026-08-18T07:14:07Z,DataLoader-Streaming,Smart-Prefetch-Depth2,64.00,1,0.6354,1611.56,0.0397,0.0397,0.0397,0.6354,0.6354,22.17,4401.37,1344.01,1
2026-08-18T07:14:08Z,Columnar-Parquet-Scan,Static-OnDemand,128.00,1,0.3316,120.63,0.3316,0.3316,0.3316,0.3316,0.3316,0.00,4401.37,128.00,0
2026-08-18T07:14:08Z,Columnar-Parquet-Scan,Smart-RangePrefetch,128.00,1,0.3534,113.19,0.3534,0.3534,0.3534,0.3534,0.3534,0.00,4401.37,174.05,0
2026-08-18T07:14:08Z,Columnar-Parquet-Scan,Static-OnDemand,512.00,1,0.3311,120.80,0.3311,0.3311,0.3311,0.3311,0.3311,0.00,4401.37,512.00,0
2026-08-18T07:14:09Z,Columnar-Parquet-Scan,Smart-RangePrefetch,512.00,1,0.3487,114.70,0.3487,0.3487,0.3487,0.3487,0.3487,0.00,4401.37,559.05,1
2026-08-18T07:14:09Z,Memory-Guardrail-Soak,Unbounded-Alloc,4.00,100,0.2970,26937.96,0.2970,0.2970,0.2970,0.2970,0.2970,0.00,4401.37,8000.02,46
2026-08-18T07:14:09Z,Memory-Guardrail-Soak,MemoryGuardrail-SlabPool,4.00,100,0.0527,43025.03,0.0527,0.0527,0.0527,0.0527,0.0527,0.00,4401.37,72.06,2
2026-08-18T07:14:10Z,Orbax-Checkpoint-Write,Static-Fixed16MB,64.00,8,0.0536,768.66,0.0536,0.6661,0.6661,0.6661,0.6661,0.00,4401.37,0.00,0
2026-08-18T07:14:10Z,Orbax-Checkpoint-Write,Smart-DynamicChunk,64.00,8,0.0526,9708.57,0.0526,0.0527,0.0527,0.0527,0.0527,0.00,4401.37,0.00,0
2026-08-18T07:14:11Z,Orbax-Checkpoint-Write,Static-Fixed16MB,64.00,16,0.0535,1421.37,0.0535,0.0536,0.7204,0.7204,0.7204,0.00,4401.37,0.00,0
2026-08-18T07:14:11Z,Orbax-Checkpoint-Write,Smart-DynamicChunk,64.00,16,0.0528,2458.93,0.0528,0.0529,0.4164,0.4164,0.4164,0.00,4401.37,0.00,0
2026-08-18T07:14:12Z,Orbax-Checkpoint-Write,Static-Fixed16MB,64.00,32,0.0533,3224.88,0.0533,0.4470,0.6350,0.6350,0.6351,0.00,4401.37,0.01,0
2026-08-18T07:14:12Z,Orbax-Checkpoint-Write,Smart-DynamicChunk,64.00,32,0.0528,38682.90,0.0528,0.0528,0.0528,0.0528,0.0529,0.00,4401.37,0.01,0
2026-08-18T07:14:13Z,Orbax-Checkpoint-Write,Static-Fixed16MB,256.00,8,0.2129,1419.88,0.2129,1.4423,1.4423,1.4423,1.4424,0.00,4401.37,0.00,0
2026-08-18T07:14:14Z,Orbax-Checkpoint-Write,Smart-DynamicChunk,256.00,8,0.2098,2233.59,0.2098,0.9168,0.9168,0.9168,0.9169,0.00,4401.37,0.00,0
2026-08-18T07:14:15Z,Orbax-Checkpoint-Write,Static-Fixed16MB,256.00,16,0.2134,3101.09,0.2134,0.7703,1.3208,1.3208,1.3208,0.00,4401.37,0.00,0
2026-08-18T07:14:16Z,Orbax-Checkpoint-Write,Smart-DynamicChunk,256.00,16,0.2097,4619.64,0.2097,0.7895,0.8866,0.8866,0.8866,0.00,4401.37,0.00,0
2026-08-18T07:14:17Z,Orbax-Checkpoint-Write,Static-Fixed16MB,256.00,32,0.2137,6433.09,0.2137,0.2138,1.2733,1.2733,1.2734,0.00,4401.37,0.01,0
2026-08-18T07:14:18Z,Orbax-Checkpoint-Write,Smart-DynamicChunk,256.00,32,0.2099,9310.40,0.2099,0.2099,0.8798,0.8798,0.8799,0.00,4401.37,0.01,0
2026-08-18T07:14:20Z,Orbax-Checkpoint-Write,Static-Fixed16MB,512.00,8,1.0351,3351.04,1.0351,1.2223,1.2223,1.2223,1.2223,0.00,4401.37,0.00,0
2026-08-18T07:14:21Z,Orbax-Checkpoint-Write,Smart-DynamicChunk,512.00,8,0.4193,2432.57,0.4193,1.6837,1.6837,1.6837,1.6838,0.00,4401.37,0.00,0
2026-08-18T07:14:23Z,Orbax-Checkpoint-Write,Static-Fixed16MB,512.00,16,0.4259,5123.94,0.4259,0.9816,1.5987,1.5987,1.5988,0.00,4401.37,0.00,0
2026-08-18T07:14:24Z,Orbax-Checkpoint-Write,Smart-DynamicChunk,512.00,16,0.4189,8299.60,0.4189,0.9858,0.9870,0.9870,0.9870,0.00,4401.37,0.00,0
2026-08-18T07:14:26Z,Orbax-Checkpoint-Write,Static-Fixed16MB,512.00,32,0.7701,9369.90,0.7701,1.2009,1.7485,1.7485,1.7486,0.00,4401.37,0.01,0
2026-08-18T07:14:27Z,Orbax-Checkpoint-Write,Smart-DynamicChunk,512.00,32,0.4195,13732.40,0.4195,0.4195,1.1930,1.1930,1.1931,0.00,4401.37,0.01,0
2026-08-18T07:14:29Z,Orbax-Checkpoint-Write,Static-Fixed16MB,1024.00,8,1.2434,4067.78,1.2434,2.0138,2.0138,2.0138,2.0139,0.00,4401.37,0.00,0
2026-08-18T07:14:30Z,Orbax-Checkpoint-Write,Smart-DynamicChunk,1024.00,8,0.8376,5365.40,0.8376,1.5268,1.5268,1.5268,1.5268,0.00,4401.37,0.00,0
2026-08-18T07:14:33Z,Orbax-Checkpoint-Write,Static-Fixed16MB,1024.00,16,1.6508,5414.61,1.6508,2.9049,3.0258,3.0258,3.0259,0.00,4401.37,0.00,0
2026-08-18T07:14:36Z,Orbax-Checkpoint-Write,Smart-DynamicChunk,1024.00,16,0.8390,7535.87,0.8390,1.8820,2.1741,2.1741,2.1741,0.00,4401.37,0.00,0
2026-08-18T07:14:40Z,Orbax-Checkpoint-Write,Static-Fixed16MB,1024.00,32,1.9238,7925.92,1.9238,2.5012,4.1342,4.1342,4.1343,0.00,4401.37,0.01,0
2026-08-18T07:14:42Z,Orbax-Checkpoint-Write,Smart-DynamicChunk,1024.00,32,0.8407,15463.39,0.8407,1.5750,2.1189,2.1189,2.1191,0.00,4401.37,0.01,0
2026-08-18T07:14:42Z,DataLoader-Streaming,Static-NoPrefetch,4.00,1,0.1362,469.81,0.0085,0.0085,0.0085,0.1362,0.1362,35.24,4401.37,64.00,1
2026-08-18T07:14:42Z,DataLoader-Streaming,Smart-Prefetch-Depth1,4.00,1,0.0973,657.55,0.0061,0.0061,0.0061,0.0973,0.0973,11.45,4401.37,80.01,0
2026-08-18T07:14:42Z,DataLoader-Streaming,Smart-Prefetch-Depth2,4.00,1,0.0985,649.79,0.0062,0.0062,0.0062,0.0985,0.0985,10.58,4401.37,88.01,1
2026-08-18T07:14:42Z,DataLoader-Streaming,Static-NoPrefetch,4.00,1,0.2978,214.93,0.0186,0.0186,0.0186,0.2978,0.2978,16.12,4401.37,64.00,1
2026-08-18T07:14:43Z,DataLoader-Streaming,Smart-Prefetch-Depth1,4.00,1,0.2611,245.14,0.0163,0.0163,0.0163,0.2611,0.2611,4.29,4401.37,84.01,1
2026-08-18T07:14:43Z,DataLoader-Streaming,Smart-Prefetch-Depth2,4.00,1,0.2607,245.53,0.0163,0.0163,0.0163,0.2607,0.2607,4.75,4401.37,84.01,1
2026-08-18T07:14:44Z,DataLoader-Streaming,Static-NoPrefetch,4.00,1,0.5376,119.04,0.0336,0.0336,0.0336,0.5376,0.5376,8.93,4401.37,64.00,1
2026-08-18T07:14:44Z,DataLoader-Streaming,Smart-Prefetch-Depth1,4.00,1,0.4990,128.25,0.0312,0.0312,0.0312,0.4990,0.4990,2.17,4401.37,80.01,1
2026-08-18T07:14:45Z,DataLoader-Streaming,Smart-Prefetch-Depth2,4.00,1,0.4981,128.48,0.0311,0.0311,0.0311,0.4981,0.4981,2.28,4401.37,88.01,1
2026-08-18T07:14:45Z,DataLoader-Streaming,Static-NoPrefetch,16.00,1,0.2498,1024.84,0.0156,0.0156,0.0156,0.2498,0.2498,64.05,4401.37,256.00,1
2026-08-18T07:14:45Z,DataLoader-Streaming,Smart-Prefetch-Depth1,16.00,1,0.2123,1205.74,0.0133,0.0133,0.0133,0.2123,0.2123,58.02,4401.37,320.01,1
2026-08-18T07:14:45Z,DataLoader-Streaming,Smart-Prefetch-Depth2,16.00,1,0.1278,2003.38,0.0080,0.0080,0.0080,0.1278,0.1278,28.15,4401.37,336.01,1
2026-08-18T07:14:46Z,DataLoader-Streaming,Static-NoPrefetch,16.00,1,0.4098,624.70,0.0256,0.0256,0.0256,0.4098,0.4098,39.04,4401.37,256.00,1
2026-08-18T07:14:46Z,DataLoader-Streaming,Smart-Prefetch-Depth1,16.00,1,0.2859,895.33,0.0179,0.0179,0.0179,0.2859,0.2859,12.47,4401.37,336.01,1
2026-08-18T07:14:47Z,DataLoader-Streaming,Smart-Prefetch-Depth2,16.00,1,0.2893,884.89,0.0181,0.0181,0.0181,0.2893,0.2893,12.88,4401.37,352.01,1
2026-08-18T07:14:47Z,DataLoader-Streaming,Static-NoPrefetch,16.00,1,0.6496,394.08,0.0406,0.0406,0.0406,0.6496,0.6496,24.63,4401.37,256.00,1
2026-08-18T07:14:48Z,DataLoader-Streaming,Smart-Prefetch-Depth1,16.00,1,0.5281,484.80,0.0330,0.0330,0.0330,0.5281,0.5281,6.90,4401.37,320.01,1
2026-08-18T07:14:49Z,DataLoader-Streaming,Smart-Prefetch-Depth2,16.00,1,0.5294,483.56,0.0331,0.0331,0.0331,0.5294,0.5294,6.87,4401.37,352.01,1
2026-08-18T07:14:49Z,DataLoader-Streaming,Static-NoPrefetch,64.00,1,0.7458,1373.02,0.0466,0.0466,0.0466,0.7458,0.7458,87.96,4401.37,1024.00,1
2026-08-18T07:14:51Z,DataLoader-Streaming,Smart-Prefetch-Depth1,64.00,1,0.8932,1146.50,0.0558,0.0558,0.0558,0.8932,0.8932,89.30,4401.37,1216.01,1
2026-08-18T07:14:53Z,DataLoader-Streaming,Smart-Prefetch-Depth2,64.00,1,0.5631,1818.58,0.0352,0.0352,0.0352,0.5631,0.5631,83.49,4401.37,1344.01,1
2026-08-18T07:14:54Z,DataLoader-Streaming,Static-NoPrefetch,64.00,1,0.9058,1130.47,0.0566,0.0566,0.0566,0.9058,0.9058,72.42,4401.37,1024.00,1
2026-08-18T07:14:55Z,DataLoader-Streaming,Smart-Prefetch-Depth1,64.00,1,0.7927,1291.74,0.0495,0.0495,0.0495,0.7927,0.7927,67.99,4401.37,1216.01,0
2026-08-18T07:14:55Z,DataLoader-Streaming,Smart-Prefetch-Depth2,64.00,1,0.5431,1885.49,0.0339,0.0339,0.0339,0.5431,0.5431,53.82,4401.37,1408.01,1
2026-08-18T07:14:57Z,DataLoader-Streaming,Static-NoPrefetch,64.00,1,1.1467,893.00,0.0717,0.0717,0.0717,1.1467,1.1467,57.21,4401.37,1024.00,1
2026-08-18T07:14:58Z,DataLoader-Streaming,Smart-Prefetch-Depth1,64.00,1,0.8183,1251.43,0.0511,0.0511,0.0511,0.8183,0.8183,39.40,4401.37,1216.01,1
2026-08-18T07:14:59Z,DataLoader-Streaming,Smart-Prefetch-Depth2,64.00,1,0.7313,1400.19,0.0457,0.0457,0.0457,0.7313,0.7313,32.27,4401.37,1408.01,1
2026-08-18T07:14:59Z,Columnar-Parquet-Scan,Static-OnDemand,128.00,1,0.3306,120.99,0.3306,0.3306,0.3306,0.3306,0.3306,0.00,4401.37,128.00,0
2026-08-18T07:15:00Z,Columnar-Parquet-Scan,Smart-RangePrefetch,128.00,1,0.3896,102.66,0.3896,0.3896,0.3896,0.3896,0.3896,0.00,4401.37,175.05,0
2026-08-18T07:15:00Z,Columnar-Parquet-Scan,Static-OnDemand,512.00,1,0.3305,121.04,0.3305,0.3305,0.3305,0.3305,0.3305,0.00,4401.37,512.00,1
2026-08-18T07:15:01Z,Columnar-Parquet-Scan,Smart-RangePrefetch,512.00,1,0.3598,111.18,0.3598,0.3598,0.3598,0.3598,0.3598,0.00,4401.37,564.05,0
2026-08-18T07:15:01Z,Memory-Guardrail-Soak,Unbounded-Alloc,4.00,100,0.2601,30752.45,0.2601,0.2601,0.2601,0.2601,0.2601,0.00,4401.37,8000.04,7
2026-08-18T07:15:01Z,Memory-Guardrail-Soak,MemoryGuardrail-SlabPool,4.00,100,0.0517,45645.26,0.0517,0.0517,0.0517,0.0517,0.0517,0.00,4401.37,68.04,0
2026-08-18T07:15:01Z,Orbax-Checkpoint-Write,Static-Fixed16MB,64.00,8,0.0530,9623.20,0.0530,0.0531,0.0531,0.0531,0.0532,0.00,4401.37,0.00,0
2026-08-18T07:15:01Z,Orbax-Checkpoint-Write,Smart-DynamicChunk,64.00,8,0.0528,1107.04,0.0528,0.4624,0.4624,0.4624,0.4625,0.00,4401.37,0.00,0
2026-08-18T07:15:02Z,Orbax-Checkpoint-Write,Static-Fixed16MB,64.00,16,0.0535,1321.12,0.0535,0.3762,0.7750,0.7750,0.7751,0.00,4401.37,0.00,0
2026-08-18T07:15:02Z,Orbax-Checkpoint-Write,Smart-DynamicChunk,64.00,16,0.0528,19372.82,0.0528,0.0528,0.0528,0.0528,0.0529,0.00,4401.37,0.00,0
2026-08-18T07:15:03Z,Orbax-Checkpoint-Write,Static-Fixed16MB,64.00,32,0.0533,2518.45,0.0533,0.3608,0.8131,0.8131,0.8132,0.00,4401.37,0.01,0
2026-08-18T07:15:04Z,Orbax-Checkpoint-Write,Smart-DynamicChunk,64.00,32,0.0529,2917.03,0.0529,0.0529,0.7020,0.7020,0.7021,0.00,4401.37,0.01,0
2026-08-18T07:15:05Z,Orbax-Checkpoint-Write,Static-Fixed16MB,256.00,8,0.2132,2465.48,0.2132,0.8306,0.8306,0.8306,0.8307,0.00,4401.37,0.00,0
2026-08-18T07:15:05Z,Orbax-Checkpoint-Write,Smart-DynamicChunk,256.00,8,0.2097,3376.64,0.2097,0.6065,0.6065,0.6065,0.6065,0.00,4401.37,0.00,0
2026-08-18T07:15:07Z,Orbax-Checkpoint-Write,Static-Fixed16MB,256.00,16,0.2127,2861.95,0.2127,0.8098,1.4311,1.4311,1.4312,0.00,4401.37,0.00,0
2026-08-18T07:15:08Z,Orbax-Checkpoint-Write,Smart-DynamicChunk,256.00,16,0.2096,2546.00,0.2096,0.7330,1.6087,1.6087,1.6088,0.00,4401.37,0.00,0
2026-08-18T07:15:10Z,Orbax-Checkpoint-Write,Static-Fixed16MB,256.00,32,0.2128,5645.59,0.2128,0.9114,1.4509,1.4509,1.4510,0.00,4401.37,0.01,0
2026-08-18T07:15:11Z,Orbax-Checkpoint-Write,Smart-DynamicChunk,256.00,32,0.2098,8990.95,0.2098,0.7834,0.9110,0.9110,0.9111,0.00,4401.37,0.01,0
2026-08-18T07:15:12Z,Orbax-Checkpoint-Write,Static-Fixed16MB,512.00,8,0.7431,2712.82,0.7431,1.5098,1.5098,1.5098,1.5099,0.00,4401.37,0.00,0
2026-08-18T07:15:13Z,Orbax-Checkpoint-Write,Smart-DynamicChunk,512.00,8,0.4191,5048.87,0.4191,0.8112,0.8112,0.8112,0.8113,0.00,4401.37,0.00,0
2026-08-18T07:15:15Z,Orbax-Checkpoint-Write,Static-Fixed16MB,512.00,16,0.9144,3936.40,0.9144,1.2029,2.0810,2.0810,2.0811,0.00,4401.37,0.00,0
2026-08-18T07:15:16Z,Orbax-Checkpoint-Write,Smart-DynamicChunk,512.00,16,0.4187,7611.98,0.4187,0.9383,1.0761,1.0761,1.0762,0.00,4401.37,0.00,0
2026-08-18T07:15:19Z,Orbax-Checkpoint-Write,Static-Fixed16MB,512.00,32,1.0188,5816.50,1.0188,1.7908,2.8167,2.8167,2.8168,0.00,4401.37,0.01,0
2026-08-18T07:15:20Z,Orbax-Checkpoint-Write,Smart-DynamicChunk,512.00,32,0.4189,15540.48,0.4189,0.8434,1.0542,1.0542,1.0543,0.00,4401.37,0.01,0
2026-08-18T07:15:23Z,Orbax-Checkpoint-Write,Static-Fixed16MB,1024.00,8,2.0904,2444.14,2.0904,3.3516,3.3516,3.3516,3.3517,0.00,4401.37,0.00,0
2026-08-18T07:15:25Z,Orbax-Checkpoint-Write,Smart-DynamicChunk,1024.00,8,0.8374,5238.67,0.8374,1.5637,1.5637,1.5637,1.5638,0.00,4401.37,0.00,0
2026-08-18T07:15:27Z,Orbax-Checkpoint-Write,Static-Fixed16MB,1024.00,16,1.5477,6859.12,1.5477,2.2995,2.3886,2.3886,2.3886,0.00,4401.37,0.00,0
2026-08-18T07:15:30Z,Orbax-Checkpoint-Write,Smart-DynamicChunk,1024.00,16,0.8421,6360.45,0.8421,1.4906,2.5759,2.5759,2.5759,0.00,4401.37,0.00,0
2026-08-18T07:15:33Z,Orbax-Checkpoint-Write,Static-Fixed16MB,1024.00,32,1.5948,12141.38,1.5948,2.2586,2.6988,2.6988,2.6989,0.00,4401.37,0.01,0
2026-08-18T07:15:34Z,Orbax-Checkpoint-Write,Smart-DynamicChunk,1024.00,32,0.8408,20538.95,0.8408,1.2509,1.5953,1.5953,1.5954,0.00,4401.37,0.01,0
2026-08-18T07:15:34Z,DataLoader-Streaming,Static-NoPrefetch,4.00,1,0.1381,463.56,0.0086,0.0086,0.0086,0.1381,0.1381,34.77,4401.37,64.00,1
2026-08-18T07:15:34Z,DataLoader-Streaming,Smart-Prefetch-Depth1,4.00,1,0.0990,646.69,0.0062,0.0062,0.0062,0.0990,0.0990,5.90,4401.37,84.01,0
2026-08-18T07:15:34Z,DataLoader-Streaming,Smart-Prefetch-Depth2,4.00,1,0.0979,653.41,0.0061,0.0061,0.0061,0.0979,0.0979,10.79,4401.37,88.01,1
2026-08-18T07:15:35Z,DataLoader-Streaming,Static-NoPrefetch,4.00,1,0.2985,214.41,0.0187,0.0187,0.0187,0.2985,0.2985,16.08,4401.37,64.00,1
2026-08-18T07:15:35Z,DataLoader-Streaming,Smart-Prefetch-Depth1,4.00,1,0.2572,248.79,0.0161,0.0161,0.0161,0.2572,0.2572,3.77,4401.37,84.01,1
2026-08-18T07:15:35Z,DataLoader-Streaming,Smart-Prefetch-Depth2,4.00,1,0.2585,247.59,0.0162,0.0162,0.0162,0.2585,0.2585,4.11,4401.37,88.01,1
2026-08-18T07:15:36Z,DataLoader-Streaming,Static-NoPrefetch,4.00,1,0.5363,119.33,0.0335,0.0335,0.0335,0.5363,0.5363,8.95,4401.37,64.00,1
2026-08-18T07:15:36Z,DataLoader-Streaming,Smart-Prefetch-Depth1,4.00,1,0.4954,129.19,0.0310,0.0310,0.0310,0.4954,0.4954,1.76,4401.37,80.01,1
2026-08-18T07:15:37Z,DataLoader-Streaming,Smart-Prefetch-Depth2,4.00,1,0.4976,128.61,0.0311,0.0311,0.0311,0.4976,0.4976,1.79,4401.37,88.01,1
2026-08-18T07:15:37Z,DataLoader-Streaming,Static-NoPrefetch,16.00,1,0.2484,1030.78,0.0155,0.0155,0.0155,0.2484,0.2484,64.42,4401.37,256.00,1
2026-08-18T07:15:38Z,DataLoader-Streaming,Smart-Prefetch-Depth1,16.00,1,0.1981,1292.38,0.0124,0.0124,0.0124,0.1981,0.1981,55.58,4401.37,304.01,1
2026-08-18T07:15:38Z,DataLoader-Streaming,Smart-Prefetch-Depth2,16.00,1,0.1317,1944.29,0.0082,0.0082,0.0082,0.1317,0.1317,32.56,4401.37,352.01,1
2026-08-18T07:15:38Z,DataLoader-Streaming,Static-NoPrefetch,16.00,1,0.4076,628.14,0.0255,0.0255,0.0255,0.4076,0.4076,39.26,4401.37,256.00,1
2026-08-18T07:15:39Z,DataLoader-Streaming,Smart-Prefetch-Depth1,16.00,1,0.2897,883.59,0.0181,0.0181,0.0181,0.2897,0.2897,14.22,4401.37,320.01,1
2026-08-18T07:15:39Z,DataLoader-Streaming,Smart-Prefetch-Depth2,16.00,1,0.2814,909.65,0.0176,0.0176,0.0176,0.2814,0.2814,9.45,4401.37,352.01,1
2026-08-18T07:15:40Z,DataLoader-Streaming,Static-NoPrefetch,16.00,1,0.6485,394.75,0.0405,0.0405,0.0405,0.6485,0.6485,24.67,4401.37,256.00,1
2026-08-18T07:15:40Z,DataLoader-Streaming,Smart-Prefetch-Depth1,16.00,1,0.5248,487.84,0.0328,0.0328,0.0328,0.5248,0.5248,6.50,4401.37,336.01,1
2026-08-18T07:15:41Z,DataLoader-Streaming,Smart-Prefetch-Depth2,16.00,1,0.5214,491.00,0.0326,0.0326,0.0326,0.5214,0.5214,5.64,4401.37,352.01,1
2026-08-18T07:15:42Z,DataLoader-Streaming,Static-NoPrefetch,64.00,1,0.7448,1374.84,0.0466,0.0466,0.0466,0.7448,0.7448,88.08,4401.37,1024.00,1
2026-08-18T07:15:43Z,DataLoader-Streaming,Smart-Prefetch-Depth1,64.00,1,0.7781,1316.05,0.0486,0.0486,0.0486,0.7781,0.7781,87.71,4401.37,1216.01,1
2026-08-18T07:15:44Z,DataLoader-Streaming,Smart-Prefetch-Depth2,64.00,1,0.5291,1935.34,0.0331,0.0331,0.0331,0.5291,0.5291,82.74,4401.37,1408.01,1
2026-08-18T07:15:45Z,DataLoader-Streaming,Static-NoPrefetch,64.00,1,0.9044,1132.28,0.0565,0.0565,0.0565,0.9044,0.9044,72.54,4401.37,1024.00,1
2026-08-18T07:15:46Z,DataLoader-Streaming,Smart-Prefetch-Depth1,64.00,1,0.7637,1340.83,0.0477,0.0477,0.0477,0.7637,0.7637,67.82,4401.37,1216.01,1
2026-08-18T07:15:46Z,DataLoader-Streaming,Smart-Prefetch-Depth2,64.00,1,0.4246,2411.50,0.0265,0.0265,0.0265,0.4246,0.4246,40.78,4401.37,1408.01,1
2026-08-18T07:15:47Z,DataLoader-Streaming,Static-NoPrefetch,64.00,1,1.1443,894.84,0.0715,0.0715,0.0715,1.1443,1.1443,57.33,4401.37,1024.00,1
2026-08-18T07:15:48Z,DataLoader-Streaming,Smart-Prefetch-Depth1,64.00,1,0.7858,1303.20,0.0491,0.0491,0.0491,0.7858,0.7858,38.24,4401.37,1216.01,1
2026-08-18T07:15:49Z,DataLoader-Streaming,Smart-Prefetch-Depth2,64.00,1,0.6141,1667.49,0.0384,0.0384,0.0384,0.6141,0.6141,18.90,4401.37,1344.01,1
2026-08-18T07:15:49Z,Columnar-Parquet-Scan,Static-OnDemand,128.00,1,0.3292,121.50,0.3292,0.3292,0.3292,0.3292,0.3292,0.00,4401.37,128.00,0
2026-08-18T07:15:50Z,Columnar-Parquet-Scan,Smart-RangePrefetch,128.00,1,0.3511,113.92,0.3511,0.3511,0.3511,0.3511,0.3511,0.00,4401.37,174.05,0
2026-08-18T07:15:50Z,Columnar-Parquet-Scan,Static-OnDemand,512.00,1,0.3303,121.11,0.3303,0.3303,0.3303,0.3303,0.3303,0.00,4401.37,512.00,1
2026-08-18T07:15:50Z,Columnar-Parquet-Scan,Smart-RangePrefetch,512.00,1,0.3450,115.94,0.3450,0.3450,0.3450,0.3450,0.3450,0.00,4401.37,559.05,0
2026-08-18T07:15:51Z,Memory-Guardrail-Soak,Unbounded-Alloc,4.00,100,0.3102,25791.77,0.3102,0.3102,0.3102,0.3102,0.3102,0.00,4401.37,8000.03,45
2026-08-18T07:15:51Z,Memory-Guardrail-Soak,MemoryGuardrail-SlabPool,4.00,100,0.0490,44576.47,0.0490,0.0490,0.0490,0.0490,0.0490,0.00,4401.37,72.04,1
2026-08-18T07:15:51Z,Orbax-Checkpoint-Write,Static-Fixed16MB,64.00,8,0.0551,1131.87,0.0551,0.4523,0.4523,0.4523,0.4523,0.00,4401.37,0.00,0
2026-08-18T07:15:51Z,Orbax-Checkpoint-Write,Smart-DynamicChunk,64.00,8,0.0525,9745.73,0.0525,0.0525,0.0525,0.0525,0.0525,0.00,4401.37,0.00,0
2026-08-18T07:15:52Z,Orbax-Checkpoint-Write,Static-Fixed16MB,64.00,16,0.0531,1544.48,0.0531,0.0532,0.6630,0.6630,0.6630,0.00,4401.37,0.00,0
2026-08-18T07:15:52Z,Orbax-Checkpoint-Write,Smart-DynamicChunk,64.00,16,0.0526,19461.76,0.0526,0.0526,0.0526,0.0526,0.0526,0.00,4401.37,0.00,0
2026-08-18T07:15:53Z,Orbax-Checkpoint-Write,Static-Fixed16MB,64.00,32,0.0531,3439.21,0.0531,0.0531,0.5954,0.5954,0.5955,0.00,4401.37,0.01,0
2026-08-18T07:15:53Z,Orbax-Checkpoint-Write,Smart-DynamicChunk,64.00,32,0.0526,4358.88,0.0526,0.0526,0.4698,0.4698,0.4698,0.00,4401.37,0.01,0
2026-08-18T07:15:54Z,Orbax-Checkpoint-Write,Static-Fixed16MB,256.00,8,0.2121,1857.40,0.2121,1.1026,1.1026,1.1026,1.1026,0.00,4401.37,0.00,0
2026-08-18T07:15:54Z,Orbax-Checkpoint-Write,Smart-DynamicChunk,256.00,8,0.2092,9784.81,0.2092,0.2092,0.2092,0.2092,0.2093,0.00,4401.37,0.00,0
2026-08-18T07:15:55Z,Orbax-Checkpoint-Write,Static-Fixed16MB,256.00,16,0.2128,3889.34,0.2128,0.9936,1.0531,1.0531,1.0531,0.00,4401.37,0.00,0
2026-08-18T07:15:56Z,Orbax-Checkpoint-Write,Smart-DynamicChunk,256.00,16,0.2095,7377.05,0.2095,0.2095,0.5552,0.5552,0.5552,0.00,4401.37,0.00,0
2026-08-18T07:15:57Z,Orbax-Checkpoint-Write,Static-Fixed16MB,256.00,32,0.2119,8175.46,0.2119,0.8714,1.0020,1.0020,1.0020,0.00,4401.37,0.01,0
2026-08-18T07:15:58Z,Orbax-Checkpoint-Write,Smart-DynamicChunk,256.00,32,0.2094,8447.77,0.2094,0.5503,0.9697,0.9697,0.9697,0.00,4401.37,0.01,0
2026-08-18T07:16:00Z,Orbax-Checkpoint-Write,Static-Fixed16MB,512.00,8,0.9819,2193.36,0.9819,1.8674,1.8674,1.8674,1.8675,0.00,4401.37,0.00,0
2026-08-18T07:16:01Z,Orbax-Checkpoint-Write,Smart-DynamicChunk,512.00,8,0.4185,3861.67,0.4185,1.0606,1.0606,1.0606,1.0607,0.00,4401.37,0.00,0
2026-08-18T07:16:02Z,Orbax-Checkpoint-Write,Static-Fixed16MB,512.00,16,0.4249,6670.36,0.4249,1.2056,1.2281,1.2281,1.2281,0.00,4401.37,0.00,0
2026-08-18T07:16:03Z,Orbax-Checkpoint-Write,Smart-DynamicChunk,512.00,16,0.4187,7485.94,0.4187,0.4190,1.0943,1.0943,1.0943,0.00,4401.37,0.00,0
2026-08-18T07:16:05Z,Orbax-Checkpoint-Write,Static-Fixed16MB,512.00,32,0.9106,7400.38,0.9106,1.5778,2.2139,2.2139,2.2139,0.00,4401.37,0.01,0
2026-08-18T07:16:07Z,Orbax-Checkpoint-Write,Smart-DynamicChunk,512.00,32,0.4186,10789.24,0.4186,0.9696,1.5185,1.5185,1.5185,0.00,4401.37,0.01,0
2026-08-18T07:16:09Z,Orbax-Checkpoint-Write,Static-Fixed16MB,1024.00,8,1.8247,3951.50,1.8247,2.0731,2.0731,2.0731,2.0731,0.00,4401.37,0.00,0
2026-08-18T07:16:10Z,Orbax-Checkpoint-Write,Smart-DynamicChunk,1024.00,8,0.8366,5908.01,0.8366,1.3866,1.3866,1.3866,1.3866,0.00,4401.37,0.00,0
2026-08-18T07:16:13Z,Orbax-Checkpoint-Write,Static-Fixed16MB,1024.00,16,1.4268,5649.94,1.4268,2.6386,2.8998,2.8998,2.8999,0.00,4401.37,0.00,0
2026-08-18T07:16:15Z,Orbax-Checkpoint-Write,Smart-DynamicChunk,1024.00,16,0.8399,9563.60,0.8399,1.7119,1.7131,1.7131,1.7132,0.00,4401.37,0.00,0
2026-08-18T07:16:19Z,Orbax-Checkpoint-Write,Static-Fixed16MB,1024.00,32,1.5893,9082.57,1.5893,2.2700,3.6077,3.6077,3.6078,0.00,4401.37,0.01,0
2026-08-18T07:16:21Z,Orbax-Checkpoint-Write,Smart-DynamicChunk,1024.00,32,0.8389,17068.60,0.8389,1.4837,1.9197,1.9197,1.9198,0.00,4401.37,0.01,0
2026-08-18T07:16:21Z,DataLoader-Streaming,Static-NoPrefetch,4.00,1,0.1365,468.88,0.0085,0.0085,0.0085,0.1365,0.1365,35.17,4401.37,64.00,1
2026-08-18T07:16:21Z,DataLoader-Streaming,Smart-Prefetch-Depth1,4.00,1,0.0962,665.24,0.0060,0.0060,0.0060,0.0962,0.0962,9.58,4401.37,80.01,0
2026-08-18T07:16:21Z,DataLoader-Streaming,Smart-Prefetch-Depth2,4.00,1,0.0956,669.32,0.0060,0.0060,0.0060,0.0956,0.0956,8.51,4401.37,88.01,1
2026-08-18T07:16:21Z,DataLoader-Streaming,Static-NoPrefetch,4.00,1,0.2957,216.45,0.0185,0.0185,0.0185,0.2957,0.2957,16.23,4401.37,64.00,1
2026-08-18T07:16:21Z,DataLoader-Streaming,Smart-Prefetch-Depth1,4.00,1,0.2580,248.04,0.0161,0.0161,0.0161,0.2580,0.2580,3.57,4401.37,84.01,1
2026-08-18T07:16:22Z,DataLoader-Streaming,Smart-Prefetch-Depth2,4.00,1,0.2562,249.83,0.0160,0.0160,0.0160,0.2562,0.2562,3.43,4401.37,88.01,1
2026-08-18T07:16:22Z,DataLoader-Streaming,Static-NoPrefetch,4.00,1,0.5362,119.36,0.0335,0.0335,0.0335,0.5362,0.5362,8.95,4401.37,64.00,1
2026-08-18T07:16:23Z,DataLoader-Streaming,Smart-Prefetch-Depth1,4.00,1,0.4973,128.69,0.0311,0.0311,0.0311,0.4973,0.4973,1.91,4401.37,80.01,1
2026-08-18T07:16:23Z,DataLoader-Streaming,Smart-Prefetch-Depth2,4.00,1,0.4959,129.06,0.0310,0.0310,0.0310,0.4959,0.4959,1.71,4401.37,88.01,1
2026-08-18T07:16:24Z,DataLoader-Streaming,Static-NoPrefetch,16.00,1,0.2488,1029.05,0.0155,0.0155,0.0155,0.2488,0.2488,64.32,4401.37,256.00,1
2026-08-18T07:16:24Z,DataLoader-Streaming,Smart-Prefetch-Depth1,16.00,1,0.2029,1261.49,0.0127,0.0127,0.0127,0.2029,0.2029,56.50,4401.37,304.01,1
2026-08-18T07:16:24Z,DataLoader-Streaming,Smart-Prefetch-Depth2,16.00,1,0.1190,2150.70,0.0074,0.0074,0.0074,0.1190,0.1190,24.79,4401.37,336.01,1
2026-08-18T07:16:24Z,DataLoader-Streaming,Static-NoPrefetch,16.00,1,0.4078,627.70,0.0255,0.0255,0.0255,0.4078,0.4078,39.23,4401.37,256.00,1
2026-08-18T07:16:25Z,DataLoader-Streaming,Smart-Prefetch-Depth1,16.00,1,0.2826,905.83,0.0177,0.0177,0.0177,0.2826,0.2826,10.67,4401.37,320.01,1
2026-08-18T07:16:25Z,DataLoader-Streaming,Smart-Prefetch-Depth2,16.00,1,0.2810,910.94,0.0176,0.0176,0.0176,0.2810,0.2810,10.30,4401.37,352.01,1
2026-08-18T07:16:26Z,DataLoader-Streaming,Static-NoPrefetch,16.00,1,0.6480,395.09,0.0405,0.0405,0.0405,0.6480,0.6480,24.69,4401.37,256.00,0
2026-08-18T07:16:26Z,DataLoader-Streaming,Smart-Prefetch-Depth1,16.00,1,0.5238,488.72,0.0327,0.0327,0.0327,0.5238,0.5238,5.75,4401.37,320.01,1
2026-08-18T07:16:27Z,DataLoader-Streaming,Smart-Prefetch-Depth2,16.00,1,0.5268,485.97,0.0329,0.0329,0.0329,0.5268,0.5268,6.75,4401.37,352.01,1
2026-08-18T07:16:27Z,DataLoader-Streaming,Static-NoPrefetch,64.00,1,0.7438,1376.74,0.0465,0.0465,0.0465,0.7438,0.7438,88.20,4401.37,1024.00,1
2026-08-18T07:16:28Z,DataLoader-Streaming,Smart-Prefetch-Depth1,64.00,1,0.7447,1375.02,0.0465,0.0465,0.0465,0.7447,0.7447,88.47,4401.37,1216.01,1
2026-08-18T07:16:29Z,DataLoader-Streaming,Smart-Prefetch-Depth2,64.00,1,0.4068,2517.50,0.0254,0.0254,0.0254,0.4068,0.4068,76.95,4401.37,1408.01,1
2026-08-18T07:16:30Z,DataLoader-Streaming,Static-NoPrefetch,64.00,1,0.9043,1132.39,0.0565,0.0565,0.0565,0.9043,0.9043,72.54,4401.37,1024.00,1
2026-08-18T07:16:31Z,DataLoader-Streaming,Smart-Prefetch-Depth1,64.00,1,0.7609,1345.86,0.0476,0.0476,0.0476,0.7609,0.7609,66.99,4401.37,1216.01,0
2026-08-18T07:16:32Z,DataLoader-Streaming,Smart-Prefetch-Depth2,64.00,1,0.4303,2379.65,0.0269,0.0269,0.0269,0.4303,0.4303,41.23,4401.37,1408.01,1
2026-08-18T07:16:33Z,DataLoader-Streaming,Static-NoPrefetch,64.00,1,1.1442,894.97,0.0715,0.0715,0.0715,1.1442,1.1442,57.33,4401.37,1024.00,1
2026-08-18T07:16:34Z,DataLoader-Streaming,Smart-Prefetch-Depth1,64.00,1,0.7769,1317.98,0.0486,0.0486,0.0486,0.7769,0.7769,36.75,4401.37,1216.01,0
2026-08-18T07:16:34Z,DataLoader-Streaming,Smart-Prefetch-Depth2,64.00,1,0.6081,1683.90,0.0380,0.0380,0.0380,0.6081,0.6081,18.20,4401.37,1344.01,1
2026-08-18T07:16:35Z,Columnar-Parquet-Scan,Static-OnDemand,128.00,1,0.3299,121.23,0.3299,0.3299,0.3299,0.3299,0.3299,0.00,4401.37,128.00,0
2026-08-18T07:16:35Z,Columnar-Parquet-Scan,Smart-RangePrefetch,128.00,1,0.3474,115.15,0.3474,0.3474,0.3474,0.3474,0.3474,0.00,4401.37,177.05,0
2026-08-18T07:16:35Z,Columnar-Parquet-Scan,Static-OnDemand,512.00,1,0.3309,120.87,0.3309,0.3309,0.3309,0.3309,0.3309,0.00,4401.37,512.00,1
2026-08-18T07:16:36Z,Columnar-Parquet-Scan,Smart-RangePrefetch,512.00,1,0.3447,116.05,0.3447,0.3447,0.3447,0.3447,0.3447,0.00,4401.37,556.05,0
2026-08-18T07:16:36Z,Memory-Guardrail-Soak,Unbounded-Alloc,4.00,100,0.2460,32525.09,0.2460,0.2460,0.2460,0.2460,0.2460,0.00,4401.37,8000.02,49
2026-08-18T07:16:36Z,Memory-Guardrail-Soak,MemoryGuardrail-SlabPool,4.00,100,0.0472,47680.35,0.0472,0.0472,0.0472,0.0472,0.0472,0.00,4401.37,72.04,2
2026-08-18T07:16:36Z,Orbax-Checkpoint-Write,Static-Fixed16MB,64.00,8,0.0533,9606.52,0.0533,0.0533,0.0533,0.0533,0.0533,0.00,4401.37,0.00,0
2026-08-18T07:16:36Z,Orbax-Checkpoint-Write,Smart-DynamicChunk,64.00,8,0.0525,9747.31,0.0525,0.0525,0.0525,0.0525,0.0525,0.00,4401.37,0.00,0
2026-08-18T07:16:37Z,Orbax-Checkpoint-Write,Static-Fixed16MB,64.00,16,0.0529,1534.83,0.0529,0.0529,0.6671,0.6671,0.6672,0.00,4401.37,0.00,0
2026-08-18T07:16:37Z,Orbax-Checkpoint-Write,Smart-DynamicChunk,64.00,16,0.0525,2287.99,0.0525,0.0525,0.4475,0.4475,0.4476,0.00,4401.37,0.00,0
2026-08-18T07:16:38Z,Orbax-Checkpoint-Write,Static-Fixed16MB,64.00,32,0.0530,2420.84,0.0530,0.4657,0.8459,0.8459,0.8460,0.00,4401.37,0.01,0
2026-08-18T07:16:39Z,Orbax-Checkpoint-Write,Smart-DynamicChunk,64.00,32,0.0526,3023.50,0.0526,0.0526,0.6773,0.6773,0.6774,0.00,4401.37,0.01,0
2026-08-18T07:16:40Z,Orbax-Checkpoint-Write,Static-Fixed16MB,256.00,8,0.2123,1357.56,0.2123,1.5086,1.5086,1.5086,1.5086,0.00,4401.37,0.00,0
2026-08-18T07:16:41Z,Orbax-Checkpoint-Write,Smart-DynamicChunk,256.00,8,0.2093,9778.86,0.2093,0.2094,0.2094,0.2094,0.2094,0.00,4401.37,0.00,0
2026-08-18T07:16:42Z,Orbax-Checkpoint-Write,Static-Fixed16MB,256.00,16,0.2128,3439.27,0.2128,0.9686,1.1909,1.1909,1.1909,0.00,4401.37,0.00,0
2026-08-18T07:16:42Z,Orbax-Checkpoint-Write,Smart-DynamicChunk,256.00,16,0.2094,6820.04,0.2094,0.2094,0.6005,0.6005,0.6006,0.00,4401.37,0.00,0
2026-08-18T07:16:44Z,Orbax-Checkpoint-Write,Static-Fixed16MB,256.00,32,0.2123,5277.05,0.2123,0.9675,1.5523,1.5523,1.5524,0.00,4401.37,0.01,0
2026-08-18T07:16:45Z,Orbax-Checkpoint-Write,Smart-DynamicChunk,256.00,32,0.2095,10561.56,0.2095,0.2095,0.7756,0.7756,0.7756,0.00,4401.37,0.01,0
2026-08-18T07:16:46Z,Orbax-Checkpoint-Write,Static-Fixed16MB,512.00,8,0.9788,3346.89,0.9788,1.2238,1.2238,1.2238,1.2238,0.00,4401.37,0.00,0
2026-08-18T07:16:46Z,Orbax-Checkpoint-Write,Smart-DynamicChunk,512.00,8,0.4182,9791.00,0.4182,0.4183,0.4183,0.4183,0.4183,0.00,4401.37,0.00,0
2026-08-18T07:16:48Z,Orbax-Checkpoint-Write,Static-Fixed16MB,512.00,16,0.4252,4254.04,0.4252,1.4282,1.9257,1.9257,1.9257,0.00,4401.37,0.00,0
2026-08-18T07:16:49Z,Orbax-Checkpoint-Write,Smart-DynamicChunk,512.00,16,0.4187,9899.28,0.4187,0.4187,0.8275,0.8275,0.8275,0.00,4401.37,0.00,0
2026-08-18T07:16:52Z,Orbax-Checkpoint-Write,Static-Fixed16MB,512.00,32,0.9040,6263.58,0.9040,1.6498,2.6157,2.6157,2.6158,0.00,4401.37,0.01,0
2026-08-18T07:16:53Z,Orbax-Checkpoint-Write,Smart-DynamicChunk,512.00,32,0.4193,18146.71,0.4193,0.4193,0.9028,0.9028,0.9029,0.00,4401.37,0.01,0
2026-08-18T07:16:54Z,Orbax-Checkpoint-Write,Static-Fixed16MB,1024.00,8,1.4036,4591.03,1.4036,1.7843,1.7843,1.7843,1.7843,0.00,4401.37,0.00,0
2026-08-18T07:16:56Z,Orbax-Checkpoint-Write,Smart-DynamicChunk,1024.00,8,1.3724,5122.44,1.3724,1.5992,1.5992,1.5992,1.5992,0.00,4401.37,0.00,0
2026-08-18T07:16:59Z,Orbax-Checkpoint-Write,Static-Fixed16MB,1024.00,16,1.5338,5395.97,1.5338,2.1833,3.0363,3.0363,3.0363,0.00,4401.37,0.00,0
2026-08-18T07:17:01Z,Orbax-Checkpoint-Write,Smart-DynamicChunk,1024.00,16,0.8392,10458.58,0.8392,1.3109,1.5665,1.5665,1.5666,0.00,4401.37,0.00,0
2026-08-18T07:17:03Z,Orbax-Checkpoint-Write,Static-Fixed16MB,1024.00,32,1.5374,12251.36,1.5374,2.1869,2.6746,2.6746,2.6746,0.00,4401.37,0.01,0
2026-08-18T07:17:05Z,Orbax-Checkpoint-Write,Smart-DynamicChunk,1024.00,32,0.8372,20051.17,0.8372,1.5473,1.6342,1.6342,1.6342,0.00,4401.37,0.01,0
2026-08-18T07:17:05Z,DataLoader-Streaming,Static-NoPrefetch,4.00,1,0.1346,475.33,0.0084,0.0084,0.0084,0.1346,0.1346,35.65,4401.37,64.00,1
2026-08-18T07:17:05Z,DataLoader-Streaming,Smart-Prefetch-Depth1,4.00,1,0.0942,679.26,0.0059,0.0059,0.0059,0.0942,0.0942,8.89,4401.37,84.01,0
2026-08-18T07:17:05Z,DataLoader-Streaming,Smart-Prefetch-Depth2,4.00,1,0.0969,660.60,0.0061,0.0061,0.0061,0.0969,0.0969,9.72,4401.37,92.01,1
2026-08-18T07:17:05Z,DataLoader-Streaming,Static-NoPrefetch,4.00,1,0.2956,216.47,0.0185,0.0185,0.0185,0.2956,0.2956,16.24,4401.37,64.00,1
2026-08-18T07:17:06Z,DataLoader-Streaming,Smart-Prefetch-Depth1,4.00,1,0.2586,247.50,0.0162,0.0162,0.0162,0.2586,0.2586,3.93,4401.37,84.01,1
2026-08-18T07:17:06Z,DataLoader-Streaming,Smart-Prefetch-Depth2,4.00,1,0.2547,251.32,0.0159,0.0159,0.0159,0.2547,0.2547,3.38,4401.37,84.01,1
2026-08-18T07:17:07Z,DataLoader-Streaming,Static-NoPrefetch,4.00,1,0.5357,119.48,0.0335,0.0335,0.0335,0.5357,0.5357,8.96,4401.37,64.00,1
2026-08-18T07:17:07Z,DataLoader-Streaming,Smart-Prefetch-Depth1,4.00,1,0.4962,128.97,0.0310,0.0310,0.0310,0.4962,0.4962,1.86,4401.37,80.01,1
2026-08-18T07:17:08Z,DataLoader-Streaming,Smart-Prefetch-Depth2,4.00,1,0.4965,128.89,0.0310,0.0310,0.0310,0.4965,0.4965,1.86,4401.37,84.01,1
2026-08-18T07:17:08Z,DataLoader-Streaming,Static-NoPrefetch,16.00,1,0.2477,1033.34,0.0155,0.0155,0.0155,0.2477,0.2477,64.58,4401.37,256.00,1
2026-08-18T07:17:08Z,DataLoader-Streaming,Smart-Prefetch-Depth1,16.00,1,0.1973,1297.57,0.0123,0.0123,0.0123,0.1973,0.1973,55.74,4401.37,304.01,1
2026-08-18T07:17:08Z,DataLoader-Streaming,Smart-Prefetch-Depth2,16.00,1,0.1220,2098.33,0.0076,0.0076,0.0076,0.1220,0.1220,27.51,4401.37,352.01,1
2026-08-18T07:17:09Z,DataLoader-Streaming,Static-NoPrefetch,16.00,1,0.4091,625.76,0.0256,0.0256,0.0256,0.4091,0.4091,39.11,4401.37,256.00,1
2026-08-18T07:17:09Z,DataLoader-Streaming,Smart-Prefetch-Depth1,16.00,1,0.2831,904.36,0.0177,0.0177,0.0177,0.2831,0.2831,11.06,4401.37,320.01,1
2026-08-18T07:17:09Z,DataLoader-Streaming,Smart-Prefetch-Depth2,16.00,1,0.2814,909.64,0.0176,0.0176,0.0176,0.2814,0.2814,10.55,4401.37,352.01,1
2026-08-18T07:17:10Z,DataLoader-Streaming,Static-NoPrefetch,16.00,1,0.6482,394.92,0.0405,0.0405,0.0405,0.6482,0.6482,24.68,4401.37,256.00,1
2026-08-18T07:17:10Z,DataLoader-Streaming,Smart-Prefetch-Depth1,16.00,1,0.5221,490.34,0.0326,0.0326,0.0326,0.5221,0.5221,5.87,4401.37,336.01,1
2026-08-18T07:17:11Z,DataLoader-Streaming,Smart-Prefetch-Depth2,16.00,1,0.5229,489.58,0.0327,0.0327,0.0327,0.5229,0.5229,5.98,4401.37,352.01,1
2026-08-18T07:17:12Z,DataLoader-Streaming,Static-NoPrefetch,64.00,1,0.7444,1375.53,0.0465,0.0465,0.0465,0.7444,0.7444,88.12,4401.37,1024.00,1
2026-08-18T07:17:13Z,DataLoader-Streaming,Smart-Prefetch-Depth1,64.00,1,0.7600,1347.37,0.0475,0.0475,0.0475,0.7600,0.7600,87.82,4401.37,1216.01,1
2026-08-18T07:17:13Z,DataLoader-Streaming,Smart-Prefetch-Depth2,64.00,1,0.4098,2498.61,0.0256,0.0256,0.0256,0.4098,0.4098,77.71,4401.37,1408.01,1
2026-08-18T07:17:14Z,DataLoader-Streaming,Static-NoPrefetch,64.00,1,0.9041,1132.68,0.0565,0.0565,0.0565,0.9041,0.9041,72.56,4401.37,1024.00,1
2026-08-18T07:17:15Z,DataLoader-Streaming,Smart-Prefetch-Depth1,64.00,1,0.7678,1333.70,0.0480,0.0480,0.0480,0.7678,0.7678,67.35,4401.37,1216.01,0
2026-08-18T07:17:16Z,DataLoader-Streaming,Smart-Prefetch-Depth2,64.00,1,0.4321,2369.76,0.0270,0.0270,0.0270,0.4321,0.4321,40.74,4401.37,1408.01,1
2026-08-18T07:17:17Z,DataLoader-Streaming,Static-NoPrefetch,64.00,1,1.1453,894.13,0.0716,0.0716,0.0716,1.1453,1.1453,57.28,4401.37,1024.00,1
2026-08-18T07:17:18Z,DataLoader-Streaming,Smart-Prefetch-Depth1,64.00,1,0.7868,1301.43,0.0492,0.0492,0.0492,0.7868,0.7868,37.56,4401.37,1216.01,0
2026-08-18T07:17:18Z,DataLoader-Streaming,Smart-Prefetch-Depth2,64.00,1,0.6128,1671.08,0.0383,0.0383,0.0383,0.6128,0.6128,18.82,4401.37,1344.01,1
2026-08-18T07:17:19Z,Columnar-Parquet-Scan,Static-OnDemand,128.00,1,0.3313,120.72,0.3313,0.3313,0.3313,0.3313,0.3313,0.00,4401.37,128.00,0
2026-08-18T07:17:19Z,Columnar-Parquet-Scan,Smart-RangePrefetch,128.00,1,0.3494,114.49,0.3494,0.3494,0.3494,0.3494,0.3494,0.00,4401.37,176.05,0
2026-08-18T07:17:19Z,Columnar-Parquet-Scan,Static-OnDemand,512.00,1,0.3307,120.96,0.3307,0.3307,0.3307,0.3307,0.3307,0.00,4401.37,512.00,1
2026-08-18T07:17:20Z,Columnar-Parquet-Scan,Smart-RangePrefetch,512.00,1,0.3466,115.40,0.3466,0.3466,0.3466,0.3466,0.3466,0.00,4401.37,562.05,0
2026-08-18T07:17:20Z,Memory-Guardrail-Soak,Unbounded-Alloc,4.00,100,0.2606,30695.20,0.2606,0.2606,0.2606,0.2606,0.2606,0.00,4401.37,8000.02,53
2026-08-18T07:17:20Z,Memory-Guardrail-Soak,MemoryGuardrail-SlabPool,4.00,100,0.0477,45216.08,0.0477,0.0477,0.0477,0.0477,0.0477,0.00,4401.37,72.04,2
2026-08-18T07:17:20Z,Orbax-Checkpoint-Write,Static-Fixed16MB,64.00,8,0.0538,9508.78,0.0538,0.0538,0.0538,0.0538,0.0538,0.00,4401.37,0.00,0
2026-08-18T07:17:20Z,Orbax-Checkpoint-Write,Smart-DynamicChunk,64.00,8,0.0526,9723.28,0.0526,0.0526,0.0526,0.0526,0.0527,0.00,4401.37,0.00,0
2026-08-18T07:17:20Z,Orbax-Checkpoint-Write,Static-Fixed16MB,64.00,16,0.0532,19247.25,0.0532,0.0532,0.0532,0.0532,0.0532,0.00,4401.37,0.00,0
2026-08-18T07:17:20Z,Orbax-Checkpoint-Write,Smart-DynamicChunk,64.00,16,0.0526,19430.11,0.0526,0.0526,0.0526,0.0526,0.0527,0.00,4401.37,0.00,0
2026-08-18T07:17:21Z,Orbax-Checkpoint-Write,Static-Fixed16MB,64.00,32,0.0532,4579.19,0.0532,0.0532,0.4472,0.4472,0.4472,0.00,4401.37,0.01,0
2026-08-18T07:17:21Z,Orbax-Checkpoint-Write,Smart-DynamicChunk,64.00,32,0.0526,2721.54,0.0526,0.0526,0.7525,0.7525,0.7525,0.00,4401.37,0.01,0
2026-08-18T07:17:23Z,Orbax-Checkpoint-Write,Static-Fixed16MB,256.00,8,0.2124,1181.42,0.2124,1.7335,1.7335,1.7335,1.7335,0.00,4401.37,0.00,0
2026-08-18T07:17:23Z,Orbax-Checkpoint-Write,Smart-DynamicChunk,256.00,8,0.2091,9791.82,0.2091,0.2091,0.2091,0.2091,0.2092,0.00,4401.37,0.00,0
2026-08-18T07:17:24Z,Orbax-Checkpoint-Write,Static-Fixed16MB,256.00,16,0.2124,4185.60,0.2124,0.9036,0.9786,0.9786,0.9786,0.00,4401.37,0.00,0
2026-08-18T07:17:25Z,Orbax-Checkpoint-Write,Smart-DynamicChunk,256.00,16,0.2096,7493.71,0.2096,0.2097,0.5465,0.5465,0.5466,0.00,4401.37,0.00,0
2026-08-18T07:17:26Z,Orbax-Checkpoint-Write,Static-Fixed16MB,256.00,32,0.2124,5762.99,0.2124,0.7678,1.4214,1.4214,1.4215,0.00,4401.37,0.01,0
2026-08-18T07:17:27Z,Orbax-Checkpoint-Write,Smart-DynamicChunk,256.00,32,0.2096,8154.40,0.2096,0.2096,1.0046,1.0046,1.0046,0.00,4401.37,0.01,0
2026-08-18T07:17:29Z,Orbax-Checkpoint-Write,Static-Fixed16MB,512.00,8,0.7344,2556.07,0.7344,1.6024,1.6024,1.6024,1.6025,0.00,4401.37,0.00,0
2026-08-18T07:17:30Z,Orbax-Checkpoint-Write,Smart-DynamicChunk,512.00,8,0.4183,3483.55,0.4183,1.1758,1.1758,1.1758,1.1758,0.00,4401.37,0.00,0
2026-08-18T07:17:31Z,Orbax-Checkpoint-Write,Static-Fixed16MB,512.00,16,0.4270,6696.93,0.4270,0.9477,1.2232,1.2232,1.2232,0.00,4401.37,0.00,0
2026-08-18T07:17:32Z,Orbax-Checkpoint-Write,Smart-DynamicChunk,512.00,16,0.4188,19558.10,0.4188,0.4188,0.4188,0.4188,0.4189,0.00,4401.37,0.00,0
2026-08-18T07:17:34Z,Orbax-Checkpoint-Write,Static-Fixed16MB,512.00,32,0.7692,9217.99,0.7692,1.3385,1.7773,1.7773,1.7774,0.00,4401.37,0.01,0
2026-08-18T07:17:35Z,Orbax-Checkpoint-Write,Smart-DynamicChunk,512.00,32,0.4189,8909.04,0.4189,0.9519,1.8390,1.8390,1.8390,0.00,4401.37,0.01,0
2026-08-18T07:17:38Z,Orbax-Checkpoint-Write,Static-Fixed16MB,1024.00,8,1.4855,3449.49,1.4855,2.3748,2.3748,2.3748,2.3748,0.00,4401.37,0.00,0
2026-08-18T07:17:39Z,Orbax-Checkpoint-Write,Smart-DynamicChunk,1024.00,8,0.8365,5661.44,0.8365,1.4470,1.4470,1.4470,1.4470,0.00,4401.37,0.00,0
2026-08-18T07:17:43Z,Orbax-Checkpoint-Write,Static-Fixed16MB,1024.00,16,1.8727,4961.37,1.8727,2.5940,3.3023,3.3023,3.3023,0.00,4401.37,0.00,0
2026-08-18T07:17:44Z,Orbax-Checkpoint-Write,Smart-DynamicChunk,1024.00,16,0.8364,11047.20,0.8364,1.3793,1.4830,1.4830,1.4831,0.00,4401.37,0.00,0
2026-08-18T07:17:47Z,Orbax-Checkpoint-Write,Static-Fixed16MB,1024.00,32,1.3721,10879.79,1.3721,2.5254,3.0118,3.0118,3.0118,0.00,4401.37,0.01,0
2026-08-18T07:17:49Z,Orbax-Checkpoint-Write,Smart-DynamicChunk,1024.00,32,0.8369,13896.64,0.8369,1.7039,2.3579,2.3579,2.3580,0.00,4401.37,0.01,0
2026-08-18T07:17:50Z,DataLoader-Streaming,Static-NoPrefetch,4.00,1,0.1374,465.73,0.0086,0.0086,0.0086,0.1374,0.1374,34.93,4401.37,64.00,1
2026-08-18T07:17:50Z,DataLoader-Streaming,Smart-Prefetch-Depth1,4.00,1,0.0980,653.01,0.0061,0.0061,0.0061,0.0980,0.0980,10.47,4401.37,80.01,0
2026-08-18T07:17:50Z,DataLoader-Streaming,Smart-Prefetch-Depth2,4.00,1,0.0970,659.56,0.0061,0.0061,0.0061,0.0970,0.0970,9.76,4401.37,84.01,1
2026-08-18T07:17:50Z,DataLoader-Streaming,Static-NoPrefetch,4.00,1,0.2961,216.18,0.0185,0.0185,0.0185,0.2961,0.2961,16.21,4401.37,64.00,1
2026-08-18T07:17:50Z,DataLoader-Streaming,Smart-Prefetch-Depth1,4.00,1,0.2571,248.97,0.0161,0.0161,0.0161,0.2571,0.2571,3.50,4401.37,84.01,1
2026-08-18T07:17:51Z,DataLoader-Streaming,Smart-Prefetch-Depth2,4.00,1,0.2550,250.94,0.0159,0.0159,0.0159,0.2550,0.2550,3.33,4401.37,84.01,1
2026-08-18T07:17:51Z,DataLoader-Streaming,Static-NoPrefetch,4.00,1,0.5362,119.36,0.0335,0.0335,0.0335,0.5362,0.5362,8.95,4401.37,64.00,1
2026-08-18T07:17:52Z,DataLoader-Streaming,Smart-Prefetch-Depth1,4.00,1,0.4978,128.58,0.0311,0.0311,0.0311,0.4978,0.4978,1.89,4401.37,84.01,1
2026-08-18T07:17:52Z,DataLoader-Streaming,Smart-Prefetch-Depth2,4.00,1,0.4966,128.87,0.0310,0.0310,0.0310,0.4966,0.4966,1.92,4401.37,88.01,1
2026-08-18T07:17:52Z,DataLoader-Streaming,Static-NoPrefetch,16.00,1,0.2481,1031.73,0.0155,0.0155,0.0155,0.2481,0.2481,64.48,4401.37,256.00,1
2026-08-18T07:17:53Z,DataLoader-Streaming,Smart-Prefetch-Depth1,16.00,1,0.2020,1267.46,0.0126,0.0126,0.0126,0.2020,0.2020,56.68,4401.37,320.01,1
2026-08-18T07:17:53Z,DataLoader-Streaming,Smart-Prefetch-Depth2,16.00,1,0.1199,2135.96,0.0075,0.0075,0.0075,0.1199,0.1199,24.41,4401.37,336.01,1
2026-08-18T07:17:53Z,DataLoader-Streaming,Static-NoPrefetch,16.00,1,0.4086,626.60,0.0255,0.0255,0.0255,0.4086,0.4086,39.16,4401.37,256.00,1
2026-08-18T07:17:53Z,DataLoader-Streaming,Smart-Prefetch-Depth1,16.00,1,0.2807,912.13,0.0175,0.0175,0.0175,0.2807,0.2807,10.23,4401.37,320.01,1
2026-08-18T07:17:54Z,DataLoader-Streaming,Smart-Prefetch-Depth2,16.00,1,0.2870,891.91,0.0179,0.0179,0.0179,0.2870,0.2870,12.77,4401.37,336.01,1
2026-08-18T07:17:54Z,DataLoader-Streaming,Static-NoPrefetch,16.00,1,0.6480,395.06,0.0405,0.0405,0.0405,0.6480,0.6480,24.69,4401.37,256.00,0
2026-08-18T07:17:55Z,DataLoader-Streaming,Smart-Prefetch-Depth1,16.00,1,0.5229,489.58,0.0327,0.0327,0.0327,0.5229,0.5229,5.82,4401.37,336.01,1
2026-08-18T07:17:56Z,DataLoader-Streaming,Smart-Prefetch-Depth2,16.00,1,0.5209,491.48,0.0326,0.0326,0.0326,0.5209,0.5209,5.58,4401.37,352.01,1
2026-08-18T07:17:56Z,DataLoader-Streaming,Static-NoPrefetch,64.00,1,0.7438,1376.64,0.0465,0.0465,0.0465,0.7438,0.7438,88.19,4401.37,1024.00,1
2026-08-18T07:17:57Z,DataLoader-Streaming,Smart-Prefetch-Depth1,64.00,1,0.7407,1382.39,0.0463,0.0463,0.0463,0.7407,0.7407,87.36,4401.37,1216.01,1
2026-08-18T07:17:58Z,DataLoader-Streaming,Smart-Prefetch-Depth2,64.00,1,0.4228,2421.83,0.0264,0.0264,0.0264,0.4228,0.4228,78.20,4401.37,1408.01,1
2026-08-18T07:17:59Z,DataLoader-Streaming,Static-NoPrefetch,64.00,1,0.9049,1131.56,0.0566,0.0566,0.0566,0.9049,0.9049,72.49,4401.37,1024.00,1
2026-08-18T07:17:59Z,DataLoader-Streaming,Smart-Prefetch-Depth1,64.00,1,0.7631,1341.93,0.0477,0.0477,0.0477,0.7631,0.7631,67.24,4401.37,1216.01,0
2026-08-18T07:18:00Z,DataLoader-Streaming,Smart-Prefetch-Depth2,64.00,1,0.4278,2393.88,0.0267,0.0267,0.0267,0.4278,0.4278,39.75,4401.37,1408.01,1
2026-08-18T07:18:01Z,DataLoader-Streaming,Static-NoPrefetch,64.00,1,1.1451,894.25,0.0716,0.0716,0.0716,1.1451,1.1451,57.29,4401.37,1024.00,1
2026-08-18T07:18:02Z,DataLoader-Streaming,Smart-Prefetch-Depth1,64.00,1,0.7870,1301.06,0.0492,0.0492,0.0492,0.7870,0.7870,37.31,4401.37,1216.01,0
2026-08-18T07:18:03Z,DataLoader-Streaming,Smart-Prefetch-Depth2,64.00,1,0.6323,1619.57,0.0395,0.0395,0.0395,0.6323,0.6323,21.51,4401.37,1408.01,1
2026-08-18T07:18:03Z,Columnar-Parquet-Scan,Static-OnDemand,128.00,1,0.3304,121.06,0.3304,0.3304,0.3304,0.3304,0.3304,0.00,4401.37,128.00,0
2026-08-18T07:18:04Z,Columnar-Parquet-Scan,Smart-RangePrefetch,128.00,1,0.3490,114.62,0.3490,0.3490,0.3490,0.3490,0.3490,0.00,4401.37,174.05,0
2026-08-18T07:18:04Z,Columnar-Parquet-Scan,Static-OnDemand,512.00,1,0.3322,120.39,0.3322,0.3322,0.3322,0.3322,0.3322,0.00,4401.37,512.00,1
2026-08-18T07:18:04Z,Columnar-Parquet-Scan,Smart-RangePrefetch,512.00,1,0.3453,115.83,0.3453,0.3453,0.3453,0.3453,0.3453,0.00,4401.37,559.05,0
2026-08-18T07:18:05Z,Memory-Guardrail-Soak,Unbounded-Alloc,4.00,100,0.3035,26356.32,0.3035,0.3035,0.3035,0.3035,0.3035,0.00,4401.37,8000.02,41
2026-08-18T07:18:05Z,Memory-Guardrail-Soak,MemoryGuardrail-SlabPool,4.00,100,0.0544,42733.74,0.0544,0.0544,0.0544,0.0544,0.0544,0.00,4401.37,76.06,1
2026-08-18T07:18:05Z,Orbax-Checkpoint-Write,Static-Fixed16MB,64.00,8,0.0564,944.96,0.0564,0.5418,0.5418,0.5418,0.5418,0.00,4401.37,0.00,0
2026-08-18T07:18:05Z,Orbax-Checkpoint-Write,Smart-DynamicChunk,64.00,8,0.0526,9728.96,0.0526,0.0526,0.0526,0.0526,0.0526,0.00,4401.37,0.00,0
2026-08-18T07:18:06Z,Orbax-Checkpoint-Write,Static-Fixed16MB,64.00,16,0.0532,2832.85,0.0532,0.0532,0.3614,0.3614,0.3615,0.00,4401.37,0.00,0
2026-08-18T07:18:06Z,Orbax-Checkpoint-Write,Smart-DynamicChunk,64.00,16,0.0526,19429.33,0.0526,0.0526,0.0526,0.0526,0.0527,0.00,4401.37,0.00,0
2026-08-18T07:18:06Z,Orbax-Checkpoint-Write,Static-Fixed16MB,64.00,32,0.0532,3010.30,0.0532,0.3718,0.6803,0.6803,0.6803,0.00,4401.37,0.01,0
2026-08-18T07:18:07Z,Orbax-Checkpoint-Write,Smart-DynamicChunk,64.00,32,0.0526,4392.00,0.0526,0.0526,0.4662,0.4662,0.4663,0.00,4401.37,0.01,0
2026-08-18T07:18:08Z,Orbax-Checkpoint-Write,Static-Fixed16MB,256.00,8,0.2123,1880.48,0.2123,1.0891,1.0891,1.0891,1.0891,0.00,4401.37,0.00,0
2026-08-18T07:18:08Z,Orbax-Checkpoint-Write,Smart-DynamicChunk,256.00,8,0.2093,9782.37,0.2093,0.2093,0.2093,0.2093,0.2094,0.00,4401.37,0.00,0
2026-08-18T07:18:09Z,Orbax-Checkpoint-Write,Static-Fixed16MB,256.00,16,0.2120,3274.35,0.2120,0.8041,1.2509,1.2509,1.2509,0.00,4401.37,0.00,0
2026-08-18T07:18:10Z,Orbax-Checkpoint-Write,Smart-DynamicChunk,256.00,16,0.2098,19516.25,0.2098,0.2098,0.2098,0.2098,0.2099,0.00,4401.37,0.00,0
2026-08-18T07:18:11Z,Orbax-Checkpoint-Write,Static-Fixed16MB,256.00,32,0.2128,6309.11,0.2128,0.7778,1.2984,1.2984,1.2984,0.00,4401.37,0.01,0
2026-08-18T07:18:12Z,Orbax-Checkpoint-Write,Smart-DynamicChunk,256.00,32,0.2095,9388.87,0.2095,0.2095,0.8724,0.8724,0.8725,0.00,4401.37,0.01,0
2026-08-18T07:18:13Z,Orbax-Checkpoint-Write,Static-Fixed16MB,512.00,8,0.4245,3682.21,0.4245,1.1123,1.1123,1.1123,1.1124,0.00,4401.37,0.00,0
2026-08-18T07:18:14Z,Orbax-Checkpoint-Write,Smart-DynamicChunk,512.00,8,0.4185,3416.38,0.4185,1.1989,1.1989,1.1989,1.1989,0.00,4401.37,0.00,0
2026-08-18T07:18:15Z,Orbax-Checkpoint-Write,Static-Fixed16MB,512.00,16,0.4244,8595.53,0.4244,0.8326,0.9530,0.9530,0.9531,0.00,4401.37,0.00,0
2026-08-18T07:18:16Z,Orbax-Checkpoint-Write,Smart-DynamicChunk,512.00,16,0.4187,7316.70,0.4187,0.4188,1.1196,1.1196,1.1196,0.00,4401.37,0.00,0
2026-08-18T07:18:18Z,Orbax-Checkpoint-Write,Static-Fixed16MB,512.00,32,0.9925,8084.67,0.9925,1.4457,2.0265,2.0265,2.0266,0.00,4401.37,0.01,0
2026-08-18T07:18:19Z,Orbax-Checkpoint-Write,Smart-DynamicChunk,512.00,32,0.4189,15168.66,0.4189,0.4189,1.0800,1.0800,1.0801,0.00,4401.37,0.01,0
2026-08-18T07:18:21Z,Orbax-Checkpoint-Write,Static-Fixed16MB,1024.00,8,1.5907,3914.27,1.5907,2.0928,2.0928,2.0928,2.0929,0.00,4401.37,0.00,0
2026-08-18T07:18:23Z,Orbax-Checkpoint-Write,Smart-DynamicChunk,1024.00,8,0.8385,4330.46,0.8385,1.8917,1.8917,1.8917,1.8917,0.00,4401.37,0.00,0
2026-08-18T07:18:27Z,Orbax-Checkpoint-Write,Static-Fixed16MB,1024.00,16,1.5845,4195.13,1.5845,3.4214,3.9054,3.9054,3.9055,0.00,4401.37,0.00,0
2026-08-18T07:18:29Z,Orbax-Checkpoint-Write,Smart-DynamicChunk,1024.00,16,0.8364,8605.75,0.8364,1.4749,1.9038,1.9038,1.9038,0.00,4401.37,0.00,0
2026-08-18T07:18:32Z,Orbax-Checkpoint-Write,Static-Fixed16MB,1024.00,32,1.4436,10401.41,1.4436,2.6003,3.1503,3.1503,3.1503,0.00,4401.37,0.01,0
2026-08-18T07:18:34Z,Orbax-Checkpoint-Write,Smart-DynamicChunk,1024.00,32,0.8389,16178.88,0.8389,1.5744,2.0253,2.0253,2.0254,0.00,4401.37,0.01,0
2026-08-18T07:18:34Z,DataLoader-Streaming,Static-NoPrefetch,4.00,1,0.1349,474.53,0.0084,0.0084,0.0084,0.1349,0.1349,35.59,4401.37,64.00,1
2026-08-18T07:18:35Z,DataLoader-Streaming,Smart-Prefetch-Depth1,4.00,1,0.0957,668.75,0.0060,0.0060,0.0060,0.0957,0.0957,9.84,4401.37,80.01,0
2026-08-18T07:18:35Z,DataLoader-Streaming,Smart-Prefetch-Depth2,4.00,1,0.0993,644.28,0.0062,0.0062,0.0062,0.0993,0.0993,11.73,4401.37,88.01,1
2026-08-18T07:18:35Z,DataLoader-Streaming,Static-NoPrefetch,4.00,1,0.2969,215.59,0.0186,0.0186,0.0186,0.2969,0.2969,16.17,4401.37,64.00,1
2026-08-18T07:18:35Z,DataLoader-Streaming,Smart-Prefetch-Depth1,4.00,1,0.2590,247.14,0.0162,0.0162,0.0162,0.2590,0.2590,4.14,4401.37,84.01,1
2026-08-18T07:18:35Z,DataLoader-Streaming,Smart-Prefetch-Depth2,4.00,1,0.2550,251.00,0.0159,0.0159,0.0159,0.2550,0.2550,3.26,4401.37,88.01,1
2026-08-18T07:18:36Z,DataLoader-Streaming,Static-NoPrefetch,4.00,1,0.5370,119.18,0.0336,0.0336,0.0336,0.5370,0.5370,8.94,4401.37,64.00,1
2026-08-18T07:18:36Z,DataLoader-Streaming,Smart-Prefetch-Depth1,4.00,1,0.4965,128.90,0.0310,0.0310,0.0310,0.4965,0.4965,1.82,4401.37,80.01,1
2026-08-18T07:18:37Z,DataLoader-Streaming,Smart-Prefetch-Depth2,4.00,1,0.4980,128.51,0.0311,0.0311,0.0311,0.4980,0.4980,1.89,4401.37,88.01,1
2026-08-18T07:18:37Z,DataLoader-Streaming,Static-NoPrefetch,16.00,1,0.2483,1030.96,0.0155,0.0155,0.0155,0.2483,0.2483,64.44,4401.37,256.00,1
2026-08-18T07:18:37Z,DataLoader-Streaming,Smart-Prefetch-Depth1,16.00,1,0.2019,1267.94,0.0126,0.0126,0.0126,0.2019,0.2019,56.69,4401.37,304.01,1
2026-08-18T07:18:38Z,DataLoader-Streaming,Smart-Prefetch-Depth2,16.00,1,0.1292,1981.25,0.0081,0.0081,0.0081,0.1292,0.1292,29.23,4401.37,336.01,1
2026-08-18T07:18:38Z,DataLoader-Streaming,Static-NoPrefetch,16.00,1,0.4073,628.51,0.0255,0.0255,0.0255,0.4073,0.4073,39.28,4401.37,256.00,1
2026-08-18T07:18:38Z,DataLoader-Streaming,Smart-Prefetch-Depth1,16.00,1,0.2837,902.46,0.0177,0.0177,0.0177,0.2837,0.2837,11.62,4401.37,336.01,1
2026-08-18T07:18:39Z,DataLoader-Streaming,Smart-Prefetch-Depth2,16.00,1,0.2835,903.10,0.0177,0.0177,0.0177,0.2835,0.2835,11.52,4401.37,352.01,1
2026-08-18T07:18:39Z,DataLoader-Streaming,Static-NoPrefetch,16.00,1,0.6482,394.94,0.0405,0.0405,0.0405,0.6482,0.6482,24.68,4401.37,256.00,1
2026-08-18T07:18:40Z,DataLoader-Streaming,Smart-Prefetch-Depth1,16.00,1,0.5227,489.75,0.0327,0.0327,0.0327,0.5227,0.5227,5.84,4401.37,352.01,1
2026-08-18T07:18:40Z,DataLoader-Streaming,Smart-Prefetch-Depth2,16.00,1,0.5229,489.61,0.0327,0.0327,0.0327,0.5229,0.5229,5.63,4401.37,352.01,1
2026-08-18T07:18:41Z,DataLoader-Streaming,Static-NoPrefetch,64.00,1,0.7453,1373.86,0.0466,0.0466,0.0466,0.7453,0.7453,88.01,4401.37,1024.00,1
2026-08-18T07:18:42Z,DataLoader-Streaming,Smart-Prefetch-Depth1,64.00,1,0.7600,1347.40,0.0475,0.0475,0.0475,0.7600,0.7600,87.85,4401.37,1216.01,1
2026-08-18T07:18:43Z,DataLoader-Streaming,Smart-Prefetch-Depth2,64.00,1,0.4140,2473.23,0.0259,0.0259,0.0259,0.4140,0.4140,78.40,4401.37,1408.01,1
2026-08-18T07:18:44Z,DataLoader-Streaming,Static-NoPrefetch,64.00,1,0.9045,1132.11,0.0565,0.0565,0.0565,0.9045,0.9045,72.53,4401.37,1024.00,1
2026-08-18T07:18:44Z,DataLoader-Streaming,Smart-Prefetch-Depth1,64.00,1,0.7609,1345.85,0.0476,0.0476,0.0476,0.7609,0.7609,66.85,4401.37,1216.01,0
2026-08-18T07:18:45Z,DataLoader-Streaming,Smart-Prefetch-Depth2,64.00,1,0.4263,2402.31,0.0266,0.0266,0.0266,0.4263,0.4263,40.76,4401.37,1408.01,1
2026-08-18T07:18:46Z,DataLoader-Streaming,Static-NoPrefetch,64.00,1,1.1446,894.63,0.0715,0.0715,0.0715,1.1446,1.1446,57.31,4401.37,1024.00,1
2026-08-18T07:18:47Z,DataLoader-Streaming,Smart-Prefetch-Depth1,64.00,1,0.7814,1310.50,0.0488,0.0488,0.0488,0.7814,0.7814,37.23,4401.37,1216.01,0
2026-08-18T07:18:48Z,DataLoader-Streaming,Smart-Prefetch-Depth2,64.00,1,0.6162,1661.92,0.0385,0.0385,0.0385,0.6162,0.6162,19.43,4401.37,1344.01,1
2026-08-18T07:18:48Z,Columnar-Parquet-Scan,Static-OnDemand,128.00,1,0.3299,121.25,0.3299,0.3299,0.3299,0.3299,0.3299,0.00,4401.37,128.00,0
2026-08-18T07:18:49Z,Columnar-Parquet-Scan,Smart-RangePrefetch,128.00,1,0.3483,114.85,0.3483,0.3483,0.3483,0.3483,0.3483,0.00,4401.37,173.05,0
2026-08-18T07:18:49Z,Columnar-Parquet-Scan,Static-OnDemand,512.00,1,0.3304,121.05,0.3304,0.3304,0.3304,0.3304,0.3304,0.00,4401.37,512.00,0
2026-08-18T07:18:49Z,Columnar-Parquet-Scan,Smart-RangePrefetch,512.00,1,0.3430,116.61,0.3430,0.3430,0.3430,0.3430,0.3430,0.00,4401.37,558.05,1
2026-08-18T07:18:50Z,Memory-Guardrail-Soak,Unbounded-Alloc,4.00,100,0.2765,28936.41,0.2765,0.2765,0.2765,0.2765,0.2765,0.00,4401.37,8000.02,31
2026-08-18T07:18:50Z,Memory-Guardrail-Soak,MemoryGuardrail-SlabPool,4.00,100,0.0501,43354.80,0.0501,0.0501,0.0501,0.0501,0.0501,0.00,4401.37,72.04,1
2026-08-18T07:18:50Z,Orbax-Checkpoint-Write,Static-Fixed16MB,64.00,8,0.0551,733.55,0.0551,0.6979,0.6979,0.6979,0.6980,0.00,4401.37,0.00,0
2026-08-18T07:18:50Z,Orbax-Checkpoint-Write,Smart-DynamicChunk,64.00,8,0.0526,9731.41,0.0526,0.0526,0.0526,0.0526,0.0526,0.00,4401.37,0.00,0
2026-08-18T07:18:51Z,Orbax-Checkpoint-Write,Static-Fixed16MB,64.00,16,0.0531,1742.01,0.0531,0.0531,0.5878,0.5878,0.5878,0.00,4401.37,0.00,0
2026-08-18T07:18:51Z,Orbax-Checkpoint-Write,Smart-DynamicChunk,64.00,16,0.0527,19420.71,0.0527,0.0527,0.0527,0.0527,0.0527,0.00,4401.37,0.00,0
2026-08-18T07:18:52Z,Orbax-Checkpoint-Write,Static-Fixed16MB,64.00,32,0.0533,3347.60,0.0533,0.0534,0.6117,0.6117,0.6118,0.00,4401.37,0.01,0
2026-08-18T07:18:52Z,Orbax-Checkpoint-Write,Smart-DynamicChunk,64.00,32,0.0527,3176.29,0.0527,0.0527,0.6447,0.6447,0.6448,0.00,4401.37,0.01,0
2026-08-18T07:18:53Z,Orbax-Checkpoint-Write,Static-Fixed16MB,256.00,8,0.2129,3743.91,0.2129,0.5470,0.5470,0.5470,0.5470,0.00,4401.37,0.00,0
2026-08-18T07:18:53Z,Orbax-Checkpoint-Write,Smart-DynamicChunk,256.00,8,0.2095,9770.43,0.2095,0.2096,0.2096,0.2096,0.2096,0.00,4401.37,0.00,0
2026-08-18T07:18:54Z,Orbax-Checkpoint-Write,Static-Fixed16MB,256.00,16,0.2128,4839.82,0.2128,0.7111,0.8463,0.8463,0.8463,0.00,4401.37,0.00,0
2026-08-18T07:18:55Z,Orbax-Checkpoint-Write,Smart-DynamicChunk,256.00,16,0.2095,4913.96,0.2095,0.8120,0.8335,0.8335,0.8335,0.00,4401.37,0.00,0
2026-08-18T07:18:56Z,Orbax-Checkpoint-Write,Static-Fixed16MB,256.00,32,0.2123,5444.88,0.2123,0.7824,1.5044,1.5044,1.5045,0.00,4401.37,0.01,0
2026-08-18T07:18:57Z,Orbax-Checkpoint-Write,Smart-DynamicChunk,256.00,32,0.2096,10696.47,0.2096,0.2096,0.7658,0.7658,0.7659,0.00,4401.37,0.01,0
2026-08-18T07:18:58Z,Orbax-Checkpoint-Write,Static-Fixed16MB,512.00,8,0.9425,3144.67,0.9425,1.3025,1.3025,1.3025,1.3025,0.00,4401.37,0.00,0
2026-08-18T07:18:59Z,Orbax-Checkpoint-Write,Smart-DynamicChunk,512.00,8,0.4186,3837.25,0.4186,1.0674,1.0674,1.0674,1.0674,0.00,4401.37,0.00,0
2026-08-18T07:19:01Z,Orbax-Checkpoint-Write,Static-Fixed16MB,512.00,16,0.7588,6780.01,0.7588,1.1951,1.2082,1.2082,1.2083,0.00,4401.37,0.00,0
2026-08-18T07:19:02Z,Orbax-Checkpoint-Write,Smart-DynamicChunk,512.00,16,0.4190,8326.60,0.4190,0.9082,0.9838,0.9838,0.9838,0.00,4401.37,0.00,0
2026-08-18T07:19:04Z,Orbax-Checkpoint-Write,Static-Fixed16MB,512.00,32,0.9000,7354.31,0.9000,1.5167,2.2277,2.2277,2.2278,0.00,4401.37,0.01,0
2026-08-18T07:19:05Z,Orbax-Checkpoint-Write,Smart-DynamicChunk,512.00,32,0.4193,15640.59,0.4193,0.7864,1.0474,1.0474,1.0475,0.00,4401.37,0.01,0
2026-08-18T07:19:07Z,Orbax-Checkpoint-Write,Static-Fixed16MB,1024.00,8,1.3799,3996.55,1.3799,2.0497,2.0497,2.0497,2.0498,0.00,4401.37,0.00,0
2026-08-18T07:19:08Z,Orbax-Checkpoint-Write,Smart-DynamicChunk,1024.00,8,1.1781,5291.96,1.1781,1.5480,1.5480,1.5480,1.5480,0.00,4401.37,0.00,0
2026-08-18T07:19:12Z,Orbax-Checkpoint-Write,Static-Fixed16MB,1024.00,16,1.6897,4587.00,1.6897,3.5645,3.5718,3.5718,3.5718,0.00,4401.37,0.00,0
2026-08-18T07:19:14Z,Orbax-Checkpoint-Write,Smart-DynamicChunk,1024.00,16,0.8369,10019.34,0.8369,1.6129,1.6352,1.6352,1.6352,0.00,4401.37,0.00,0
2026-08-18T07:19:17Z,Orbax-Checkpoint-Write,Static-Fixed16MB,1024.00,32,1.6444,10055.80,1.6444,2.4150,3.2585,3.2585,3.2586,0.00,4401.37,0.01,0
2026-08-18T07:19:19Z,Orbax-Checkpoint-Write,Smart-DynamicChunk,1024.00,32,0.8375,14538.35,0.8375,1.4839,2.2538,2.2538,2.2539,0.00,4401.37,0.01,0
2026-08-18T07:19:19Z,DataLoader-Streaming,Static-NoPrefetch,4.00,1,0.1347,474.96,0.0084,0.0084,0.0084,0.1347,0.1347,35.62,4401.37,64.00,1
2026-08-18T07:19:19Z,DataLoader-Streaming,Smart-Prefetch-Depth1,4.00,1,0.0980,652.95,0.0061,0.0061,0.0061,0.0980,0.0980,9.90,4401.37,80.01,0
2026-08-18T07:19:20Z,DataLoader-Streaming,Smart-Prefetch-Depth2,4.00,1,0.0980,653.14,0.0061,0.0061,0.0061,0.0980,0.0980,9.55,4401.37,92.01,1
2026-08-18T07:19:20Z,DataLoader-Streaming,Static-NoPrefetch,4.00,1,0.2957,216.42,0.0185,0.0185,0.0185,0.2957,0.2957,16.23,4401.37,64.00,1
2026-08-18T07:19:20Z,DataLoader-Streaming,Smart-Prefetch-Depth1,4.00,1,0.2571,248.91,0.0161,0.0161,0.0161,0.2571,0.2571,3.59,4401.37,84.01,1
2026-08-18T07:19:20Z,DataLoader-Streaming,Smart-Prefetch-Depth2,4.00,1,0.2556,250.35,0.0160,0.0160,0.0160,0.2556,0.2556,3.33,4401.37,84.01,1
2026-08-18T07:19:21Z,DataLoader-Streaming,Static-NoPrefetch,4.00,1,0.5365,119.30,0.0335,0.0335,0.0335,0.5365,0.5365,8.95,4401.37,64.00,1
2026-08-18T07:19:21Z,DataLoader-Streaming,Smart-Prefetch-Depth1,4.00,1,0.4963,128.96,0.0310,0.0310,0.0310,0.4963,0.4963,1.93,4401.37,80.01,1
2026-08-18T07:19:22Z,DataLoader-Streaming,Smart-Prefetch-Depth2,4.00,1,0.4969,128.79,0.0311,0.0311,0.0311,0.4969,0.4969,1.98,4401.37,84.01,1
2026-08-18T07:19:22Z,DataLoader-Streaming,Static-NoPrefetch,16.00,1,0.2482,1031.61,0.0155,0.0155,0.0155,0.2482,0.2482,64.48,4401.37,256.00,1
2026-08-18T07:19:22Z,DataLoader-Streaming,Smart-Prefetch-Depth1,16.00,1,0.1979,1293.31,0.0124,0.0124,0.0124,0.1979,0.1979,55.67,4401.37,304.01,1
2026-08-18T07:19:23Z,DataLoader-Streaming,Smart-Prefetch-Depth2,16.00,1,0.1185,2161.16,0.0074,0.0074,0.0074,0.1185,0.1185,23.87,4401.37,336.01,1
2026-08-18T07:19:23Z,DataLoader-Streaming,Static-NoPrefetch,16.00,1,0.4078,627.80,0.0255,0.0255,0.0255,0.4078,0.4078,39.24,4401.37,256.00,1
2026-08-18T07:19:23Z,DataLoader-Streaming,Smart-Prefetch-Depth1,16.00,1,0.2833,903.77,0.0177,0.0177,0.0177,0.2833,0.2833,11.03,4401.37,336.01,1
2026-08-18T07:19:24Z,DataLoader-Streaming,Smart-Prefetch-Depth2,16.00,1,0.2829,905.03,0.0177,0.0177,0.0177,0.2829,0.2829,11.48,4401.37,352.01,1
2026-08-18T07:19:24Z,DataLoader-Streaming,Static-NoPrefetch,16.00,1,0.6482,394.97,0.0405,0.0405,0.0405,0.6482,0.6482,24.69,4401.37,256.00,1
2026-08-18T07:19:25Z,DataLoader-Streaming,Smart-Prefetch-Depth1,16.00,1,0.5206,491.73,0.0325,0.0325,0.0325,0.5206,0.5206,5.83,4401.37,320.01,1
2026-08-18T07:19:25Z,DataLoader-Streaming,Smart-Prefetch-Depth2,16.00,1,0.5225,489.97,0.0327,0.0327,0.0327,0.5225,0.5225,5.74,4401.37,352.01,1
2026-08-18T07:19:26Z,DataLoader-Streaming,Static-NoPrefetch,64.00,1,0.7460,1372.66,0.0466,0.0466,0.0466,0.7460,0.7460,87.94,4401.37,1024.00,1
2026-08-18T07:19:27Z,DataLoader-Streaming,Smart-Prefetch-Depth1,64.00,1,0.7665,1335.87,0.0479,0.0479,0.0479,0.7665,0.7665,88.01,4401.37,1216.01,1
2026-08-18T07:19:27Z,DataLoader-Streaming,Smart-Prefetch-Depth2,64.00,1,0.4023,2545.20,0.0251,0.0251,0.0251,0.4023,0.4023,77.10,4401.37,1408.01,1
2026-08-18T07:19:28Z,DataLoader-Streaming,Static-NoPrefetch,64.00,1,0.9040,1132.74,0.0565,0.0565,0.0565,0.9040,0.9040,72.57,4401.37,1024.00,1
2026-08-18T07:19:29Z,DataLoader-Streaming,Smart-Prefetch-Depth1,64.00,1,0.7700,1329.85,0.0481,0.0481,0.0481,0.7700,0.7700,67.03,4401.37,1216.01,0
2026-08-18T07:19:30Z,DataLoader-Streaming,Smart-Prefetch-Depth2,64.00,1,0.4334,2362.80,0.0271,0.0271,0.0271,0.4334,0.4334,41.18,4401.37,1408.01,1
2026-08-18T07:19:31Z,DataLoader-Streaming,Static-NoPrefetch,64.00,1,1.1444,894.78,0.0715,0.0715,0.0715,1.1444,1.1444,57.32,4401.37,1024.00,1
2026-08-18T07:19:32Z,DataLoader-Streaming,Smart-Prefetch-Depth1,64.00,1,0.7855,1303.56,0.0491,0.0491,0.0491,0.7855,0.7855,37.42,4401.37,1216.01,0
2026-08-18T07:19:33Z,DataLoader-Streaming,Smart-Prefetch-Depth2,64.00,1,0.6188,1654.69,0.0387,0.0387,0.0387,0.6188,0.6188,19.78,4401.37,1344.01,1
2026-08-18T07:19:33Z,Columnar-Parquet-Scan,Static-OnDemand,128.00,1,0.3297,121.34,0.3297,0.3297,0.3297,0.3297,0.3297,0.00,4401.37,128.00,0
2026-08-18T07:19:33Z,Columnar-Parquet-Scan,Smart-RangePrefetch,128.00,1,0.3443,116.17,0.3443,0.3443,0.3443,0.3443,0.3443,0.00,4401.37,173.05,0
2026-08-18T07:19:34Z,Columnar-Parquet-Scan,Static-OnDemand,512.00,1,0.3335,119.94,0.3335,0.3335,0.3335,0.3335,0.3335,0.00,4401.37,512.00,1
2026-08-18T07:19:34Z,Columnar-Parquet-Scan,Smart-RangePrefetch,512.00,1,0.3438,116.34,0.3438,0.3438,0.3438,0.3438,0.3438,0.00,4401.37,557.05,0
2026-08-18T07:19:34Z,Memory-Guardrail-Soak,Unbounded-Alloc,4.00,100,0.2673,29928.03,0.2673,0.2673,0.2673,0.2673,0.2673,0.00,4401.37,8000.03,47
2026-08-18T07:19:34Z,Memory-Guardrail-Soak,MemoryGuardrail-SlabPool,4.00,100,0.0491,45689.81,0.0491,0.0491,0.0491,0.0491,0.0491,0.00,4401.37,72.04,2
2026-08-18T07:19:34Z,Orbax-Checkpoint-Write,Static-Fixed16MB,64.00,8,0.0536,9551.08,0.0536,0.0536,0.0536,0.0536,0.0536,0.00,4401.37,0.00,0
2026-08-18T07:19:34Z,Orbax-Checkpoint-Write,Smart-DynamicChunk,64.00,8,0.0525,9751.71,0.0525,0.0525,0.0525,0.0525,0.0525,0.00,4401.37,0.00,0
2026-08-18T07:19:35Z,Orbax-Checkpoint-Write,Static-Fixed16MB,64.00,16,0.0530,1772.64,0.0530,0.4878,0.5776,0.5776,0.5777,0.00,4401.37,0.00,0
2026-08-18T07:19:35Z,Orbax-Checkpoint-Write,Smart-DynamicChunk,64.00,16,0.0525,19464.26,0.0525,0.0526,0.0526,0.0526,0.0526,0.00,4401.37,0.00,0
2026-08-18T07:19:36Z,Orbax-Checkpoint-Write,Static-Fixed16MB,64.00,32,0.0531,3788.71,0.0531,0.0531,0.5405,0.5405,0.5406,0.00,4401.37,0.01,0
2026-08-18T07:19:36Z,Orbax-Checkpoint-Write,Smart-DynamicChunk,64.00,32,0.0527,38710.69,0.0527,0.0528,0.0528,0.0528,0.0529,0.00,4401.37,0.01,0
2026-08-18T07:19:37Z,Orbax-Checkpoint-Write,Static-Fixed16MB,256.00,8,0.2128,1302.86,0.2128,1.5719,1.5719,1.5719,1.5719,0.00,4401.37,0.00,0
2026-08-18T07:19:38Z,Orbax-Checkpoint-Write,Smart-DynamicChunk,256.00,8,0.2094,2324.81,0.2094,0.8809,0.8809,0.8809,0.8809,0.00,4401.37,0.00,0
2026-08-18T07:19:39Z,Orbax-Checkpoint-Write,Static-Fixed16MB,256.00,16,0.2125,4304.63,0.2125,0.8750,0.9515,0.9515,0.9515,0.00,4401.37,0.00,0
2026-08-18T07:19:40Z,Orbax-Checkpoint-Write,Smart-DynamicChunk,256.00,16,0.2096,5129.53,0.2096,0.7363,0.7985,0.7985,0.7985,0.00,4401.37,0.00,0
2026-08-18T07:19:41Z,Orbax-Checkpoint-Write,Static-Fixed16MB,256.00,32,0.2126,8269.65,0.2126,0.7218,0.9905,0.9905,0.9906,0.00,4401.37,0.01,0
2026-08-18T07:19:42Z,Orbax-Checkpoint-Write,Smart-DynamicChunk,256.00,32,0.2093,8716.74,0.2093,0.6313,0.9397,0.9397,0.9398,0.00,4401.37,0.01,0
2026-08-18T07:19:43Z,Orbax-Checkpoint-Write,Static-Fixed16MB,512.00,8,0.4249,2886.50,0.4249,1.4190,1.4190,1.4190,1.4190,0.00,4401.37,0.00,0
2026-08-18T07:19:44Z,Orbax-Checkpoint-Write,Smart-DynamicChunk,512.00,8,0.4195,9733.29,0.4195,0.4208,0.4208,0.4208,0.4208,0.00,4401.37,0.00,0
2026-08-18T07:19:46Z,Orbax-Checkpoint-Write,Static-Fixed16MB,512.00,16,0.4247,3786.37,0.4247,1.2395,2.1635,2.1635,2.1636,0.00,4401.37,0.00,0
2026-08-18T07:19:47Z,Orbax-Checkpoint-Write,Smart-DynamicChunk,512.00,16,0.4186,6959.85,0.4186,0.9443,1.1770,1.1770,1.1770,0.00,4401.37,0.00,0
2026-08-18T07:19:49Z,Orbax-Checkpoint-Write,Static-Fixed16MB,512.00,32,0.7976,8764.28,0.7976,1.2065,1.8693,1.8693,1.8694,0.00,4401.37,0.01,0
2026-08-18T07:19:51Z,Orbax-Checkpoint-Write,Smart-DynamicChunk,512.00,32,0.4187,9519.15,0.4187,1.1718,1.7211,1.7211,1.7212,0.00,4401.37,0.01,0
2026-08-18T07:19:53Z,Orbax-Checkpoint-Write,Static-Fixed16MB,1024.00,8,2.0017,3506.79,2.0017,2.3360,2.3360,2.3360,2.3360,0.00,4401.37,0.00,0
2026-08-18T07:19:54Z,Orbax-Checkpoint-Write,Smart-DynamicChunk,1024.00,8,0.8370,9787.41,0.8370,0.8370,0.8370,0.8370,0.8370,0.00,4401.37,0.00,0
2026-08-18T07:19:56Z,Orbax-Checkpoint-Write,Static-Fixed16MB,1024.00,16,1.2926,6359.36,1.2926,2.3568,2.5763,2.5763,2.5764,0.00,4401.37,0.00,0
2026-08-18T07:19:57Z,Orbax-Checkpoint-Write,Smart-DynamicChunk,1024.00,16,0.8363,19589.99,0.8363,0.8363,0.8363,0.8363,0.8363,0.00,4401.37,0.00,0
2026-08-18T07:20:01Z,Orbax-Checkpoint-Write,Static-Fixed16MB,1024.00,32,1.3969,9509.56,1.3969,1.6531,3.4457,3.4457,3.4458,0.00,4401.37,0.01,0
2026-08-18T07:20:02Z,Orbax-Checkpoint-Write,Smart-DynamicChunk,1024.00,32,0.8388,21174.76,0.8388,1.3920,1.5474,1.5474,1.5475,0.00,4401.37,0.01,0
2026-08-18T07:20:02Z,DataLoader-Streaming,Static-NoPrefetch,4.00,1,0.1356,472.08,0.0085,0.0085,0.0085,0.1356,0.1356,35.41,4401.37,64.00,1
2026-08-18T07:20:02Z,DataLoader-Streaming,Smart-Prefetch-Depth1,4.00,1,0.0957,668.49,0.0060,0.0060,0.0060,0.0957,0.0957,9.67,4401.37,80.01,0
2026-08-18T07:20:02Z,DataLoader-Streaming,Smart-Prefetch-Depth2,4.00,1,0.0956,669.74,0.0060,0.0060,0.0060,0.0956,0.0956,8.95,4401.37,84.01,1
2026-08-18T07:20:03Z,DataLoader-Streaming,Static-NoPrefetch,4.00,1,0.2968,215.67,0.0185,0.0185,0.0185,0.2968,0.2968,16.18,4401.37,64.00,1
2026-08-18T07:20:03Z,DataLoader-Streaming,Smart-Prefetch-Depth1,4.00,1,0.2577,248.40,0.0161,0.0161,0.0161,0.2577,0.2577,3.68,4401.37,84.01,1
2026-08-18T07:20:03Z,DataLoader-Streaming,Smart-Prefetch-Depth2,4.00,1,0.2546,251.39,0.0159,0.0159,0.0159,0.2546,0.2546,3.32,4401.37,84.01,1
2026-08-18T07:20:04Z,DataLoader-Streaming,Static-NoPrefetch,4.00,1,0.5363,119.34,0.0335,0.0335,0.0335,0.5363,0.5363,8.95,4401.37,64.00,1
2026-08-18T07:20:04Z,DataLoader-Streaming,Smart-Prefetch-Depth1,4.00,1,0.4976,128.62,0.0311,0.0311,0.0311,0.4976,0.4976,1.96,4401.37,84.01,1
2026-08-18T07:20:05Z,DataLoader-Streaming,Smart-Prefetch-Depth2,4.00,1,0.4979,128.54,0.0311,0.0311,0.0311,0.4979,0.4979,2.03,4401.37,88.01,1
2026-08-18T07:20:05Z,DataLoader-Streaming,Static-NoPrefetch,16.00,1,0.2486,1029.96,0.0155,0.0155,0.0155,0.2486,0.2486,64.37,4401.37,256.00,1
2026-08-18T07:20:05Z,DataLoader-Streaming,Smart-Prefetch-Depth1,16.00,1,0.2028,1262.57,0.0127,0.0127,0.0127,0.2028,0.2028,56.25,4401.37,304.01,1
2026-08-18T07:20:05Z,DataLoader-Streaming,Smart-Prefetch-Depth2,16.00,1,0.1208,2119.92,0.0075,0.0075,0.0075,0.1208,0.1208,25.20,4401.37,336.01,1
2026-08-18T07:20:06Z,DataLoader-Streaming,Static-NoPrefetch,16.00,1,0.4090,625.92,0.0256,0.0256,0.0256,0.4090,0.4090,39.12,4401.37,256.00,0
2026-08-18T07:20:06Z,DataLoader-Streaming,Smart-Prefetch-Depth1,16.00,1,0.2826,905.98,0.0177,0.0177,0.0177,0.2826,0.2826,11.11,4401.37,336.01,1
2026-08-18T07:20:07Z,DataLoader-Streaming,Smart-Prefetch-Depth2,16.00,1,0.2820,907.77,0.0176,0.0176,0.0176,0.2820,0.2820,10.99,4401.37,352.01,1
2026-08-18T07:20:07Z,DataLoader-Streaming,Static-NoPrefetch,16.00,1,0.6487,394.65,0.0405,0.0405,0.0405,0.6487,0.6487,24.67,4401.37,256.00,1
2026-08-18T07:20:08Z,DataLoader-Streaming,Smart-Prefetch-Depth1,16.00,1,0.5232,489.26,0.0327,0.0327,0.0327,0.5232,0.5232,5.99,4401.37,336.01,1
2026-08-18T07:20:08Z,DataLoader-Streaming,Smart-Prefetch-Depth2,16.00,1,0.5228,489.69,0.0327,0.0327,0.0327,0.5228,0.5228,6.25,4401.37,336.01,1
2026-08-18T07:20:09Z,DataLoader-Streaming,Static-NoPrefetch,64.00,1,0.7442,1375.92,0.0465,0.0465,0.0465,0.7442,0.7442,88.14,4401.37,1024.00,1
2026-08-18T07:20:10Z,DataLoader-Streaming,Smart-Prefetch-Depth1,64.00,1,0.7506,1364.23,0.0469,0.0469,0.0469,0.7506,0.7506,87.61,4401.37,1216.01,1
2026-08-18T07:20:10Z,DataLoader-Streaming,Smart-Prefetch-Depth2,64.00,1,0.4081,2508.98,0.0255,0.0255,0.0255,0.4081,0.4081,77.05,4401.37,1408.01,1
2026-08-18T07:20:11Z,DataLoader-Streaming,Static-NoPrefetch,64.00,1,0.9050,1131.49,0.0566,0.0566,0.0566,0.9050,0.9050,72.49,4401.37,1024.00,1
2026-08-18T07:20:12Z,DataLoader-Streaming,Smart-Prefetch-Depth1,64.00,1,0.7627,1342.66,0.0477,0.0477,0.0477,0.7627,0.7627,66.95,4401.37,1216.01,0
2026-08-18T07:20:13Z,DataLoader-Streaming,Smart-Prefetch-Depth2,64.00,1,0.4277,2394.15,0.0267,0.0267,0.0267,0.4277,0.4277,40.62,4401.37,1408.01,1
2026-08-18T07:20:14Z,DataLoader-Streaming,Static-NoPrefetch,64.00,1,1.1442,894.96,0.0715,0.0715,0.0715,1.1442,1.1442,57.33,4401.37,1024.00,1
2026-08-18T07:20:15Z,DataLoader-Streaming,Smart-Prefetch-Depth1,64.00,1,0.7898,1296.48,0.0494,0.0494,0.0494,0.7898,0.7898,37.80,4401.37,1216.01,0
2026-08-18T07:20:16Z,DataLoader-Streaming,Smart-Prefetch-Depth2,64.00,1,0.6278,1631.00,0.0392,0.0392,0.0392,0.6278,0.6278,20.76,4401.37,1408.01,1
2026-08-18T07:20:16Z,Columnar-Parquet-Scan,Static-OnDemand,128.00,1,0.3303,121.08,0.3303,0.3303,0.3303,0.3303,0.3303,0.00,4401.37,128.00,0
2026-08-18T07:20:16Z,Columnar-Parquet-Scan,Smart-RangePrefetch,128.00,1,0.3458,115.69,0.3458,0.3458,0.3458,0.3458,0.3458,0.00,4401.37,176.05,0
2026-08-18T07:20:17Z,Columnar-Parquet-Scan,Static-OnDemand,512.00,1,0.3323,120.37,0.3323,0.3323,0.3323,0.3323,0.3323,0.00,4401.37,512.00,1
2026-08-18T07:20:17Z,Columnar-Parquet-Scan,Smart-RangePrefetch,512.00,1,0.3477,115.03,0.3477,0.3477,0.3477,0.3477,0.3477,0.00,4401.37,562.05,0
2026-08-18T07:20:17Z,Memory-Guardrail-Soak,Unbounded-Alloc,4.00,100,0.2821,28355.18,0.2821,0.2821,0.2821,0.2821,0.2821,0.00,4401.37,8000.02,38
2026-08-18T07:20:17Z,Memory-Guardrail-Soak,MemoryGuardrail-SlabPool,4.00,100,0.0508,44611.99,0.0508,0.0508,0.0508,0.0508,0.0508,0.00,4401.37,68.04,2
2026-08-18T07:20:17Z,Orbax-Checkpoint-Write,Static-Fixed16MB,64.00,8,0.0545,9390.50,0.0545,0.0545,0.0545,0.0545,0.0545,0.00,4401.37,0.00,0
2026-08-18T07:20:18Z,Orbax-Checkpoint-Write,Smart-DynamicChunk,64.00,8,0.0526,818.76,0.0526,0.6253,0.6253,0.6253,0.6253,0.00,4401.37,0.00,0
2026-08-18T07:20:19Z,Orbax-Checkpoint-Write,Static-Fixed16MB,64.00,16,0.0532,1254.80,0.0532,0.5437,0.8160,0.8160,0.8161,0.00,4401.37,0.00,0
2026-08-18T07:20:19Z,Orbax-Checkpoint-Write,Smart-DynamicChunk,64.00,16,0.0526,19455.99,0.0526,0.0526,0.0526,0.0526,0.0526,0.00,4401.37,0.00,0
2026-08-18T07:20:19Z,Orbax-Checkpoint-Write,Static-Fixed16MB,64.00,32,0.0531,5022.11,0.0531,0.0531,0.4077,0.4077,0.4078,0.00,4401.37,0.01,0
2026-08-18T07:20:20Z,Orbax-Checkpoint-Write,Smart-DynamicChunk,64.00,32,0.0527,3902.42,0.0527,0.0528,0.5247,0.5247,0.5248,0.00,4401.37,0.01,0
2026-08-18T07:20:21Z,Orbax-Checkpoint-Write,Static-Fixed16MB,256.00,8,0.2126,2359.13,0.2126,0.8680,0.8680,0.8680,0.8681,0.00,4401.37,0.00,0
2026-08-18T07:20:22Z,Orbax-Checkpoint-Write,Smart-DynamicChunk,256.00,8,0.2096,2251.72,0.2096,0.9095,0.9095,0.9095,0.9095,0.00,4401.37,0.00,0
2026-08-18T07:20:23Z,Orbax-Checkpoint-Write,Static-Fixed16MB,256.00,16,0.2126,4156.76,0.2126,0.8026,0.9853,0.9853,0.9854,0.00,4401.37,0.00,0
2026-08-18T07:20:23Z,Orbax-Checkpoint-Write,Smart-DynamicChunk,256.00,16,0.2095,6020.94,0.2095,0.6791,0.6802,0.6802,0.6803,0.00,4401.37,0.00,0
2026-08-18T07:20:24Z,Orbax-Checkpoint-Write,Static-Fixed16MB,256.00,32,0.2127,8339.57,0.2127,0.9224,0.9822,0.9822,0.9823,0.00,4401.37,0.01,0
2026-08-18T07:20:25Z,Orbax-Checkpoint-Write,Smart-DynamicChunk,256.00,32,0.2094,10418.32,0.2094,0.2095,0.7862,0.7862,0.7863,0.00,4401.37,0.01,0
2026-08-18T07:20:26Z,Orbax-Checkpoint-Write,Static-Fixed16MB,512.00,8,0.8057,3536.59,0.8057,1.1581,1.1581,1.1581,1.1582,0.00,4401.37,0.00,0
2026-08-18T07:20:27Z,Orbax-Checkpoint-Write,Smart-DynamicChunk,512.00,8,0.4183,3486.97,0.4183,1.1746,1.1746,1.1746,1.1747,0.00,4401.37,0.00,0
2026-08-18T07:20:30Z,Orbax-Checkpoint-Write,Static-Fixed16MB,512.00,16,0.4259,3826.73,0.4259,1.2163,2.1407,2.1407,2.1407,0.00,4401.37,0.00,0
2026-08-18T07:20:30Z,Orbax-Checkpoint-Write,Smart-DynamicChunk,512.00,16,0.4198,8342.43,0.4198,0.8951,0.9819,0.9819,0.9820,0.00,4401.37,0.00,0
2026-08-18T07:20:32Z,Orbax-Checkpoint-Write,Static-Fixed16MB,512.00,32,0.4255,9186.93,0.4255,1.3825,1.7833,1.7833,1.7834,0.00,4401.37,0.01,0
2026-08-18T07:20:33Z,Orbax-Checkpoint-Write,Smart-DynamicChunk,512.00,32,0.4189,14893.38,0.4189,0.4189,1.1000,1.1000,1.1001,0.00,4401.37,0.01,0
2026-08-18T07:20:36Z,Orbax-Checkpoint-Write,Static-Fixed16MB,1024.00,8,1.4452,2691.30,1.4452,3.0439,3.0439,3.0439,3.0439,0.00,4401.37,0.00,0
2026-08-18T07:20:37Z,Orbax-Checkpoint-Write,Smart-DynamicChunk,1024.00,8,0.8364,9794.15,0.8364,0.8364,0.8364,0.8364,0.8364,0.00,4401.37,0.00,0
2026-08-18T07:20:40Z,Orbax-Checkpoint-Write,Static-Fixed16MB,1024.00,16,1.6428,5862.24,1.6428,2.6267,2.7948,2.7948,2.7948,0.00,4401.37,0.00,0
2026-08-18T07:20:42Z,Orbax-Checkpoint-Write,Smart-DynamicChunk,1024.00,16,0.8374,9231.06,0.8374,1.6119,1.7748,1.7748,1.7749,0.00,4401.37,0.00,0
2026-08-18T07:20:44Z,Orbax-Checkpoint-Write,Static-Fixed16MB,1024.00,32,1.4380,13178.16,1.4380,2.2814,2.4865,2.4865,2.4865,0.00,4401.37,0.01,0
2026-08-18T07:20:46Z,Orbax-Checkpoint-Write,Smart-DynamicChunk,1024.00,32,0.8393,15524.97,0.8393,1.5753,2.1106,2.1106,2.1107,0.00,4401.37,0.01,0
2026-08-18T07:20:47Z,DataLoader-Streaming,Static-NoPrefetch,4.00,1,0.1365,468.76,0.0085,0.0085,0.0085,0.1365,0.1365,35.16,4401.37,64.00,1
2026-08-18T07:20:47Z,DataLoader-Streaming,Smart-Prefetch-Depth1,4.00,1,0.0961,666.09,0.0060,0.0060,0.0060,0.0961,0.0961,10.14,4401.37,80.01,0
2026-08-18T07:20:47Z,DataLoader-Streaming,Smart-Prefetch-Depth2,4.00,1,0.0951,672.87,0.0059,0.0059,0.0059,0.0951,0.0951,8.85,4401.37,88.01,1
2026-08-18T07:20:47Z,DataLoader-Streaming,Static-NoPrefetch,4.00,1,0.2956,216.53,0.0185,0.0185,0.0185,0.2956,0.2956,16.24,4401.37,64.00,1
2026-08-18T07:20:47Z,DataLoader-Streaming,Smart-Prefetch-Depth1,4.00,1,0.2559,250.11,0.0160,0.0160,0.0160,0.2559,0.2559,3.50,4401.37,84.01,1
2026-08-18T07:20:48Z,DataLoader-Streaming,Smart-Prefetch-Depth2,4.00,1,0.2565,249.55,0.0160,0.0160,0.0160,0.2565,0.2565,3.51,4401.37,84.01,1
2026-08-18T07:20:48Z,DataLoader-Streaming,Static-NoPrefetch,4.00,1,0.5360,119.41,0.0335,0.0335,0.0335,0.5360,0.5360,8.96,4401.37,64.00,1
2026-08-18T07:20:49Z,DataLoader-Streaming,Smart-Prefetch-Depth1,4.00,1,0.4971,128.74,0.0311,0.0311,0.0311,0.4971,0.4971,1.95,4401.37,84.01,1
2026-08-18T07:20:49Z,DataLoader-Streaming,Smart-Prefetch-Depth2,4.00,1,0.4961,129.02,0.0310,0.0310,0.0310,0.4961,0.4961,1.83,4401.37,84.01,1
2026-08-18T07:20:49Z,DataLoader-Streaming,Static-NoPrefetch,16.00,1,0.2478,1033.26,0.0155,0.0155,0.0155,0.2478,0.2478,64.58,4401.37,256.00,1
2026-08-18T07:20:50Z,DataLoader-Streaming,Smart-Prefetch-Depth1,16.00,1,0.2042,1253.45,0.0128,0.0128,0.0128,0.2042,0.2042,56.71,4401.37,320.01,1
2026-08-18T07:20:50Z,DataLoader-Streaming,Smart-Prefetch-Depth2,16.00,1,0.1195,2142.08,0.0075,0.0075,0.0075,0.1195,0.1195,24.62,4401.37,336.01,1
2026-08-18T07:20:50Z,DataLoader-Streaming,Static-NoPrefetch,16.00,1,0.4084,626.83,0.0255,0.0255,0.0255,0.4084,0.4084,39.18,4401.37,256.00,1
2026-08-18T07:20:51Z,DataLoader-Streaming,Smart-Prefetch-Depth1,16.00,1,0.2816,909.08,0.0176,0.0176,0.0176,0.2816,0.2816,9.90,4401.37,320.01,1
2026-08-18T07:20:51Z,DataLoader-Streaming,Smart-Prefetch-Depth2,16.00,1,0.2822,907.01,0.0176,0.0176,0.0176,0.2822,0.2822,11.52,4401.37,336.01,1
2026-08-18T07:20:52Z,DataLoader-Streaming,Static-NoPrefetch,16.00,1,0.6483,394.91,0.0405,0.0405,0.0405,0.6483,0.6483,24.68,4401.37,256.00,0
2026-08-18T07:20:52Z,DataLoader-Streaming,Smart-Prefetch-Depth1,16.00,1,0.5228,489.64,0.0327,0.0327,0.0327,0.5228,0.5228,6.10,4401.37,336.01,1
2026-08-18T07:20:53Z,DataLoader-Streaming,Smart-Prefetch-Depth2,16.00,1,0.5206,491.73,0.0325,0.0325,0.0325,0.5206,0.5206,5.85,4401.37,352.01,1
2026-08-18T07:20:53Z,DataLoader-Streaming,Static-NoPrefetch,64.00,1,0.7440,1376.26,0.0465,0.0465,0.0465,0.7440,0.7440,88.17,4401.37,1024.00,1
2026-08-18T07:20:54Z,DataLoader-Streaming,Smart-Prefetch-Depth1,64.00,1,0.7379,1387.78,0.0461,0.0461,0.0461,0.7379,0.7379,87.56,4401.37,1216.01,1
2026-08-18T07:20:55Z,DataLoader-Streaming,Smart-Prefetch-Depth2,64.00,1,0.4042,2533.38,0.0253,0.0253,0.0253,0.4042,0.4042,77.18,4401.37,1344.01,1
2026-08-18T07:20:56Z,DataLoader-Streaming,Static-NoPrefetch,64.00,1,0.9047,1131.93,0.0565,0.0565,0.0565,0.9047,0.9047,72.51,4401.37,1024.00,0
2026-08-18T07:20:57Z,DataLoader-Streaming,Smart-Prefetch-Depth1,64.00,1,0.7693,1331.11,0.0481,0.0481,0.0481,0.7693,0.7693,67.36,4401.37,1216.01,1
2026-08-18T07:20:57Z,DataLoader-Streaming,Smart-Prefetch-Depth2,64.00,1,0.4238,2416.24,0.0265,0.0265,0.0265,0.4238,0.4238,41.56,4401.37,1408.01,1
2026-08-18T07:20:58Z,DataLoader-Streaming,Static-NoPrefetch,64.00,1,1.1452,894.20,0.0716,0.0716,0.0716,1.1452,1.1452,57.28,4401.37,1024.00,1
2026-08-18T07:20:59Z,DataLoader-Streaming,Smart-Prefetch-Depth1,64.00,1,0.7838,1306.50,0.0490,0.0490,0.0490,0.7838,0.7838,37.25,4401.37,1216.01,0
2026-08-18T07:21:00Z,DataLoader-Streaming,Smart-Prefetch-Depth2,64.00,1,0.6160,1662.31,0.0385,0.0385,0.0385,0.6160,0.6160,19.52,4401.37,1344.01,1
2026-08-18T07:21:00Z,Columnar-Parquet-Scan,Static-OnDemand,128.00,1,0.3306,121.00,0.3306,0.3306,0.3306,0.3306,0.3306,0.00,4401.37,128.00,0
2026-08-18T07:21:01Z,Columnar-Parquet-Scan,Smart-RangePrefetch,128.00,1,0.3509,114.00,0.3509,0.3509,0.3509,0.3509,0.3509,0.00,4401.37,174.05,0
2026-08-18T07:21:01Z,Columnar-Parquet-Scan,Static-OnDemand,512.00,1,0.3312,120.78,0.3312,0.3312,0.3312,0.3312,0.3312,0.00,4401.37,512.00,0
2026-08-18T07:21:01Z,Columnar-Parquet-Scan,Smart-RangePrefetch,512.00,1,0.3461,115.58,0.3461,0.3461,0.3461,0.3461,0.3461,0.00,4401.37,559.05,1
2026-08-18T07:21:02Z,Memory-Guardrail-Soak,Unbounded-Alloc,4.00,100,0.2938,27233.35,0.2938,0.2938,0.2938,0.2938,0.2938,0.00,4401.37,8000.03,17
2026-08-18T07:21:02Z,Memory-Guardrail-Soak,MemoryGuardrail-SlabPool,4.00,100,0.0497,42389.11,0.0497,0.0497,0.0497,0.0497,0.0497,0.00,4401.37,72.06,2
2026-08-18T07:21:02Z,Orbax-Checkpoint-Write,Static-Fixed16MB,64.00,8,0.0530,9640.28,0.0530,0.0531,0.0531,0.0531,0.0531,0.00,4401.37,0.00,0
2026-08-18T07:21:02Z,Orbax-Checkpoint-Write,Smart-DynamicChunk,64.00,8,0.0530,9647.98,0.0530,0.0530,0.0530,0.0530,0.0531,0.00,4401.37,0.00,0
2026-08-18T07:21:02Z,Orbax-Checkpoint-Write,Static-Fixed16MB,64.00,16,0.0531,2293.74,0.0531,0.0531,0.4464,0.4464,0.4464,0.00,4401.37,0.00,0
2026-08-18T07:21:03Z,Orbax-Checkpoint-Write,Smart-DynamicChunk,64.00,16,0.0527,1431.23,0.0527,0.0527,0.7154,0.7154,0.7155,0.00,4401.37,0.00,0
2026-08-18T07:21:04Z,Orbax-Checkpoint-Write,Static-Fixed16MB,64.00,32,0.0532,2821.36,0.0532,0.0534,0.7258,0.7258,0.7259,0.00,4401.37,0.01,0
2026-08-18T07:21:05Z,Orbax-Checkpoint-Write,Smart-DynamicChunk,64.00,32,0.0526,2490.00,0.0526,0.0526,0.8224,0.8224,0.8225,0.00,4401.37,0.01,0
2026-08-18T07:21:05Z,Orbax-Checkpoint-Write,Static-Fixed16MB,256.00,8,0.2124,2461.06,0.2124,0.8321,0.8321,0.8321,0.8322,0.00,4401.37,0.00,0
2026-08-18T07:21:06Z,Orbax-Checkpoint-Write,Smart-DynamicChunk,256.00,8,0.2093,2257.07,0.2093,0.9073,0.9073,0.9073,0.9074,0.00,4401.37,0.00,0
2026-08-18T07:21:07Z,Orbax-Checkpoint-Write,Static-Fixed16MB,256.00,16,0.2124,4314.81,0.2124,0.9061,0.9492,0.9492,0.9493,0.00,4401.37,0.00,0
2026-08-18T07:21:08Z,Orbax-Checkpoint-Write,Smart-DynamicChunk,256.00,16,0.2095,4230.60,0.2095,0.2096,0.9681,0.9681,0.9682,0.00,4401.37,0.00,0
2026-08-18T07:21:09Z,Orbax-Checkpoint-Write,Static-Fixed16MB,256.00,32,0.2122,8159.20,0.2122,0.7303,1.0039,1.0039,1.0040,0.00,4401.37,0.01,0
2026-08-18T07:21:10Z,Orbax-Checkpoint-Write,Smart-DynamicChunk,256.00,32,0.2097,8916.64,0.2097,0.5642,0.9187,0.9187,0.9187,0.00,4401.37,0.01,0
2026-08-18T07:21:12Z,Orbax-Checkpoint-Write,Static-Fixed16MB,512.00,8,0.8057,2561.31,0.8057,1.5991,1.5991,1.5991,1.5992,0.00,4401.37,0.00,0
2026-08-18T07:21:12Z,Orbax-Checkpoint-Write,Smart-DynamicChunk,512.00,8,0.4185,9785.38,0.4185,0.4186,0.4186,0.4186,0.4186,0.00,4401.37,0.00,0
2026-08-18T07:21:14Z,Orbax-Checkpoint-Write,Static-Fixed16MB,512.00,16,0.4254,4440.47,0.4254,1.5089,1.8448,1.8448,1.8448,0.00,4401.37,0.00,0
2026-08-18T07:21:16Z,Orbax-Checkpoint-Write,Smart-DynamicChunk,512.00,16,0.4182,4430.19,0.4182,0.4183,1.8491,1.8491,1.8491,0.00,4401.37,0.00,0
2026-08-18T07:21:19Z,Orbax-Checkpoint-Write,Static-Fixed16MB,512.00,32,0.4265,5235.10,0.4265,1.9217,3.1296,3.1296,3.1296,0.00,4401.37,0.01,0
2026-08-18T07:21:20Z,Orbax-Checkpoint-Write,Smart-DynamicChunk,512.00,32,0.4185,13742.16,0.4185,0.8298,1.1921,1.1921,1.1922,0.00,4401.37,0.01,0
2026-08-18T07:21:24Z,Orbax-Checkpoint-Write,Static-Fixed16MB,1024.00,8,1.2845,2109.77,1.2845,3.8829,3.8829,3.8829,3.8829,0.00,4401.37,0.00,0
2026-08-18T07:21:25Z,Orbax-Checkpoint-Write,Smart-DynamicChunk,1024.00,8,0.8362,9795.92,0.8362,0.8362,0.8362,0.8362,0.8363,0.00,4401.37,0.00,0
2026-08-18T07:21:27Z,Orbax-Checkpoint-Write,Static-Fixed16MB,1024.00,16,1.3438,7577.17,1.3438,1.9671,2.1622,2.1622,2.1623,0.00,4401.37,0.00,0
2026-08-18T07:21:29Z,Orbax-Checkpoint-Write,Smart-DynamicChunk,1024.00,16,0.8373,10063.46,0.8373,1.5837,1.6280,1.6280,1.6281,0.00,4401.37,0.00,0
2026-08-18T07:21:31Z,Orbax-Checkpoint-Write,Static-Fixed16MB,1024.00,32,1.4745,13519.54,1.4745,2.2227,2.4237,2.4237,2.4238,0.00,4401.37,0.01,0
2026-08-18T07:21:33Z,Orbax-Checkpoint-Write,Smart-DynamicChunk,1024.00,32,0.8383,16676.46,0.8383,1.5292,1.9649,1.9649,1.9649,0.00,4401.37,0.01,0
2026-08-18T07:21:33Z,DataLoader-Streaming,Static-NoPrefetch,4.00,1,0.1360,470.65,0.0085,0.0085,0.0085,0.1360,0.1360,35.30,4401.37,64.00,1
2026-08-18T07:21:33Z,DataLoader-Streaming,Smart-Prefetch-Depth1,4.00,1,0.0950,674.01,0.0059,0.0059,0.0059,0.0950,0.0950,9.57,4401.37,80.01,0
2026-08-18T07:21:33Z,DataLoader-Streaming,Smart-Prefetch-Depth2,4.00,1,0.0969,660.71,0.0061,0.0061,0.0061,0.0969,0.0969,9.70,4401.37,92.01,1
2026-08-18T07:21:34Z,DataLoader-Streaming,Static-NoPrefetch,4.00,1,0.2972,215.31,0.0186,0.0186,0.0186,0.2972,0.2972,16.15,4401.37,64.00,1
2026-08-18T07:21:34Z,DataLoader-Streaming,Smart-Prefetch-Depth1,4.00,1,0.2572,248.87,0.0161,0.0161,0.0161,0.2572,0.2572,3.50,4401.37,84.01,1
2026-08-18T07:21:34Z,DataLoader-Streaming,Smart-Prefetch-Depth2,4.00,1,0.2561,249.94,0.0160,0.0160,0.0160,0.2561,0.2561,3.36,4401.37,84.01,1
2026-08-18T07:21:35Z,DataLoader-Streaming,Static-NoPrefetch,4.00,1,0.5363,119.34,0.0335,0.0335,0.0335,0.5363,0.5363,8.95,4401.37,64.00,1
2026-08-18T07:21:35Z,DataLoader-Streaming,Smart-Prefetch-Depth1,4.00,1,0.4979,128.55,0.0311,0.0311,0.0311,0.4979,0.4979,1.74,4401.37,84.01,1
2026-08-18T07:21:36Z,DataLoader-Streaming,Smart-Prefetch-Depth2,4.00,1,0.4959,129.07,0.0310,0.0310,0.0310,0.4959,0.4959,1.89,4401.37,88.01,1
2026-08-18T07:21:36Z,DataLoader-Streaming,Static-NoPrefetch,16.00,1,0.2479,1032.78,0.0155,0.0155,0.0155,0.2479,0.2479,64.55,4401.37,256.00,1
2026-08-18T07:21:36Z,DataLoader-Streaming,Smart-Prefetch-Depth1,16.00,1,0.1977,1294.92,0.0124,0.0124,0.0124,0.1977,0.1977,55.53,4401.37,304.01,1
2026-08-18T07:21:36Z,DataLoader-Streaming,Smart-Prefetch-Depth2,16.00,1,0.1191,2149.67,0.0074,0.0074,0.0074,0.1191,0.1191,24.66,4401.37,336.01,1
2026-08-18T07:21:37Z,DataLoader-Streaming,Static-NoPrefetch,16.00,1,0.4085,626.64,0.0255,0.0255,0.0255,0.4085,0.4085,39.16,4401.37,256.00,1
2026-08-18T07:21:37Z,DataLoader-Streaming,Smart-Prefetch-Depth1,16.00,1,0.2815,909.32,0.0176,0.0176,0.0176,0.2815,0.2815,10.61,4401.37,336.01,1
2026-08-18T07:21:38Z,DataLoader-Streaming,Smart-Prefetch-Depth2,16.00,1,0.2818,908.38,0.0176,0.0176,0.0176,0.2818,0.2818,10.24,4401.37,352.01,1
2026-08-18T07:21:38Z,DataLoader-Streaming,Static-NoPrefetch,16.00,1,0.6485,394.73,0.0405,0.0405,0.0405,0.6485,0.6485,24.67,4401.37,256.00,0
2026-08-18T07:21:39Z,DataLoader-Streaming,Smart-Prefetch-Depth1,16.00,1,0.5219,490.49,0.0326,0.0326,0.0326,0.5219,0.5219,5.64,4401.37,320.01,1
2026-08-18T07:21:39Z,DataLoader-Streaming,Smart-Prefetch-Depth2,16.00,1,0.5239,488.64,0.0327,0.0327,0.0327,0.5239,0.5239,6.24,4401.37,352.01,1
2026-08-18T07:21:40Z,DataLoader-Streaming,Static-NoPrefetch,64.00,1,0.7450,1374.51,0.0466,0.0466,0.0466,0.7450,0.7450,88.05,4401.37,1024.00,1
2026-08-18T07:21:41Z,DataLoader-Streaming,Smart-Prefetch-Depth1,64.00,1,0.7618,1344.19,0.0476,0.0476,0.0476,0.7618,0.7618,88.11,4401.37,1280.01,1
2026-08-18T07:21:41Z,DataLoader-Streaming,Smart-Prefetch-Depth2,64.00,1,0.4007,2555.33,0.0250,0.0250,0.0250,0.4007,0.4007,77.33,4401.37,1408.01,1
2026-08-18T07:21:42Z,DataLoader-Streaming,Static-NoPrefetch,64.00,1,0.9044,1132.27,0.0565,0.0565,0.0565,0.9044,0.9044,72.54,4401.37,1024.00,1
2026-08-18T07:21:43Z,DataLoader-Streaming,Smart-Prefetch-Depth1,64.00,1,0.7690,1331.60,0.0481,0.0481,0.0481,0.7690,0.7690,67.16,4401.37,1216.01,0
2026-08-18T07:21:44Z,DataLoader-Streaming,Smart-Prefetch-Depth2,64.00,1,0.4243,2413.14,0.0265,0.0265,0.0265,0.4243,0.4243,40.14,4401.37,1408.01,1
2026-08-18T07:21:45Z,DataLoader-Streaming,Static-NoPrefetch,64.00,1,1.1447,894.56,0.0715,0.0715,0.0715,1.1447,1.1447,57.31,4401.37,1024.00,1
2026-08-18T07:21:46Z,DataLoader-Streaming,Smart-Prefetch-Depth1,64.00,1,0.7758,1319.95,0.0485,0.0485,0.0485,0.7758,0.7758,36.79,4401.37,1216.01,0
2026-08-18T07:21:47Z,DataLoader-Streaming,Smart-Prefetch-Depth2,64.00,1,0.6114,1674.71,0.0382,0.0382,0.0382,0.6114,0.6114,18.69,4401.37,1344.01,1
2026-08-18T07:21:47Z,Columnar-Parquet-Scan,Static-OnDemand,128.00,1,0.3307,120.95,0.3307,0.3307,0.3307,0.3307,0.3307,0.00,4401.37,128.00,0
2026-08-18T07:21:47Z,Columnar-Parquet-Scan,Smart-RangePrefetch,128.00,1,0.3466,115.41,0.3466,0.3466,0.3466,0.3466,0.3466,0.00,4401.37,170.05,0
2026-08-18T07:21:48Z,Columnar-Parquet-Scan,Static-OnDemand,512.00,1,0.3315,120.66,0.3315,0.3315,0.3315,0.3315,0.3315,0.00,4401.37,512.00,1
2026-08-18T07:21:48Z,Columnar-Parquet-Scan,Smart-RangePrefetch,512.00,1,0.3445,116.11,0.3445,0.3445,0.3445,0.3445,0.3445,0.00,4401.37,557.05,0
2026-08-18T07:21:48Z,Memory-Guardrail-Soak,Unbounded-Alloc,4.00,100,0.2653,30156.34,0.2653,0.2653,0.2653,0.2653,0.2653,0.00,4401.37,8000.02,44
2026-08-18T07:21:48Z,Memory-Guardrail-Soak,MemoryGuardrail-SlabPool,4.00,100,0.0490,44658.99,0.0490,0.0490,0.0490,0.0490,0.0490,0.00,4401.37,72.04,1
2026-08-18T07:21:49Z,Orbax-Checkpoint-Write,Static-Fixed16MB,64.00,8,0.0543,607.30,0.0543,0.8430,0.8430,0.8430,0.8431,0.00,4401.37,0.00,0
2026-08-18T07:21:50Z,Orbax-Checkpoint-Write,Smart-DynamicChunk,64.00,8,0.0526,1273.56,0.0526,0.4020,0.4020,0.4020,0.4020,0.00,4401.37,0.00,0
2026-08-18T07:21:50Z,Orbax-Checkpoint-Write,Static-Fixed16MB,64.00,16,0.0535,1968.39,0.0535,0.0535,0.5202,0.5202,0.5202,0.00,4401.37,0.00,0
2026-08-18T07:21:50Z,Orbax-Checkpoint-Write,Smart-DynamicChunk,64.00,16,0.0525,19478.66,0.0525,0.0525,0.0525,0.0525,0.0526,0.00,4401.37,0.00,0
2026-08-18T07:21:51Z,Orbax-Checkpoint-Write,Static-Fixed16MB,64.00,32,0.0532,3242.96,0.0532,0.0532,0.6315,0.6315,0.6315,0.00,4401.37,0.01,0
2026-08-18T07:21:51Z,Orbax-Checkpoint-Write,Smart-DynamicChunk,64.00,32,0.0526,2631.59,0.0526,0.0526,0.7782,0.7782,0.7782,0.00,4401.37,0.01,0
2026-08-18T07:21:52Z,Orbax-Checkpoint-Write,Static-Fixed16MB,256.00,8,0.2126,2054.37,0.2126,0.9969,0.9969,0.9969,0.9969,0.00,4401.37,0.00,0
2026-08-18T07:21:54Z,Orbax-Checkpoint-Write,Smart-DynamicChunk,256.00,8,0.2095,1328.88,0.2095,1.5411,1.5411,1.5411,1.5411,0.00,4401.37,0.00,0
2026-08-18T07:21:55Z,Orbax-Checkpoint-Write,Static-Fixed16MB,256.00,16,0.2123,3721.77,0.2123,1.0117,1.1005,1.1005,1.1006,0.00,4401.37,0.00,0
2026-08-18T07:21:56Z,Orbax-Checkpoint-Write,Smart-DynamicChunk,256.00,16,0.2094,4889.22,0.2094,0.6323,0.8377,0.8377,0.8378,0.00,4401.37,0.00,0
2026-08-18T07:21:57Z,Orbax-Checkpoint-Write,Static-Fixed16MB,256.00,32,0.2119,8199.99,0.2119,0.9549,0.9990,0.9990,0.9990,0.00,4401.37,0.01,0
2026-08-18T07:21:58Z,Orbax-Checkpoint-Write,Smart-DynamicChunk,256.00,32,0.2097,8249.39,0.2097,0.2097,0.9930,0.9930,0.9930,0.00,4401.37,0.01,0
2026-08-18T07:22:00Z,Orbax-Checkpoint-Write,Static-Fixed16MB,512.00,8,1.0491,2405.70,1.0491,1.7026,1.7026,1.7026,1.7026,0.00,4401.37,0.00,0
2026-08-18T07:22:01Z,Orbax-Checkpoint-Write,Smart-DynamicChunk,512.00,8,0.4186,3818.27,0.4186,1.0727,1.0727,1.0727,1.0727,0.00,4401.37,0.00,0
2026-08-18T07:22:03Z,Orbax-Checkpoint-Write,Static-Fixed16MB,512.00,16,0.4253,3683.81,0.4253,1.7834,2.2237,2.2237,2.2238,0.00,4401.37,0.00,0
2026-08-18T07:22:04Z,Orbax-Checkpoint-Write,Smart-DynamicChunk,512.00,16,0.4193,7051.98,0.4193,0.8220,1.1616,1.1616,1.1617,0.00,4401.37,0.00,0
2026-08-18T07:22:06Z,Orbax-Checkpoint-Write,Static-Fixed16MB,512.00,32,0.4250,7400.29,0.4250,1.5021,2.2139,2.2139,2.2140,0.00,4401.37,0.01,0
2026-08-18T07:22:07Z,Orbax-Checkpoint-Write,Smart-DynamicChunk,512.00,32,0.4188,15940.29,0.4188,1.0162,1.0278,1.0278,1.0278,0.00,4401.37,0.01,0
2026-08-18T07:22:10Z,Orbax-Checkpoint-Write,Static-Fixed16MB,1024.00,8,2.3067,3008.85,2.3067,2.7226,2.7226,2.7226,2.7226,0.00,4401.37,0.00,0
2026-08-18T07:22:12Z,Orbax-Checkpoint-Write,Smart-DynamicChunk,1024.00,8,0.8391,5350.54,0.8391,1.5310,1.5310,1.5310,1.5311,0.00,4401.37,0.00,0
2026-08-18T07:22:14Z,Orbax-Checkpoint-Write,Static-Fixed16MB,1024.00,16,1.2537,6729.24,1.2537,2.1266,2.4347,2.4347,2.4347,0.00,4401.37,0.00,0
2026-08-18T07:22:16Z,Orbax-Checkpoint-Write,Smart-DynamicChunk,1024.00,16,0.8365,10461.81,0.8365,1.3576,1.5660,1.5660,1.5661,0.00,4401.37,0.00,0
2026-08-18T07:22:19Z,Orbax-Checkpoint-Write,Static-Fixed16MB,1024.00,32,1.4267,11184.40,1.4267,2.5695,2.9297,2.9297,2.9298,0.00,4401.37,0.01,0
2026-08-18T07:22:21Z,Orbax-Checkpoint-Write,Smart-DynamicChunk,1024.00,32,0.8392,14575.62,0.8392,1.4393,2.2481,2.2481,2.2481,0.00,4401.37,0.01,0
2026-08-18T07:22:21Z,DataLoader-Streaming,Static-NoPrefetch,4.00,1,0.1345,475.78,0.0084,0.0084,0.0084,0.1345,0.1345,35.68,4401.37,64.00,1
2026-08-18T07:22:21Z,DataLoader-Streaming,Smart-Prefetch-Depth1,4.00,1,0.0951,673.04,0.0059,0.0059,0.0059,0.0951,0.0951,9.43,4401.37,80.01,0
2026-08-18T07:22:21Z,DataLoader-Streaming,Smart-Prefetch-Depth2,4.00,1,0.0971,658.89,0.0061,0.0061,0.0061,0.0971,0.0971,10.14,4401.37,92.01,1
2026-08-18T07:22:21Z,DataLoader-Streaming,Static-NoPrefetch,4.00,1,0.2962,216.07,0.0185,0.0185,0.0185,0.2962,0.2962,16.21,4401.37,64.00,1
2026-08-18T07:22:22Z,DataLoader-Streaming,Smart-Prefetch-Depth1,4.00,1,0.2590,247.14,0.0162,0.0162,0.0162,0.2590,0.2590,3.86,4401.37,84.01,1
2026-08-18T07:22:22Z,DataLoader-Streaming,Smart-Prefetch-Depth2,4.00,1,0.2559,250.08,0.0160,0.0160,0.0160,0.2559,0.2559,3.35,4401.37,84.01,1
2026-08-18T07:22:22Z,DataLoader-Streaming,Static-NoPrefetch,4.00,1,0.5361,119.39,0.0335,0.0335,0.0335,0.5361,0.5361,8.95,4401.37,64.00,1
2026-08-18T07:22:23Z,DataLoader-Streaming,Smart-Prefetch-Depth1,4.00,1,0.4969,128.80,0.0311,0.0311,0.0311,0.4969,0.4969,1.93,4401.37,80.01,1
2026-08-18T07:22:24Z,DataLoader-Streaming,Smart-Prefetch-Depth2,4.00,1,0.4973,128.69,0.0311,0.0311,0.0311,0.4973,0.4973,1.85,4401.37,88.01,1
2026-08-18T07:22:24Z,DataLoader-Streaming,Static-NoPrefetch,16.00,1,0.2489,1028.35,0.0156,0.0156,0.0156,0.2489,0.2489,64.27,4401.37,256.00,1
2026-08-18T07:22:24Z,DataLoader-Streaming,Smart-Prefetch-Depth1,16.00,1,0.2060,1242.57,0.0129,0.0129,0.0129,0.2060,0.2060,57.43,4401.37,320.01,1
2026-08-18T07:22:24Z,DataLoader-Streaming,Smart-Prefetch-Depth2,16.00,1,0.1207,2120.88,0.0075,0.0075,0.0075,0.1207,0.1207,27.07,4401.37,336.01,1
2026-08-18T07:22:25Z,DataLoader-Streaming,Static-NoPrefetch,16.00,1,0.4091,625.73,0.0256,0.0256,0.0256,0.4091,0.4091,39.11,4401.37,256.00,1
2026-08-18T07:22:25Z,DataLoader-Streaming,Smart-Prefetch-Depth1,16.00,1,0.2816,909.05,0.0176,0.0176,0.0176,0.2816,0.2816,10.57,4401.37,320.01,1
2026-08-18T07:22:25Z,DataLoader-Streaming,Smart-Prefetch-Depth2,16.00,1,0.2834,903.40,0.0177,0.0177,0.0177,0.2834,0.2834,12.13,4401.37,336.01,1
2026-08-18T07:22:26Z,DataLoader-Streaming,Static-NoPrefetch,16.00,1,0.6492,394.33,0.0406,0.0406,0.0406,0.6492,0.6492,24.65,4401.37,256.00,0
2026-08-18T07:22:26Z,DataLoader-Streaming,Smart-Prefetch-Depth1,16.00,1,0.5259,486.76,0.0329,0.0329,0.0329,0.5259,0.5259,6.03,4401.37,320.01,1
2026-08-18T07:22:27Z,DataLoader-Streaming,Smart-Prefetch-Depth2,16.00,1,0.5229,489.61,0.0327,0.0327,0.0327,0.5229,0.5229,6.11,4401.37,352.01,1
2026-08-18T07:22:28Z,DataLoader-Streaming,Static-NoPrefetch,64.00,1,0.7449,1374.65,0.0466,0.0466,0.0466,0.7449,0.7449,88.06,4401.37,1024.00,1
2026-08-18T07:22:29Z,DataLoader-Streaming,Smart-Prefetch-Depth1,64.00,1,0.7433,1377.56,0.0465,0.0465,0.0465,0.7433,0.7433,87.47,4401.37,1216.01,1
2026-08-18T07:22:29Z,DataLoader-Streaming,Smart-Prefetch-Depth2,64.00,1,0.4132,2478.46,0.0258,0.0258,0.0258,0.4132,0.4132,76.39,4401.37,1408.01,1
2026-08-18T07:22:30Z,DataLoader-Streaming,Static-NoPrefetch,64.00,1,0.9046,1131.93,0.0565,0.0565,0.0565,0.9046,0.9046,72.51,4401.37,1024.00,1
2026-08-18T07:22:31Z,DataLoader-Streaming,Smart-Prefetch-Depth1,64.00,1,0.7720,1326.36,0.0483,0.0483,0.0483,0.7720,0.7720,67.41,4401.37,1216.01,0
2026-08-18T07:22:32Z,DataLoader-Streaming,Smart-Prefetch-Depth2,64.00,1,0.4264,2401.25,0.0267,0.0267,0.0267,0.4264,0.4264,40.12,4401.37,1408.01,1
2026-08-18T07:22:33Z,DataLoader-Streaming,Static-NoPrefetch,64.00,1,1.1442,894.98,0.0715,0.0715,0.0715,1.1442,1.1442,57.33,4401.37,1024.00,1
2026-08-18T07:22:34Z,DataLoader-Streaming,Smart-Prefetch-Depth1,64.00,1,0.7771,1317.71,0.0486,0.0486,0.0486,0.7771,0.7771,36.89,4401.37,1216.01,0
2026-08-18T07:22:34Z,DataLoader-Streaming,Smart-Prefetch-Depth2,64.00,1,0.6131,1670.10,0.0383,0.0383,0.0383,0.6131,0.6131,19.18,4401.37,1344.01,1
2026-08-18T07:22:35Z,Columnar-Parquet-Scan,Static-OnDemand,128.00,1,0.3323,120.38,0.3323,0.3323,0.3323,0.3323,0.3323,0.00,4401.37,128.00,0
2026-08-18T07:22:35Z,Columnar-Parquet-Scan,Smart-RangePrefetch,128.00,1,0.3443,116.17,0.3443,0.3443,0.3443,0.3443,0.3443,0.00,4401.37,173.05,0
2026-08-18T07:22:35Z,Columnar-Parquet-Scan,Static-OnDemand,512.00,1,0.3297,121.31,0.3297,0.3297,0.3297,0.3297,0.3297,0.00,4401.37,512.00,0
2026-08-18T07:22:36Z,Columnar-Parquet-Scan,Smart-RangePrefetch,512.00,1,0.3482,114.89,0.3482,0.3482,0.3482,0.3482,0.3482,0.00,4401.37,561.05,1
2026-08-18T07:22:36Z,Memory-Guardrail-Soak,Unbounded-Alloc,4.00,100,0.2472,32365.39,0.2472,0.2472,0.2472,0.2472,0.2472,0.00,4401.37,8000.04,44
2026-08-18T07:22:36Z,Memory-Guardrail-Soak,MemoryGuardrail-SlabPool,4.00,100,0.0477,46801.53,0.0477,0.0477,0.0477,0.0477,0.0477,0.00,4401.37,72.04,2
2026-08-18T07:22:36Z,Orbax-Checkpoint-Write,Static-Fixed16MB,64.00,8,0.0538,9500.18,0.0538,0.0539,0.0539,0.0539,0.0539,0.00,4401.37,0.00,0
2026-08-18T07:22:36Z,Orbax-Checkpoint-Write,Smart-DynamicChunk,64.00,8,0.0525,9733.75,0.0525,0.0526,0.0526,0.0526,0.0526,0.00,4401.37,0.00,0
2026-08-18T07:22:37Z,Orbax-Checkpoint-Write,Static-Fixed16MB,64.00,16,0.0530,1264.61,0.0530,0.7364,0.8097,0.8097,0.8097,0.00,4401.37,0.00,0
2026-08-18T07:22:37Z,Orbax-Checkpoint-Write,Smart-DynamicChunk,64.00,16,0.0526,19452.66,0.0526,0.0526,0.0526,0.0526,0.0526,0.00,4401.37,0.00,0
2026-08-18T07:22:38Z,Orbax-Checkpoint-Write,Static-Fixed16MB,64.00,32,0.0532,2994.80,0.0532,0.4222,0.6838,0.6838,0.6839,0.00,4401.37,0.01,0
2026-08-18T07:22:38Z,Orbax-Checkpoint-Write,Smart-DynamicChunk,64.00,32,0.0527,4715.03,0.0527,0.0527,0.4343,0.4343,0.4344,0.00,4401.37,0.01,0
2026-08-18T07:22:39Z,Orbax-Checkpoint-Write,Static-Fixed16MB,256.00,8,0.7067,1561.36,0.7067,1.3116,1.3116,1.3116,1.3117,0.00,4401.37,0.00,0
2026-08-18T07:22:40Z,Orbax-Checkpoint-Write,Smart-DynamicChunk,256.00,8,0.2094,2162.27,0.2094,0.9471,0.9471,0.9471,0.9472,0.00,4401.37,0.00,0
2026-08-18T07:22:41Z,Orbax-Checkpoint-Write,Static-Fixed16MB,256.00,16,0.2163,4164.74,0.2163,0.7620,0.9835,0.9835,0.9835,0.00,4401.37,0.00,0
2026-08-18T07:22:42Z,Orbax-Checkpoint-Write,Smart-DynamicChunk,256.00,16,0.2094,5865.84,0.2094,0.2094,0.6982,0.6982,0.6983,0.00,4401.37,0.00,0
2026-08-18T07:22:43Z,Orbax-Checkpoint-Write,Static-Fixed16MB,256.00,32,0.2120,8158.13,0.2120,0.8172,1.0041,1.0041,1.0042,0.00,4401.37,0.01,0
2026-08-18T07:22:44Z,Orbax-Checkpoint-Write,Smart-DynamicChunk,256.00,32,0.2095,8430.43,0.2095,0.7680,0.9716,0.9716,0.9717,0.00,4401.37,0.01,0
2026-08-18T07:22:45Z,Orbax-Checkpoint-Write,Static-Fixed16MB,512.00,8,0.4242,4449.00,0.4242,0.9206,0.9206,0.9206,0.9207,0.00,4401.37,0.00,0
2026-08-18T07:22:46Z,Orbax-Checkpoint-Write,Smart-DynamicChunk,512.00,8,0.4182,4404.35,0.4182,0.9299,0.9299,0.9299,0.9300,0.00,4401.37,0.00,0
2026-08-18T07:22:48Z,Orbax-Checkpoint-Write,Static-Fixed16MB,512.00,16,1.0960,3578.01,1.0960,1.7338,2.2895,2.2895,2.2895,0.00,4401.37,0.00,0
2026-08-18T07:22:50Z,Orbax-Checkpoint-Write,Smart-DynamicChunk,512.00,16,0.4188,5132.09,0.4188,1.1939,1.5962,1.5962,1.5962,0.00,4401.37,0.00,0
2026-08-18T07:22:52Z,Orbax-Checkpoint-Write,Static-Fixed16MB,512.00,32,0.7739,7832.32,0.7739,1.4097,2.0918,2.0918,2.0918,0.00,4401.37,0.01,0
2026-08-18T07:22:54Z,Orbax-Checkpoint-Write,Smart-DynamicChunk,512.00,32,0.4188,8887.79,0.4188,0.9159,1.8434,1.8434,1.8434,0.00,4401.37,0.01,0
2026-08-18T07:22:57Z,Orbax-Checkpoint-Write,Static-Fixed16MB,1024.00,8,1.6873,2895.07,1.6873,2.8296,2.8296,2.8296,2.8296,0.00,4401.37,0.00,0
2026-08-18T07:22:58Z,Orbax-Checkpoint-Write,Smart-DynamicChunk,1024.00,8,0.8364,5160.48,0.8364,1.5874,1.5874,1.5874,1.5874,0.00,4401.37,0.00,0
2026-08-18T07:23:01Z,Orbax-Checkpoint-Write,Static-Fixed16MB,1024.00,16,1.4158,6235.12,1.4158,2.1759,2.6276,2.6276,2.6277,0.00,4401.37,0.00,0
2026-08-18T07:23:02Z,Orbax-Checkpoint-Write,Smart-DynamicChunk,1024.00,16,0.8450,10396.29,0.8450,1.3357,1.5758,1.5758,1.5759,0.00,4401.37,0.00,0
2026-08-18T07:23:05Z,Orbax-Checkpoint-Write,Static-Fixed16MB,1024.00,32,1.4670,10757.59,1.4670,2.3474,3.0459,3.0459,3.0460,0.00,4401.37,0.01,0
2026-08-18T07:23:08Z,Orbax-Checkpoint-Write,Smart-DynamicChunk,1024.00,32,0.8381,14063.64,0.8381,1.5840,2.3299,2.3299,2.3300,0.00,4401.37,0.01,0
2026-08-18T07:23:08Z,DataLoader-Streaming,Static-NoPrefetch,4.00,1,0.1360,470.72,0.0085,0.0085,0.0085,0.1360,0.1360,35.30,4401.37,64.00,1
2026-08-18T07:23:08Z,DataLoader-Streaming,Smart-Prefetch-Depth1,4.00,1,0.1016,629.75,0.0064,0.0064,0.0064,0.1016,0.1016,15.07,4401.37,80.01,0
2026-08-18T07:23:08Z,DataLoader-Streaming,Smart-Prefetch-Depth2,4.00,1,0.0986,649.34,0.0062,0.0062,0.0062,0.0986,0.0986,8.91,4401.37,92.01,1
2026-08-18T07:23:08Z,DataLoader-Streaming,Static-NoPrefetch,4.00,1,0.2968,215.63,0.0186,0.0186,0.0186,0.2968,0.2968,16.17,4401.37,64.00,1
2026-08-18T07:23:09Z,DataLoader-Streaming,Smart-Prefetch-Depth1,4.00,1,0.2584,247.71,0.0161,0.0161,0.0161,0.2584,0.2584,3.81,4401.37,84.01,1
2026-08-18T07:23:09Z,DataLoader-Streaming,Smart-Prefetch-Depth2,4.00,1,0.2563,249.68,0.0160,0.0160,0.0160,0.2563,0.2563,3.68,4401.37,88.01,1
2026-08-18T07:23:09Z,DataLoader-Streaming,Static-NoPrefetch,4.00,1,0.5361,119.39,0.0335,0.0335,0.0335,0.5361,0.5361,8.95,4401.37,64.00,0
2026-08-18T07:23:10Z,DataLoader-Streaming,Smart-Prefetch-Depth1,4.00,1,0.4965,128.90,0.0310,0.0310,0.0310,0.4965,0.4965,2.02,4401.37,80.01,1
2026-08-18T07:23:10Z,DataLoader-Streaming,Smart-Prefetch-Depth2,4.00,1,0.4961,129.01,0.0310,0.0310,0.0310,0.4961,0.4961,1.97,4401.37,88.01,1
2026-08-18T07:23:11Z,DataLoader-Streaming,Static-NoPrefetch,16.00,1,0.2478,1033.09,0.0155,0.0155,0.0155,0.2478,0.2478,64.57,4401.37,256.00,1
2026-08-18T07:23:11Z,DataLoader-Streaming,Smart-Prefetch-Depth1,16.00,1,0.1950,1312.62,0.0122,0.0122,0.0122,0.1950,0.1950,55.46,4401.37,304.01,1
2026-08-18T07:23:11Z,DataLoader-Streaming,Smart-Prefetch-Depth2,16.00,1,0.1194,2143.92,0.0075,0.0075,0.0075,0.1194,0.1194,24.68,4401.37,352.01,1
2026-08-18T07:23:12Z,DataLoader-Streaming,Static-NoPrefetch,16.00,1,0.4085,626.72,0.0255,0.0255,0.0255,0.4085,0.4085,39.17,4401.37,256.00,1
2026-08-18T07:23:12Z,DataLoader-Streaming,Smart-Prefetch-Depth1,16.00,1,0.2811,910.56,0.0176,0.0176,0.0176,0.2811,0.2811,10.67,4401.37,320.01,0
2026-08-18T07:23:12Z,DataLoader-Streaming,Smart-Prefetch-Depth2,16.00,1,0.2821,907.57,0.0176,0.0176,0.0176,0.2821,0.2821,11.73,4401.37,352.01,1
2026-08-18T07:23:13Z,DataLoader-Streaming,Static-NoPrefetch,16.00,1,0.6482,394.94,0.0405,0.0405,0.0405,0.6482,0.6482,24.68,4401.37,256.00,1
2026-08-18T07:23:13Z,DataLoader-Streaming,Smart-Prefetch-Depth1,16.00,1,0.5211,491.27,0.0326,0.0326,0.0326,0.5211,0.5211,5.41,4401.37,336.01,1
2026-08-18T07:23:14Z,DataLoader-Streaming,Smart-Prefetch-Depth2,16.00,1,0.5211,491.28,0.0326,0.0326,0.0326,0.5211,0.5211,5.59,4401.37,352.01,1
2026-08-18T07:23:15Z,DataLoader-Streaming,Static-NoPrefetch,64.00,1,0.7455,1373.53,0.0466,0.0466,0.0466,0.7455,0.7455,87.99,4401.37,1024.00,1
2026-08-18T07:23:15Z,DataLoader-Streaming,Smart-Prefetch-Depth1,64.00,1,0.7426,1378.96,0.0464,0.0464,0.0464,0.7426,0.7426,87.51,4401.37,1216.01,1
2026-08-18T07:23:16Z,DataLoader-Streaming,Smart-Prefetch-Depth2,64.00,1,0.4110,2491.48,0.0257,0.0257,0.0257,0.4110,0.4110,77.14,4401.37,1408.01,1
2026-08-18T07:23:17Z,DataLoader-Streaming,Static-NoPrefetch,64.00,1,0.9045,1132.18,0.0565,0.0565,0.0565,0.9045,0.9045,72.53,4401.37,1024.00,1
2026-08-18T07:23:18Z,DataLoader-Streaming,Smart-Prefetch-Depth1,64.00,1,0.7644,1339.60,0.0478,0.0478,0.0478,0.7644,0.7644,67.28,4401.37,1216.01,0
2026-08-18T07:23:18Z,DataLoader-Streaming,Smart-Prefetch-Depth2,64.00,1,0.4254,2407.27,0.0266,0.0266,0.0266,0.4254,0.4254,40.09,4401.37,1408.01,1
2026-08-18T07:23:20Z,DataLoader-Streaming,Static-NoPrefetch,64.00,1,1.1441,895.02,0.0715,0.0715,0.0715,1.1441,1.1441,57.34,4401.37,1024.00,1
2026-08-18T07:23:20Z,DataLoader-Streaming,Smart-Prefetch-Depth1,64.00,1,0.7801,1312.58,0.0488,0.0488,0.0488,0.7801,0.7801,36.90,4401.37,1216.01,0
2026-08-18T07:23:21Z,DataLoader-Streaming,Smart-Prefetch-Depth2,64.00,1,0.6144,1666.74,0.0384,0.0384,0.0384,0.6144,0.6144,19.03,4401.37,1344.01,1
2026-08-18T07:23:21Z,Columnar-Parquet-Scan,Static-OnDemand,128.00,1,0.3293,121.47,0.3293,0.3293,0.3293,0.3293,0.3293,0.00,4401.37,128.00,0
2026-08-18T07:23:22Z,Columnar-Parquet-Scan,Smart-RangePrefetch,128.00,1,0.3470,115.27,0.3470,0.3470,0.3470,0.3470,0.3470,0.00,4401.37,172.05,0
2026-08-18T07:23:22Z,Columnar-Parquet-Scan,Static-OnDemand,512.00,1,0.3308,120.92,0.3308,0.3308,0.3308,0.3308,0.3308,0.00,4401.37,512.00,1
2026-08-18T07:23:23Z,Columnar-Parquet-Scan,Smart-RangePrefetch,512.00,1,0.3449,115.99,0.3449,0.3449,0.3449,0.3449,0.3449,0.00,4401.37,558.05,0
2026-08-18T07:23:23Z,Memory-Guardrail-Soak,Unbounded-Alloc,4.00,100,0.2740,29195.89,0.2740,0.2740,0.2740,0.2740,0.2740,0.00,4401.37,8000.02,42
2026-08-18T07:23:23Z,Memory-Guardrail-Soak,MemoryGuardrail-SlabPool,4.00,100,0.0494,46116.50,0.0494,0.0494,0.0494,0.0494,0.0494,0.00,4401.37,76.04,1
2026-08-18T07:23:23Z,Orbax-Checkpoint-Write,Static-Fixed16MB,64.00,8,0.0542,9438.49,0.0542,0.0542,0.0542,0.0542,0.0542,0.00,4401.37,0.00,0
2026-08-18T07:23:23Z,Orbax-Checkpoint-Write,Smart-DynamicChunk,64.00,8,0.0526,926.75,0.0526,0.5524,0.5524,0.5524,0.5525,0.00,4401.37,0.00,0
2026-08-18T07:23:24Z,Orbax-Checkpoint-Write,Static-Fixed16MB,64.00,16,0.0534,1206.92,0.0534,0.7332,0.8484,0.8484,0.8484,0.00,4401.37,0.00,0
2026-08-18T07:23:24Z,Orbax-Checkpoint-Write,Smart-DynamicChunk,64.00,16,0.0526,19421.29,0.0526,0.0527,0.0527,0.0527,0.0527,0.00,4401.37,0.00,0
2026-08-18T07:23:25Z,Orbax-Checkpoint-Write,Static-Fixed16MB,64.00,32,0.0532,2871.92,0.0532,0.0532,0.7130,0.7130,0.7131,0.00,4401.37,0.01,0
2026-08-18T07:23:26Z,Orbax-Checkpoint-Write,Smart-DynamicChunk,64.00,32,0.0528,3020.34,0.0528,0.0528,0.6780,0.6780,0.6781,0.00,4401.37,0.01,0
2026-08-18T07:23:26Z,Orbax-Checkpoint-Write,Static-Fixed16MB,256.00,8,0.2123,2814.70,0.2123,0.7276,0.7276,0.7276,0.7276,0.00,4401.37,0.00,0
2026-08-18T07:23:27Z,Orbax-Checkpoint-Write,Smart-DynamicChunk,256.00,8,0.2095,3877.93,0.2095,0.5281,0.5281,0.5281,0.5281,0.00,4401.37,0.00,0
2026-08-18T07:23:28Z,Orbax-Checkpoint-Write,Static-Fixed16MB,256.00,16,0.2126,4128.72,0.2126,0.2126,0.9920,0.9920,0.9921,0.00,4401.37,0.00,0
2026-08-18T07:23:29Z,Orbax-Checkpoint-Write,Smart-DynamicChunk,256.00,16,0.2096,4108.74,0.2096,0.2096,0.9969,0.9969,0.9969,0.00,4401.37,0.00,0
2026-08-18T07:23:31Z,Orbax-Checkpoint-Write,Static-Fixed16MB,256.00,32,0.2127,4187.15,0.2127,0.9312,1.9564,1.9564,1.9565,0.00,4401.37,0.01,0
2026-08-18T07:23:32Z,Orbax-Checkpoint-Write,Smart-DynamicChunk,256.00,32,0.2096,9987.48,0.2096,0.6844,0.8201,0.8201,0.8202,0.00,4401.37,0.01,0
2026-08-18T07:23:33Z,Orbax-Checkpoint-Write,Static-Fixed16MB,512.00,8,0.4244,2835.72,0.4244,1.4444,1.4444,1.4444,1.4444,0.00,4401.37,0.00,0
2026-08-18T07:23:34Z,Orbax-Checkpoint-Write,Smart-DynamicChunk,512.00,8,0.4187,3828.45,0.4187,1.0698,1.0698,1.0698,1.0699,0.00,4401.37,0.00,0
2026-08-18T07:23:36Z,Orbax-Checkpoint-Write,Static-Fixed16MB,512.00,16,0.8169,5028.04,0.8169,1.5964,1.6292,1.6292,1.6293,0.00,4401.37,0.00,0
2026-08-18T07:23:37Z,Orbax-Checkpoint-Write,Smart-DynamicChunk,512.00,16,0.4184,7896.52,0.4184,0.7567,1.0374,1.0374,1.0374,0.00,4401.37,0.00,0
2026-08-18T07:23:39Z,Orbax-Checkpoint-Write,Static-Fixed16MB,512.00,32,0.8711,8929.33,0.8711,1.6030,1.8348,1.8348,1.8349,0.00,4401.37,0.01,0
2026-08-18T07:23:40Z,Orbax-Checkpoint-Write,Smart-DynamicChunk,512.00,32,0.4186,15759.87,0.4186,0.4186,1.0395,1.0395,1.0396,0.00,4401.37,0.01,0
2026-08-18T07:23:44Z,Orbax-Checkpoint-Write,Static-Fixed16MB,1024.00,8,2.1358,1875.85,2.1358,4.3671,4.3671,4.3671,4.3671,0.00,4401.37,0.00,0
2026-08-18T07:23:46Z,Orbax-Checkpoint-Write,Smart-DynamicChunk,1024.00,8,0.8363,5380.29,0.8363,1.5226,1.5226,1.5226,1.5226,0.00,4401.37,0.00,0
2026-08-18T07:23:48Z,Orbax-Checkpoint-Write,Static-Fixed16MB,1024.00,16,1.3630,6354.83,1.3630,2.4060,2.5782,2.5782,2.5782,0.00,4401.37,0.00,0
2026-08-18T07:23:51Z,Orbax-Checkpoint-Write,Smart-DynamicChunk,1024.00,16,0.8362,7191.59,0.8362,1.5624,2.2782,2.2782,2.2782,0.00,4401.37,0.00,0
2026-08-18T07:23:53Z,Orbax-Checkpoint-Write,Static-Fixed16MB,1024.00,32,1.5989,11523.97,1.5989,2.3016,2.8434,2.8434,2.8435,0.00,4401.37,0.01,0
2026-08-18T07:23:55Z,Orbax-Checkpoint-Write,Smart-DynamicChunk,1024.00,32,0.8378,16650.29,0.8378,1.7178,1.9679,1.9679,1.9680,0.00,4401.37,0.01,0
2026-08-18T07:23:56Z,DataLoader-Streaming,Static-NoPrefetch,4.00,1,0.1360,470.43,0.0085,0.0085,0.0085,0.1360,0.1360,35.28,4401.37,64.00,1
2026-08-18T07:23:56Z,DataLoader-Streaming,Smart-Prefetch-Depth1,4.00,1,0.0963,664.72,0.0060,0.0060,0.0060,0.0963,0.0963,10.01,4401.37,80.01,0
2026-08-18T07:23:56Z,DataLoader-Streaming,Smart-Prefetch-Depth2,4.00,1,0.0982,651.78,0.0061,0.0061,0.0061,0.0982,0.0982,10.06,4401.37,88.01,1
2026-08-18T07:23:56Z,DataLoader-Streaming,Static-NoPrefetch,4.00,1,0.2956,216.49,0.0185,0.0185,0.0185,0.2956,0.2956,16.24,4401.37,64.00,1
2026-08-18T07:23:56Z,DataLoader-Streaming,Smart-Prefetch-Depth1,4.00,1,0.2574,248.61,0.0161,0.0161,0.0161,0.2574,0.2574,4.16,4401.37,84.01,1
2026-08-18T07:23:57Z,DataLoader-Streaming,Smart-Prefetch-Depth2,4.00,1,0.2552,250.76,0.0160,0.0160,0.0160,0.2552,0.2552,3.41,4401.37,84.01,1
2026-08-18T07:23:57Z,DataLoader-Streaming,Static-NoPrefetch,4.00,1,0.5363,119.35,0.0335,0.0335,0.0335,0.5363,0.5363,8.95,4401.37,64.00,1
2026-08-18T07:23:58Z,DataLoader-Streaming,Smart-Prefetch-Depth1,4.00,1,0.4955,129.15,0.0310,0.0310,0.0310,0.4955,0.4955,1.88,4401.37,80.01,1
2026-08-18T07:23:58Z,DataLoader-Streaming,Smart-Prefetch-Depth2,4.00,1,0.4970,128.78,0.0311,0.0311,0.0311,0.4970,0.4970,1.78,4401.37,88.01,1
2026-08-18T07:23:58Z,DataLoader-Streaming,Static-NoPrefetch,16.00,1,0.2476,1033.76,0.0155,0.0155,0.0155,0.2476,0.2476,64.61,4401.37,256.00,1
2026-08-18T07:23:59Z,DataLoader-Streaming,Smart-Prefetch-Depth1,16.00,1,0.1997,1281.68,0.0125,0.0125,0.0125,0.1997,0.1997,55.91,4401.37,304.01,1
2026-08-18T07:23:59Z,DataLoader-Streaming,Smart-Prefetch-Depth2,16.00,1,0.1196,2141.18,0.0075,0.0075,0.0075,0.1196,0.1196,25.01,4401.37,352.01,1
2026-08-18T07:23:59Z,DataLoader-Streaming,Static-NoPrefetch,16.00,1,0.4081,627.28,0.0255,0.0255,0.0255,0.4081,0.4081,39.21,4401.37,256.00,1
2026-08-18T07:23:59Z,DataLoader-Streaming,Smart-Prefetch-Depth1,16.00,1,0.2801,914.11,0.0175,0.0175,0.0175,0.2801,0.2801,10.62,4401.37,320.01,1
2026-08-18T07:24:00Z,DataLoader-Streaming,Smart-Prefetch-Depth2,16.00,1,0.2859,895.39,0.0179,0.0179,0.0179,0.2859,0.2859,12.69,4401.37,352.01,1
2026-08-18T07:24:00Z,DataLoader-Streaming,Static-NoPrefetch,16.00,1,0.6482,394.95,0.0405,0.0405,0.0405,0.6482,0.6482,24.68,4401.37,256.00,0
2026-08-18T07:24:01Z,DataLoader-Streaming,Smart-Prefetch-Depth1,16.00,1,0.5268,485.91,0.0329,0.0329,0.0329,0.5268,0.5268,6.67,4401.37,320.01,1
2026-08-18T07:24:02Z,DataLoader-Streaming,Smart-Prefetch-Depth2,16.00,1,0.5229,489.59,0.0327,0.0327,0.0327,0.5229,0.5229,6.48,4401.37,352.01,1
2026-08-18T07:24:02Z,DataLoader-Streaming,Static-NoPrefetch,64.00,1,0.7446,1375.18,0.0465,0.0465,0.0465,0.7446,0.7446,88.10,4401.37,1024.00,1
2026-08-18T07:24:03Z,DataLoader-Streaming,Smart-Prefetch-Depth1,64.00,1,0.7539,1358.26,0.0471,0.0471,0.0471,0.7539,0.7539,87.97,4401.37,1216.01,1
2026-08-18T07:24:04Z,DataLoader-Streaming,Smart-Prefetch-Depth2,64.00,1,0.4088,2504.74,0.0256,0.0256,0.0256,0.4088,0.4088,76.07,4401.37,1408.01,1
2026-08-18T07:24:05Z,DataLoader-Streaming,Static-NoPrefetch,64.00,1,0.9040,1132.71,0.0565,0.0565,0.0565,0.9040,0.9040,72.56,4401.37,1024.00,1
2026-08-18T07:24:06Z,DataLoader-Streaming,Smart-Prefetch-Depth1,64.00,1,0.7720,1326.45,0.0482,0.0482,0.0482,0.7720,0.7720,67.24,4401.37,1216.01,0
2026-08-18T07:24:06Z,DataLoader-Streaming,Smart-Prefetch-Depth2,64.00,1,0.4261,2403.10,0.0266,0.0266,0.0266,0.4261,0.4261,40.11,4401.37,1408.01,1
2026-08-18T07:24:07Z,DataLoader-Streaming,Static-NoPrefetch,64.00,1,1.1442,894.98,0.0715,0.0715,0.0715,1.1442,1.1442,57.33,4401.37,1024.00,1
2026-08-18T07:24:08Z,DataLoader-Streaming,Smart-Prefetch-Depth1,64.00,1,0.7820,1309.50,0.0489,0.0489,0.0489,0.7820,0.7820,37.22,4401.37,1216.01,0
2026-08-18T07:24:09Z,DataLoader-Streaming,Smart-Prefetch-Depth2,64.00,1,0.6210,1648.92,0.0388,0.0388,0.0388,0.6210,0.6210,20.22,4401.37,1344.01,1
2026-08-18T07:24:09Z,Columnar-Parquet-Scan,Static-OnDemand,128.00,1,0.3295,121.41,0.3295,0.3295,0.3295,0.3295,0.3295,0.00,4401.37,128.00,0
2026-08-18T07:24:10Z,Columnar-Parquet-Scan,Smart-RangePrefetch,128.00,1,0.3485,114.78,0.3485,0.3485,0.3485,0.3485,0.3485,0.00,4401.37,174.05,0
2026-08-18T07:24:10Z,Columnar-Parquet-Scan,Static-OnDemand,512.00,1,0.3321,120.45,0.3321,0.3321,0.3321,0.3321,0.3321,0.00,4401.37,512.00,1
2026-08-18T07:24:10Z,Columnar-Parquet-Scan,Smart-RangePrefetch,512.00,1,0.3439,116.33,0.3439,0.3439,0.3439,0.3439,0.3439,0.00,4401.37,561.05,0
2026-08-18T07:24:11Z,Memory-Guardrail-Soak,Unbounded-Alloc,4.00,100,0.2501,31992.86,0.2501,0.2501,0.2501,0.2501,0.2501,0.00,4401.37,8000.02,38
2026-08-18T07:24:11Z,Memory-Guardrail-Soak,MemoryGuardrail-SlabPool,4.00,100,0.0523,44692.10,0.0523,0.0523,0.0523,0.0523,0.0523,0.00,4401.37,72.06,2
2026-08-18T07:24:11Z,Orbax-Checkpoint-Write,Static-Fixed16MB,64.00,8,0.0552,9242.32,0.0552,0.0553,0.0553,0.0553,0.0554,0.00,4401.37,0.00,0
2026-08-18T07:24:11Z,Orbax-Checkpoint-Write,Smart-DynamicChunk,64.00,8,0.0527,9700.31,0.0527,0.0528,0.0528,0.0528,0.0528,0.00,4401.37,0.00,0
2026-08-18T07:24:11Z,Orbax-Checkpoint-Write,Static-Fixed16MB,64.00,16,0.0531,2047.27,0.0531,0.0532,0.5001,0.5001,0.5002,0.00,4401.37,0.00,0
2026-08-18T07:24:11Z,Orbax-Checkpoint-Write,Smart-DynamicChunk,64.00,16,0.0525,19455.79,0.0525,0.0525,0.0526,0.0526,0.0526,0.00,4401.37,0.00,0
2026-08-18T07:24:12Z,Orbax-Checkpoint-Write,Static-Fixed16MB,64.00,32,0.0530,2452.73,0.0530,0.4379,0.8349,0.8349,0.8350,0.00,4401.37,0.01,0
2026-08-18T07:24:12Z,Orbax-Checkpoint-Write,Smart-DynamicChunk,64.00,32,0.0527,38801.08,0.0527,0.0527,0.0527,0.0527,0.0528,0.00,4401.37,0.01,0
2026-08-18T07:24:13Z,Orbax-Checkpoint-Write,Static-Fixed16MB,256.00,8,0.2120,2430.00,0.2120,0.8428,0.8428,0.8428,0.8428,0.00,4401.37,0.00,0
2026-08-18T07:24:14Z,Orbax-Checkpoint-Write,Smart-DynamicChunk,256.00,8,0.2092,3219.44,0.2092,0.6361,0.6361,0.6361,0.6361,0.00,4401.37,0.00,0
2026-08-18T07:24:15Z,Orbax-Checkpoint-Write,Static-Fixed16MB,256.00,16,0.2123,4537.21,0.2123,0.8761,0.9027,0.9027,0.9028,0.00,4401.37,0.00,0
2026-08-18T07:24:15Z,Orbax-Checkpoint-Write,Smart-DynamicChunk,256.00,16,0.2094,4277.98,0.2094,0.2095,0.9574,0.9574,0.9575,0.00,4401.37,0.00,0
2026-08-18T07:24:16Z,Orbax-Checkpoint-Write,Static-Fixed16MB,256.00,32,0.2165,8368.90,0.2165,0.8297,0.9788,0.9788,0.9789,0.00,4401.37,0.01,0
2026-08-18T07:24:17Z,Orbax-Checkpoint-Write,Smart-DynamicChunk,256.00,32,0.2095,12077.49,0.2095,0.2095,0.6782,0.6782,0.6783,0.00,4401.37,0.01,0
2026-08-18T07:24:19Z,Orbax-Checkpoint-Write,Static-Fixed16MB,512.00,8,0.4240,2863.29,0.4240,1.4305,1.4305,1.4305,1.4305,0.00,4401.37,0.00,0
2026-08-18T07:24:20Z,Orbax-Checkpoint-Write,Smart-DynamicChunk,512.00,8,0.4184,4182.03,0.4184,0.9794,0.9794,0.9794,0.9794,0.00,4401.37,0.00,0
2026-08-18T07:24:21Z,Orbax-Checkpoint-Write,Static-Fixed16MB,512.00,16,0.4244,5733.69,0.4244,1.3929,1.4287,1.4287,1.4287,0.00,4401.37,0.00,0
2026-08-18T07:24:22Z,Orbax-Checkpoint-Write,Smart-DynamicChunk,512.00,16,0.4184,7777.00,0.4184,0.4184,1.0533,1.0533,1.0534,0.00,4401.37,0.00,0
2026-08-18T07:24:25Z,Orbax-Checkpoint-Write,Static-Fixed16MB,512.00,32,0.7821,6001.12,0.7821,1.7848,2.7301,2.7301,2.7302,0.00,4401.37,0.01,0
2026-08-18T07:24:26Z,Orbax-Checkpoint-Write,Smart-DynamicChunk,512.00,32,0.4188,12771.99,0.4188,1.1442,1.2827,1.2827,1.2828,0.00,4401.37,0.01,0
2026-08-18T07:24:28Z,Orbax-Checkpoint-Write,Static-Fixed16MB,1024.00,8,1.3960,3537.00,1.3960,2.3160,2.3160,2.3160,2.3161,0.00,4401.37,0.00,0
2026-08-18T07:24:30Z,Orbax-Checkpoint-Write,Smart-DynamicChunk,1024.00,8,0.8374,5118.56,0.8374,1.6004,1.6004,1.6004,1.6004,0.00,4401.37,0.00,0
2026-08-18T07:24:32Z,Orbax-Checkpoint-Write,Static-Fixed16MB,1024.00,16,1.5073,6571.12,1.5073,2.4747,2.4933,2.4933,2.4933,0.00,4401.37,0.00,0
2026-08-18T07:24:34Z,Orbax-Checkpoint-Write,Smart-DynamicChunk,1024.00,16,0.8365,8422.54,0.8365,1.6145,1.9452,1.9452,1.9453,0.00,4401.37,0.00,0
2026-08-18T07:24:38Z,Orbax-Checkpoint-Write,Static-Fixed16MB,1024.00,32,1.5922,9429.21,1.5922,2.5146,3.4751,3.4751,3.4752,0.00,4401.37,0.01,0
2026-08-18T07:24:40Z,Orbax-Checkpoint-Write,Smart-DynamicChunk,1024.00,32,0.8369,17165.76,0.8369,1.1660,1.9089,1.9089,1.9089,0.00,4401.37,0.01,0
2026-08-18T07:24:40Z,DataLoader-Streaming,Static-NoPrefetch,4.00,1,0.1357,471.54,0.0085,0.0085,0.0085,0.1357,0.1357,35.37,4401.37,64.00,1
2026-08-18T07:24:40Z,DataLoader-Streaming,Smart-Prefetch-Depth1,4.00,1,0.0955,670.35,0.0060,0.0060,0.0060,0.0955,0.0955,9.66,4401.37,80.01,0
2026-08-18T07:24:40Z,DataLoader-Streaming,Smart-Prefetch-Depth2,4.00,1,0.0954,670.79,0.0060,0.0060,0.0060,0.0954,0.0954,8.65,4401.37,92.01,1
2026-08-18T07:24:40Z,DataLoader-Streaming,Static-NoPrefetch,4.00,1,0.2948,217.09,0.0184,0.0184,0.0184,0.2948,0.2948,16.28,4401.37,64.00,1
2026-08-18T07:24:41Z,DataLoader-Streaming,Smart-Prefetch-Depth1,4.00,1,0.2598,246.32,0.0162,0.0162,0.0162,0.2598,0.2598,4.03,4401.37,84.01,1
2026-08-18T07:24:41Z,DataLoader-Streaming,Smart-Prefetch-Depth2,4.00,1,0.2549,251.07,0.0159,0.0159,0.0159,0.2549,0.2549,3.32,4401.37,84.01,1
2026-08-18T07:24:41Z,DataLoader-Streaming,Static-NoPrefetch,4.00,1,0.5350,119.64,0.0334,0.0334,0.0334,0.5350,0.5350,8.97,4401.37,64.00,1
2026-08-18T07:24:42Z,DataLoader-Streaming,Smart-Prefetch-Depth1,4.00,1,0.4965,128.91,0.0310,0.0310,0.0310,0.4965,0.4965,1.86,4401.37,84.01,1
2026-08-18T07:24:42Z,DataLoader-Streaming,Smart-Prefetch-Depth2,4.00,1,0.4968,128.82,0.0311,0.0311,0.0311,0.4968,0.4968,1.84,4401.37,88.01,1
2026-08-18T07:24:43Z,DataLoader-Streaming,Static-NoPrefetch,16.00,1,0.2487,1029.21,0.0155,0.0155,0.0155,0.2487,0.2487,64.33,4401.37,256.00,1
2026-08-18T07:24:43Z,DataLoader-Streaming,Smart-Prefetch-Depth1,16.00,1,0.1996,1282.82,0.0125,0.0125,0.0125,0.1996,0.1996,56.14,4401.37,320.01,1
2026-08-18T07:24:43Z,DataLoader-Streaming,Smart-Prefetch-Depth2,16.00,1,0.1193,2146.59,0.0075,0.0075,0.0075,0.1193,0.1193,24.10,4401.37,336.01,1
2026-08-18T07:24:44Z,DataLoader-Streaming,Static-NoPrefetch,16.00,1,0.4088,626.24,0.0255,0.0255,0.0255,0.4088,0.4088,39.14,4401.37,256.00,1
2026-08-18T07:24:44Z,DataLoader-Streaming,Smart-Prefetch-Depth1,16.00,1,0.2820,907.82,0.0176,0.0176,0.0176,0.2820,0.2820,10.47,4401.37,352.01,1
2026-08-18T07:24:44Z,DataLoader-Streaming,Smart-Prefetch-Depth2,16.00,1,0.2815,909.33,0.0176,0.0176,0.0176,0.2815,0.2815,10.31,4401.37,352.01,1
2026-08-18T07:24:45Z,DataLoader-Streaming,Static-NoPrefetch,16.00,1,0.6488,394.59,0.0405,0.0405,0.0405,0.6488,0.6488,24.66,4401.37,256.00,0
2026-08-18T07:24:45Z,DataLoader-Streaming,Smart-Prefetch-Depth1,16.00,1,0.5210,491.36,0.0326,0.0326,0.0326,0.5210,0.5210,5.61,4401.37,320.01,1
2026-08-18T07:24:46Z,DataLoader-Streaming,Smart-Prefetch-Depth2,16.00,1,0.5225,489.92,0.0327,0.0327,0.0327,0.5225,0.5225,6.42,4401.37,352.01,1
2026-08-18T07:24:47Z,DataLoader-Streaming,Static-NoPrefetch,64.00,1,0.7440,1376.36,0.0465,0.0465,0.0465,0.7440,0.7440,88.17,4401.37,1024.00,1
2026-08-18T07:24:48Z,DataLoader-Streaming,Smart-Prefetch-Depth1,64.00,1,0.7319,1399.12,0.0457,0.0457,0.0457,0.7319,0.7319,87.49,4401.37,1216.01,1
2026-08-18T07:24:48Z,DataLoader-Streaming,Smart-Prefetch-Depth2,64.00,1,0.4046,2531.00,0.0253,0.0253,0.0253,0.4046,0.4046,77.16,4401.37,1344.01,1
2026-08-18T07:24:49Z,DataLoader-Streaming,Static-NoPrefetch,64.00,1,0.9048,1131.70,0.0566,0.0566,0.0566,0.9048,0.9048,72.50,4401.37,1024.00,0
2026-08-18T07:24:50Z,DataLoader-Streaming,Smart-Prefetch-Depth1,64.00,1,0.7689,1331.70,0.0481,0.0481,0.0481,0.7689,0.7689,67.03,4401.37,1216.01,1
2026-08-18T07:24:50Z,DataLoader-Streaming,Smart-Prefetch-Depth2,64.00,1,0.4275,2395.33,0.0267,0.0267,0.0267,0.4275,0.4275,41.82,4401.37,1408.01,1
2026-08-18T07:24:52Z,DataLoader-Streaming,Static-NoPrefetch,64.00,1,1.1448,894.50,0.0715,0.0715,0.0715,1.1448,1.1448,57.30,4401.37,1024.00,1
2026-08-18T07:24:53Z,DataLoader-Streaming,Smart-Prefetch-Depth1,64.00,1,0.7873,1300.66,0.0492,0.0492,0.0492,0.7873,0.7873,37.58,4401.37,1216.01,0
2026-08-18T07:24:53Z,DataLoader-Streaming,Smart-Prefetch-Depth2,64.00,1,0.6172,1659.17,0.0386,0.0386,0.0386,0.6172,0.6172,19.26,4401.37,1344.01,1
2026-08-18T07:24:54Z,Columnar-Parquet-Scan,Static-OnDemand,128.00,1,0.3297,121.31,0.3297,0.3297,0.3297,0.3297,0.3297,0.00,4401.37,128.00,0
2026-08-18T07:24:54Z,Columnar-Parquet-Scan,Smart-RangePrefetch,128.00,1,0.3482,114.88,0.3482,0.3482,0.3482,0.3482,0.3482,0.00,4401.37,173.05,0
2026-08-18T07:24:54Z,Columnar-Parquet-Scan,Static-OnDemand,512.00,1,0.3330,120.12,0.3330,0.3330,0.3330,0.3330,0.3330,0.00,4401.37,512.00,1
2026-08-18T07:24:55Z,Columnar-Parquet-Scan,Smart-RangePrefetch,512.00,1,0.3482,114.86,0.3482,0.3482,0.3482,0.3482,0.3482,0.00,4401.37,557.05,0
2026-08-18T07:24:55Z,Memory-Guardrail-Soak,Unbounded-Alloc,4.00,100,0.2594,30839.59,0.2594,0.2594,0.2594,0.2594,0.2594,0.00,4401.37,8000.02,40
2026-08-18T07:24:55Z,Memory-Guardrail-Soak,MemoryGuardrail-SlabPool,4.00,100,0.0491,46150.85,0.0491,0.0491,0.0491,0.0491,0.0491,0.00,4401.37,72.04,2
2026-08-18T07:24:56Z,Orbax-Checkpoint-Write,Static-Fixed16MB,64.00,8,0.0542,734.09,0.0542,0.6974,0.6974,0.6974,0.6975,0.00,4401.37,0.00,0
2026-08-18T07:24:56Z,Orbax-Checkpoint-Write,Smart-DynamicChunk,64.00,8,0.0525,1003.52,0.0525,0.5102,0.5102,0.5102,0.5102,0.00,4401.37,0.00,0
2026-08-18T07:24:56Z,Orbax-Checkpoint-Write,Static-Fixed16MB,64.00,16,0.0531,19258.42,0.0531,0.0531,0.0531,0.0531,0.0532,0.00,4401.37,0.00,0
2026-08-18T07:24:56Z,Orbax-Checkpoint-Write,Smart-DynamicChunk,64.00,16,0.0526,19443.50,0.0526,0.0526,0.0526,0.0526,0.0527,0.00,4401.37,0.00,0
2026-08-18T07:24:57Z,Orbax-Checkpoint-Write,Static-Fixed16MB,64.00,32,0.0531,2852.33,0.0531,0.0531,0.7179,0.7179,0.7180,0.00,4401.37,0.01,0
2026-08-18T07:24:57Z,Orbax-Checkpoint-Write,Smart-DynamicChunk,64.00,32,0.0527,38745.68,0.0527,0.0527,0.0528,0.0528,0.0529,0.00,4401.37,0.01,0
2026-08-18T07:24:59Z,Orbax-Checkpoint-Write,Static-Fixed16MB,256.00,8,0.2121,1054.51,0.2121,1.9421,1.9421,1.9421,1.9421,0.00,4401.37,0.00,0
2026-08-18T07:25:00Z,Orbax-Checkpoint-Write,Smart-DynamicChunk,256.00,8,0.2093,2033.83,0.2093,1.0069,1.0069,1.0069,1.0070,0.00,4401.37,0.00,0
2026-08-18T07:25:01Z,Orbax-Checkpoint-Write,Static-Fixed16MB,256.00,16,0.2125,4225.56,0.2125,0.8764,0.9693,0.9693,0.9693,0.00,4401.37,0.00,0
2026-08-18T07:25:02Z,Orbax-Checkpoint-Write,Smart-DynamicChunk,256.00,16,0.2096,4730.55,0.2096,0.5618,0.8658,0.8658,0.8659,0.00,4401.37,0.00,0
2026-08-18T07:25:03Z,Orbax-Checkpoint-Write,Static-Fixed16MB,256.00,32,0.2126,8808.45,0.2126,0.6342,0.9299,0.9299,0.9300,0.00,4401.37,0.01,0
2026-08-18T07:25:04Z,Orbax-Checkpoint-Write,Smart-DynamicChunk,256.00,32,0.2095,12134.44,0.2095,0.2095,0.6750,0.6750,0.6751,0.00,4401.37,0.01,0
2026-08-18T07:25:04Z,Orbax-Checkpoint-Write,Static-Fixed16MB,512.00,8,0.4250,4521.95,0.4250,0.9057,0.9057,0.9057,0.9058,0.00,4401.37,0.00,0
2026-08-18T07:25:05Z,Orbax-Checkpoint-Write,Smart-DynamicChunk,512.00,8,0.4186,4833.95,0.4186,0.8473,0.8473,0.8473,0.8473,0.00,4401.37,0.00,0
2026-08-18T07:25:06Z,Orbax-Checkpoint-Write,Static-Fixed16MB,512.00,16,0.8134,7135.66,0.8134,1.1387,1.1480,1.1480,1.1480,0.00,4401.37,0.00,0
2026-08-18T07:25:07Z,Orbax-Checkpoint-Write,Smart-DynamicChunk,512.00,16,0.4186,10203.50,0.4186,0.4186,0.8028,0.8028,0.8029,0.00,4401.37,0.00,0
2026-08-18T07:25:09Z,Orbax-Checkpoint-Write,Static-Fixed16MB,512.00,32,0.8597,7731.50,0.8597,1.6961,2.1191,2.1191,2.1191,0.00,4401.37,0.01,0
2026-08-18T07:25:11Z,Orbax-Checkpoint-Write,Smart-DynamicChunk,512.00,32,0.4188,10807.73,0.4188,0.4189,1.5159,1.5159,1.5160,0.00,4401.37,0.01,0
2026-08-18T07:25:14Z,Orbax-Checkpoint-Write,Static-Fixed16MB,1024.00,8,1.2464,2786.08,1.2464,2.9403,2.9403,2.9403,2.9403,0.00,4401.37,0.00,0
2026-08-18T07:25:16Z,Orbax-Checkpoint-Write,Smart-DynamicChunk,1024.00,8,0.8368,4091.63,0.8368,2.0021,2.0021,2.0021,2.0021,0.00,4401.37,0.00,0
2026-08-18T07:25:19Z,Orbax-Checkpoint-Write,Static-Fixed16MB,1024.00,16,1.7442,5593.63,1.7442,2.8922,2.9290,2.9290,2.9290,0.00,4401.37,0.00,0
2026-08-18T07:25:20Z,Orbax-Checkpoint-Write,Smart-DynamicChunk,1024.00,16,0.8365,10807.20,0.8365,1.4937,1.5160,1.5160,1.5160,0.00,4401.37,0.00,0
2026-08-18T07:25:23Z,Orbax-Checkpoint-Write,Static-Fixed16MB,1024.00,32,1.2030,12424.30,1.2030,1.9588,2.6373,2.6373,2.6374,0.00,4401.37,0.01,0
2026-08-18T07:25:25Z,Orbax-Checkpoint-Write,Smart-DynamicChunk,1024.00,32,0.8395,18074.39,0.8395,1.5294,1.8129,1.8129,1.8130,0.00,4401.37,0.01,0
2026-08-18T07:25:25Z,DataLoader-Streaming,Static-NoPrefetch,4.00,1,0.1357,471.68,0.0085,0.0085,0.0085,0.1357,0.1357,35.38,4401.37,64.00,1
2026-08-18T07:25:25Z,DataLoader-Streaming,Smart-Prefetch-Depth1,4.00,1,0.0958,668.02,0.0060,0.0060,0.0060,0.0958,0.0958,9.44,4401.37,80.01,0
2026-08-18T07:25:25Z,DataLoader-Streaming,Smart-Prefetch-Depth2,4.00,1,0.0966,662.35,0.0060,0.0060,0.0060,0.0966,0.0966,8.83,4401.37,88.01,1
2026-08-18T07:25:25Z,DataLoader-Streaming,Static-NoPrefetch,4.00,1,0.2960,216.19,0.0185,0.0185,0.0185,0.2960,0.2960,16.21,4401.37,64.00,1
2026-08-18T07:25:26Z,DataLoader-Streaming,Smart-Prefetch-Depth1,4.00,1,0.2584,247.71,0.0161,0.0161,0.0161,0.2584,0.2584,3.62,4401.37,84.01,1
2026-08-18T07:25:26Z,DataLoader-Streaming,Smart-Prefetch-Depth2,4.00,1,0.2544,251.60,0.0159,0.0159,0.0159,0.2544,0.2544,3.30,4401.37,84.01,1
2026-08-18T07:25:26Z,DataLoader-Streaming,Static-NoPrefetch,4.00,1,0.5365,119.30,0.0335,0.0335,0.0335,0.5365,0.5365,8.95,4401.37,64.00,1
2026-08-18T07:25:27Z,DataLoader-Streaming,Smart-Prefetch-Depth1,4.00,1,0.4971,128.74,0.0311,0.0311,0.0311,0.4971,0.4971,1.82,4401.37,80.01,1
2026-08-18T07:25:27Z,DataLoader-Streaming,Smart-Prefetch-Depth2,4.00,1,0.4964,128.93,0.0310,0.0310,0.0310,0.4964,0.4964,1.81,4401.37,88.01,1
2026-08-18T07:25:28Z,DataLoader-Streaming,Static-NoPrefetch,16.00,1,0.2491,1027.67,0.0156,0.0156,0.0156,0.2491,0.2491,64.23,4401.37,256.00,1
2026-08-18T07:25:28Z,DataLoader-Streaming,Smart-Prefetch-Depth1,16.00,1,0.2009,1274.09,0.0126,0.0126,0.0126,0.2009,0.2009,56.51,4401.37,320.01,1
2026-08-18T07:25:28Z,DataLoader-Streaming,Smart-Prefetch-Depth2,16.00,1,0.1186,2158.66,0.0074,0.0074,0.0074,0.1186,0.1186,24.98,4401.37,336.01,1
2026-08-18T07:25:28Z,DataLoader-Streaming,Static-NoPrefetch,16.00,1,0.4090,625.94,0.0256,0.0256,0.0256,0.4090,0.4090,39.12,4401.37,256.00,1
2026-08-18T07:25:29Z,DataLoader-Streaming,Smart-Prefetch-Depth1,16.00,1,0.2841,901.06,0.0178,0.0178,0.0178,0.2841,0.2841,11.43,4401.37,320.01,1
2026-08-18T07:25:29Z,DataLoader-Streaming,Smart-Prefetch-Depth2,16.00,1,0.2806,912.19,0.0175,0.0175,0.0175,0.2806,0.2806,10.90,4401.37,352.01,1
2026-08-18T07:25:30Z,DataLoader-Streaming,Static-NoPrefetch,16.00,1,0.6492,394.33,0.0406,0.0406,0.0406,0.6492,0.6492,24.65,4401.37,256.00,1
2026-08-18T07:25:30Z,DataLoader-Streaming,Smart-Prefetch-Depth1,16.00,1,0.5225,489.97,0.0327,0.0327,0.0327,0.5225,0.5225,5.83,4401.37,336.01,1
2026-08-18T07:25:31Z,DataLoader-Streaming,Smart-Prefetch-Depth2,16.00,1,0.5228,489.68,0.0327,0.0327,0.0327,0.5228,0.5228,6.08,4401.37,352.01,1
2026-08-18T07:25:32Z,DataLoader-Streaming,Static-NoPrefetch,64.00,1,0.7462,1372.21,0.0466,0.0466,0.0466,0.7462,0.7462,87.91,4401.37,1024.00,1
2026-08-18T07:25:32Z,DataLoader-Streaming,Smart-Prefetch-Depth1,64.00,1,0.7577,1351.54,0.0474,0.0474,0.0474,0.7577,0.7577,88.01,4401.37,1216.01,1
2026-08-18T07:25:33Z,DataLoader-Streaming,Smart-Prefetch-Depth2,64.00,1,0.4103,2495.96,0.0256,0.0256,0.0256,0.4103,0.4103,77.86,4401.37,1408.01,1
2026-08-18T07:25:34Z,DataLoader-Streaming,Static-NoPrefetch,64.00,1,0.9042,1132.48,0.0565,0.0565,0.0565,0.9042,0.9042,72.55,4401.37,1024.00,1
2026-08-18T07:25:35Z,DataLoader-Streaming,Smart-Prefetch-Depth1,64.00,1,0.7639,1340.49,0.0477,0.0477,0.0477,0.7639,0.7639,67.16,4401.37,1216.01,0
2026-08-18T07:25:35Z,DataLoader-Streaming,Smart-Prefetch-Depth2,64.00,1,0.4237,2416.74,0.0265,0.0265,0.0265,0.4237,0.4237,40.20,4401.37,1408.01,1
2026-08-18T07:25:37Z,DataLoader-Streaming,Static-NoPrefetch,64.00,1,1.1447,894.59,0.0715,0.0715,0.0715,1.1447,1.1447,57.31,4401.37,1024.00,1
2026-08-18T07:25:37Z,DataLoader-Streaming,Smart-Prefetch-Depth1,64.00,1,0.7781,1316.09,0.0486,0.0486,0.0486,0.7781,0.7781,36.75,4401.37,1216.01,0
2026-08-18T07:25:38Z,DataLoader-Streaming,Smart-Prefetch-Depth2,64.00,1,0.6167,1660.53,0.0385,0.0385,0.0385,0.6167,0.6167,19.60,4401.37,1344.01,1
2026-08-18T07:25:38Z,Columnar-Parquet-Scan,Static-OnDemand,128.00,1,0.3302,121.14,0.3302,0.3302,0.3302,0.3302,0.3302,0.00,4401.37,128.00,0
2026-08-18T07:25:39Z,Columnar-Parquet-Scan,Smart-RangePrefetch,128.00,1,0.3492,114.56,0.3492,0.3492,0.3492,0.3492,0.3492,0.00,4401.37,174.05,0
2026-08-18T07:25:39Z,Columnar-Parquet-Scan,Static-OnDemand,512.00,1,0.3320,120.48,0.3320,0.3320,0.3320,0.3320,0.3320,0.00,4401.37,512.00,1
2026-08-18T07:25:40Z,Columnar-Parquet-Scan,Smart-RangePrefetch,512.00,1,0.3452,115.88,0.3452,0.3452,0.3452,0.3452,0.3452,0.00,4401.37,558.05,0
2026-08-18T07:25:40Z,Memory-Guardrail-Soak,Unbounded-Alloc,4.00,100,0.2614,30606.00,0.2614,0.2614,0.2614,0.2614,0.2614,0.00,4401.37,8000.02,39
2026-08-18T07:25:40Z,Memory-Guardrail-Soak,MemoryGuardrail-SlabPool,4.00,100,0.0498,46017.12,0.0498,0.0498,0.0498,0.0498,0.0498,0.00,4401.37,72.04,1
2026-08-18T07:25:40Z,Orbax-Checkpoint-Write,Static-Fixed16MB,64.00,8,0.0546,9375.57,0.0546,0.0546,0.0546,0.0546,0.0546,0.00,4401.37,0.00,0
2026-08-18T07:25:40Z,Orbax-Checkpoint-Write,Smart-DynamicChunk,64.00,8,0.0526,9724.88,0.0526,0.0526,0.0526,0.0526,0.0526,0.00,4401.37,0.00,0
2026-08-18T07:25:41Z,Orbax-Checkpoint-Write,Static-Fixed16MB,64.00,16,0.0531,1805.71,0.0531,0.4197,0.5670,0.5670,0.5671,0.00,4401.37,0.00,0
2026-08-18T07:25:41Z,Orbax-Checkpoint-Write,Smart-DynamicChunk,64.00,16,0.0526,1817.45,0.0526,0.0526,0.5634,0.5634,0.5634,0.00,4401.37,0.00,0
2026-08-18T07:25:42Z,Orbax-Checkpoint-Write,Static-Fixed16MB,64.00,32,0.0531,4197.43,0.0531,0.0532,0.4878,0.4878,0.4879,0.00,4401.37,0.01,0
2026-08-18T07:25:42Z,Orbax-Checkpoint-Write,Smart-DynamicChunk,64.00,32,0.0527,5422.86,0.0527,0.0527,0.3776,0.3776,0.3777,0.00,4401.37,0.01,0
2026-08-18T07:25:43Z,Orbax-Checkpoint-Write,Static-Fixed16MB,256.00,8,0.6543,2041.26,0.6543,1.0033,1.0033,1.0033,1.0033,0.00,4401.37,0.00,0
2026-08-18T07:25:43Z,Orbax-Checkpoint-Write,Smart-DynamicChunk,256.00,8,0.2094,9779.01,0.2094,0.2094,0.2094,0.2094,0.2094,0.00,4401.37,0.00,0
2026-08-18T07:25:44Z,Orbax-Checkpoint-Write,Static-Fixed16MB,256.00,16,0.2130,4724.05,0.2130,0.7821,0.8670,0.8670,0.8671,0.00,4401.37,0.00,0
2026-08-18T07:25:45Z,Orbax-Checkpoint-Write,Smart-DynamicChunk,256.00,16,0.2096,4099.55,0.2096,0.8191,0.9991,0.9991,0.9991,0.00,4401.37,0.00,0
2026-08-18T07:25:47Z,Orbax-Checkpoint-Write,Static-Fixed16MB,256.00,32,0.2126,5035.21,0.2126,0.7787,1.6269,1.6269,1.6269,0.00,4401.37,0.01,0
2026-08-18T07:25:48Z,Orbax-Checkpoint-Write,Smart-DynamicChunk,256.00,32,0.2097,8523.24,0.2097,0.2097,0.9611,0.9611,0.9611,0.00,4401.37,0.01,0
2026-08-18T07:25:49Z,Orbax-Checkpoint-Write,Static-Fixed16MB,512.00,8,0.4247,3997.03,0.4247,1.0247,1.0247,1.0247,1.0248,0.00,4401.37,0.00,0
2026-08-18T07:25:51Z,Orbax-Checkpoint-Write,Smart-DynamicChunk,512.00,8,0.4182,2064.38,0.4182,1.9841,1.9841,1.9841,1.9841,0.00,4401.37,0.00,0
2026-08-18T07:25:53Z,Orbax-Checkpoint-Write,Static-Fixed16MB,512.00,16,0.7410,3538.29,0.7410,1.8164,2.3152,2.3152,2.3152,0.00,4401.37,0.00,0
2026-08-18T07:25:54Z,Orbax-Checkpoint-Write,Smart-DynamicChunk,512.00,16,0.4192,6933.24,0.4192,1.0949,1.1815,1.1815,1.1816,0.00,4401.37,0.00,0
2026-08-18T07:25:56Z,Orbax-Checkpoint-Write,Static-Fixed16MB,512.00,32,0.4259,11470.35,0.4259,1.0561,1.4283,1.4283,1.4284,0.00,4401.37,0.01,0
2026-08-18T07:25:57Z,Orbax-Checkpoint-Write,Smart-DynamicChunk,512.00,32,0.4187,13694.34,0.4187,1.1564,1.1963,1.1963,1.1964,0.00,4401.37,0.01,0
2026-08-18T07:25:59Z,Orbax-Checkpoint-Write,Static-Fixed16MB,1024.00,8,1.9805,3362.61,1.9805,2.4362,2.4362,2.4362,2.4362,0.00,4401.37,0.00,0
2026-08-18T07:26:01Z,Orbax-Checkpoint-Write,Smart-DynamicChunk,1024.00,8,0.8367,4574.72,0.8367,1.7907,1.7907,1.7907,1.7907,0.00,4401.37,0.00,0
2026-08-18T07:26:04Z,Orbax-Checkpoint-Write,Static-Fixed16MB,1024.00,16,2.0597,5254.24,2.0597,2.9978,3.1182,3.1182,3.1182,0.00,4401.37,0.00,0
2026-08-18T07:26:06Z,Orbax-Checkpoint-Write,Smart-DynamicChunk,1024.00,16,0.8370,7597.85,0.8370,1.2087,2.1564,2.1564,2.1564,0.00,4401.37,0.00,0
2026-08-18T07:26:10Z,Orbax-Checkpoint-Write,Static-Fixed16MB,1024.00,32,1.6154,10022.89,1.6154,2.4623,3.2693,3.2693,3.2693,0.00,4401.37,0.01,0
2026-08-18T07:26:11Z,Orbax-Checkpoint-Write,Smart-DynamicChunk,1024.00,32,0.8372,20287.81,0.8372,1.3888,1.6151,1.6151,1.6152,0.00,4401.37,0.01,0
2026-08-18T07:26:11Z,DataLoader-Streaming,Static-NoPrefetch,4.00,1,0.1354,472.63,0.0085,0.0085,0.0085,0.1354,0.1354,35.45,4401.37,64.00,1
2026-08-18T07:26:11Z,DataLoader-Streaming,Smart-Prefetch-Depth1,4.00,1,0.0956,669.75,0.0060,0.0060,0.0060,0.0956,0.0956,9.29,4401.37,80.01,0
2026-08-18T07:26:11Z,DataLoader-Streaming,Smart-Prefetch-Depth2,4.00,1,0.0950,673.67,0.0059,0.0059,0.0059,0.0950,0.0950,9.34,4401.37,88.01,1
2026-08-18T07:26:12Z,DataLoader-Streaming,Static-NoPrefetch,4.00,1,0.2960,216.24,0.0185,0.0185,0.0185,0.2960,0.2960,16.22,4401.37,64.00,1
2026-08-18T07:26:12Z,DataLoader-Streaming,Smart-Prefetch-Depth1,4.00,1,0.2565,249.48,0.0160,0.0160,0.0160,0.2565,0.2565,3.66,4401.37,84.01,1
2026-08-18T07:26:12Z,DataLoader-Streaming,Smart-Prefetch-Depth2,4.00,1,0.2539,252.04,0.0159,0.0159,0.0159,0.2539,0.2539,3.28,4401.37,84.01,1
2026-08-18T07:26:13Z,DataLoader-Streaming,Static-NoPrefetch,4.00,1,0.5362,119.36,0.0335,0.0335,0.0335,0.5362,0.5362,8.95,4401.37,64.00,1
2026-08-18T07:26:13Z,DataLoader-Streaming,Smart-Prefetch-Depth1,4.00,1,0.4953,129.20,0.0310,0.0310,0.0310,0.4953,0.4953,1.79,4401.37,80.01,1
2026-08-18T07:26:14Z,DataLoader-Streaming,Smart-Prefetch-Depth2,4.00,1,0.4969,128.79,0.0311,0.0311,0.0311,0.4969,0.4969,1.94,4401.37,88.01,1
2026-08-18T07:26:14Z,DataLoader-Streaming,Static-NoPrefetch,16.00,1,0.2480,1032.39,0.0155,0.0155,0.0155,0.2480,0.2480,64.52,4401.37,256.00,1
2026-08-18T07:26:14Z,DataLoader-Streaming,Smart-Prefetch-Depth1,16.00,1,0.1969,1300.27,0.0123,0.0123,0.0123,0.1969,0.1969,55.88,4401.37,320.01,1
2026-08-18T07:26:14Z,DataLoader-Streaming,Smart-Prefetch-Depth2,16.00,1,0.1181,2167.67,0.0074,0.0074,0.0074,0.1181,0.1181,23.90,4401.37,336.01,1
2026-08-18T07:26:15Z,DataLoader-Streaming,Static-NoPrefetch,16.00,1,0.4076,628.06,0.0255,0.0255,0.0255,0.4076,0.4076,39.25,4401.37,256.00,1
2026-08-18T07:26:15Z,DataLoader-Streaming,Smart-Prefetch-Depth1,16.00,1,0.2812,910.35,0.0176,0.0176,0.0176,0.2812,0.2812,10.83,4401.37,320.01,1
2026-08-18T07:26:16Z,DataLoader-Streaming,Smart-Prefetch-Depth2,16.00,1,0.2830,904.51,0.0177,0.0177,0.0177,0.2830,0.2830,11.83,4401.37,336.01,1
2026-08-18T07:26:16Z,DataLoader-Streaming,Static-NoPrefetch,16.00,1,0.6479,395.13,0.0405,0.0405,0.0405,0.6479,0.6479,24.70,4401.37,256.00,0
2026-08-18T07:26:17Z,DataLoader-Streaming,Smart-Prefetch-Depth1,16.00,1,0.5240,488.58,0.0327,0.0327,0.0327,0.5240,0.5240,6.20,4401.37,336.01,1
2026-08-18T07:26:17Z,DataLoader-Streaming,Smart-Prefetch-Depth2,16.00,1,0.5213,491.10,0.0326,0.0326,0.0326,0.5213,0.5213,5.63,4401.37,352.01,1
2026-08-18T07:26:18Z,DataLoader-Streaming,Static-NoPrefetch,64.00,1,0.7442,1375.89,0.0465,0.0465,0.0465,0.7442,0.7442,88.14,4401.37,1024.00,1
2026-08-18T07:26:19Z,DataLoader-Streaming,Smart-Prefetch-Depth1,64.00,1,0.7505,1364.35,0.0469,0.0469,0.0469,0.7505,0.7505,87.64,4401.37,1280.01,1
2026-08-18T07:26:19Z,DataLoader-Streaming,Smart-Prefetch-Depth2,64.00,1,0.4016,2549.93,0.0251,0.0251,0.0251,0.4016,0.4016,77.22,4401.37,1408.01,1
2026-08-18T07:26:20Z,DataLoader-Streaming,Static-NoPrefetch,64.00,1,0.9043,1132.31,0.0565,0.0565,0.0565,0.9043,0.9043,72.54,4401.37,1024.00,1
2026-08-18T07:26:21Z,DataLoader-Streaming,Smart-Prefetch-Depth1,64.00,1,0.7625,1342.89,0.0477,0.0477,0.0477,0.7625,0.7625,67.17,4401.37,1216.01,0
2026-08-18T07:26:22Z,DataLoader-Streaming,Smart-Prefetch-Depth2,64.00,1,0.4250,2409.68,0.0266,0.0266,0.0266,0.4250,0.4250,40.29,4401.37,1408.01,1
2026-08-18T07:26:23Z,DataLoader-Streaming,Static-NoPrefetch,64.00,1,1.1444,894.80,0.0715,0.0715,0.0715,1.1444,1.1444,57.32,4401.37,1024.00,1
2026-08-18T07:26:24Z,DataLoader-Streaming,Smart-Prefetch-Depth1,64.00,1,0.7826,1308.41,0.0489,0.0489,0.0489,0.7826,0.7826,37.25,4401.37,1216.01,0
2026-08-18T07:26:24Z,DataLoader-Streaming,Smart-Prefetch-Depth2,64.00,1,0.6083,1683.36,0.0380,0.0380,0.0380,0.6083,0.6083,17.78,4401.37,1344.01,1
2026-08-18T07:26:25Z,Columnar-Parquet-Scan,Static-OnDemand,128.00,1,0.3300,121.22,0.3300,0.3300,0.3300,0.3300,0.3300,0.00,4401.37,128.00,0
2026-08-18T07:26:25Z,Columnar-Parquet-Scan,Smart-RangePrefetch,128.00,1,0.3453,115.85,0.3453,0.3453,0.3453,0.3453,0.3453,0.00,4401.37,173.05,0
2026-08-18T07:26:26Z,Columnar-Parquet-Scan,Static-OnDemand,512.00,1,0.3302,121.13,0.3302,0.3302,0.3302,0.3302,0.3302,0.00,4401.37,512.00,0
2026-08-18T07:26:26Z,Columnar-Parquet-Scan,Smart-RangePrefetch,512.00,1,0.3444,116.16,0.3444,0.3444,0.3444,0.3444,0.3444,0.00,4401.37,560.05,1
2026-08-18T07:26:26Z,Memory-Guardrail-Soak,Unbounded-Alloc,4.00,100,0.2459,32529.70,0.2459,0.2459,0.2459,0.2459,0.2459,0.00,4401.37,8000.02,30
2026-08-18T07:26:26Z,Memory-Guardrail-Soak,MemoryGuardrail-SlabPool,4.00,100,0.0476,43350.35,0.0476,0.0476,0.0476,0.0476,0.0476,0.00,4401.37,68.04,1
2026-08-18T07:26:26Z,Orbax-Checkpoint-Write,Static-Fixed16MB,64.00,8,0.0553,9259.94,0.0553,0.0553,0.0553,0.0553,0.0553,0.00,4401.37,0.00,0
2026-08-18T07:26:26Z,Orbax-Checkpoint-Write,Smart-DynamicChunk,64.00,8,0.0534,9581.18,0.0534,0.0534,0.0534,0.0534,0.0534,0.00,4401.37,0.00,0
2026-08-18T07:26:26Z,Orbax-Checkpoint-Write,Static-Fixed16MB,64.00,16,0.0531,19261.58,0.0531,0.0531,0.0531,0.0531,0.0532,0.00,4401.37,0.00,0
2026-08-18T07:26:26Z,Orbax-Checkpoint-Write,Smart-DynamicChunk,64.00,16,0.0526,19440.00,0.0526,0.0526,0.0526,0.0526,0.0527,0.00,4401.37,0.00,0
2026-08-18T07:26:27Z,Orbax-Checkpoint-Write,Static-Fixed16MB,64.00,32,0.0533,5051.86,0.0533,0.0533,0.4053,0.4053,0.4054,0.00,4401.37,0.01,0
2026-08-18T07:26:28Z,Orbax-Checkpoint-Write,Smart-DynamicChunk,64.00,32,0.0526,2911.11,0.0526,0.0526,0.7034,0.7034,0.7035,0.00,4401.37,0.01,0
2026-08-18T07:26:28Z,Orbax-Checkpoint-Write,Static-Fixed16MB,256.00,8,0.2124,2389.22,0.2124,0.8571,0.8571,0.8571,0.8572,0.00,4401.37,0.00,0
2026-08-18T07:26:29Z,Orbax-Checkpoint-Write,Smart-DynamicChunk,256.00,8,0.2097,9765.73,0.2097,0.2097,0.2097,0.2097,0.2097,0.00,4401.37,0.00,0
2026-08-18T07:26:30Z,Orbax-Checkpoint-Write,Static-Fixed16MB,256.00,16,0.2125,3058.47,0.2125,0.9097,1.3392,1.3392,1.3392,0.00,4401.37,0.00,0
2026-08-18T07:26:31Z,Orbax-Checkpoint-Write,Smart-DynamicChunk,256.00,16,0.2094,4282.46,0.2094,0.2094,0.9564,0.9564,0.9565,0.00,4401.37,0.00,0
2026-08-18T07:26:32Z,Orbax-Checkpoint-Write,Static-Fixed16MB,256.00,32,0.2123,8175.94,0.2123,0.8957,1.0019,1.0019,1.0020,0.00,4401.37,0.01,0
2026-08-18T07:26:33Z,Orbax-Checkpoint-Write,Smart-DynamicChunk,256.00,32,0.2094,8142.66,0.2094,0.6507,1.0060,1.0060,1.0061,0.00,4401.37,0.01,0
2026-08-18T07:26:35Z,Orbax-Checkpoint-Write,Static-Fixed16MB,512.00,8,0.4243,1775.68,0.4243,2.3067,2.3067,2.3067,2.3067,0.00,4401.37,0.00,0
2026-08-18T07:26:36Z,Orbax-Checkpoint-Write,Smart-DynamicChunk,512.00,8,0.4188,3637.24,0.4188,1.1261,1.1261,1.1261,1.1261,0.00,4401.37,0.00,0
2026-08-18T07:26:38Z,Orbax-Checkpoint-Write,Static-Fixed16MB,512.00,16,0.4250,5176.33,0.4250,1.1301,1.5825,1.5825,1.5826,0.00,4401.37,0.00,0
2026-08-18T07:26:39Z,Orbax-Checkpoint-Write,Smart-DynamicChunk,512.00,16,0.4184,9881.09,0.4184,0.8167,0.8290,0.8290,0.8291,0.00,4401.37,0.00,0
2026-08-18T07:26:41Z,Orbax-Checkpoint-Write,Static-Fixed16MB,512.00,32,0.8858,7378.30,0.8858,1.6895,2.2205,2.2205,2.2206,0.00,4401.37,0.01,0
2026-08-18T07:26:42Z,Orbax-Checkpoint-Write,Smart-DynamicChunk,512.00,32,0.4188,14540.25,0.4188,0.7834,1.1267,1.1267,1.1268,0.00,4401.37,0.01,0
2026-08-18T07:26:44Z,Orbax-Checkpoint-Write,Static-Fixed16MB,1024.00,8,1.2692,5087.32,1.2692,1.6102,1.6102,1.6102,1.6103,0.00,4401.37,0.00,0
2026-08-18T07:26:45Z,Orbax-Checkpoint-Write,Smart-DynamicChunk,1024.00,8,0.8405,6564.81,0.8405,1.2478,1.2478,1.2478,1.2479,0.00,4401.37,0.00,0
2026-08-18T07:26:47Z,Orbax-Checkpoint-Write,Static-Fixed16MB,1024.00,16,1.6166,7059.36,1.6166,2.1516,2.3208,2.3208,2.3209,0.00,4401.37,0.00,0
2026-08-18T07:26:49Z,Orbax-Checkpoint-Write,Smart-DynamicChunk,1024.00,16,0.8392,10747.93,0.8392,1.4367,1.5243,1.5243,1.5244,0.00,4401.37,0.00,0
2026-08-18T07:26:52Z,Orbax-Checkpoint-Write,Static-Fixed16MB,1024.00,32,1.4182,9108.39,1.4182,2.2109,3.5975,3.5975,3.5976,0.00,4401.37,0.01,0
2026-08-18T07:26:54Z,Orbax-Checkpoint-Write,Smart-DynamicChunk,1024.00,32,0.8393,16692.64,0.8393,1.4074,1.9629,1.9629,1.9630,0.00,4401.37,0.01,0
2026-08-18T07:26:55Z,DataLoader-Streaming,Static-NoPrefetch,4.00,1,0.1362,469.73,0.0085,0.0085,0.0085,0.1362,0.1362,35.23,4401.37,64.00,1
2026-08-18T07:26:55Z,DataLoader-Streaming,Smart-Prefetch-Depth1,4.00,1,0.0956,669.43,0.0060,0.0060,0.0060,0.0956,0.0956,9.19,4401.37,80.01,0
2026-08-18T07:26:55Z,DataLoader-Streaming,Smart-Prefetch-Depth2,4.00,1,0.0968,661.02,0.0061,0.0061,0.0061,0.0968,0.0968,9.92,4401.37,88.01,1
2026-08-18T07:26:55Z,DataLoader-Streaming,Static-NoPrefetch,4.00,1,0.2955,216.58,0.0185,0.0185,0.0185,0.2955,0.2955,16.24,4401.37,64.00,1
2026-08-18T07:26:55Z,DataLoader-Streaming,Smart-Prefetch-Depth1,4.00,1,0.2585,247.57,0.0162,0.0162,0.0162,0.2585,0.2585,3.41,4401.37,84.01,1
2026-08-18T07:26:56Z,DataLoader-Streaming,Smart-Prefetch-Depth2,4.00,1,0.2559,250.08,0.0160,0.0160,0.0160,0.2559,0.2559,3.32,4401.37,84.01,1
2026-08-18T07:26:56Z,DataLoader-Streaming,Static-NoPrefetch,4.00,1,0.5360,119.41,0.0335,0.0335,0.0335,0.5360,0.5360,8.96,4401.37,64.00,1
2026-08-18T07:26:57Z,DataLoader-Streaming,Smart-Prefetch-Depth1,4.00,1,0.4973,128.70,0.0311,0.0311,0.0311,0.4973,0.4973,1.89,4401.37,84.01,1
2026-08-18T07:26:57Z,DataLoader-Streaming,Smart-Prefetch-Depth2,4.00,1,0.4958,129.08,0.0310,0.0310,0.0310,0.4958,0.4958,1.88,4401.37,88.01,1
2026-08-18T07:26:57Z,DataLoader-Streaming,Static-NoPrefetch,16.00,1,0.2471,1035.86,0.0154,0.0154,0.0154,0.2471,0.2471,64.74,4401.37,256.00,1
2026-08-18T07:26:58Z,DataLoader-Streaming,Smart-Prefetch-Depth1,16.00,1,0.2004,1277.25,0.0125,0.0125,0.0125,0.2004,0.2004,56.12,4401.37,304.01,1
2026-08-18T07:26:58Z,DataLoader-Streaming,Smart-Prefetch-Depth2,16.00,1,0.1212,2112.03,0.0076,0.0076,0.0076,0.1212,0.1212,25.92,4401.37,352.01,1
2026-08-18T07:26:58Z,DataLoader-Streaming,Static-NoPrefetch,16.00,1,0.4076,628.04,0.0255,0.0255,0.0255,0.4076,0.4076,39.25,4401.37,256.00,1
2026-08-18T07:26:58Z,DataLoader-Streaming,Smart-Prefetch-Depth1,16.00,1,0.2808,911.62,0.0176,0.0176,0.0176,0.2808,0.2808,10.59,4401.37,336.01,1
2026-08-18T07:26:59Z,DataLoader-Streaming,Smart-Prefetch-Depth2,16.00,1,0.2845,899.90,0.0178,0.0178,0.0178,0.2845,0.2845,11.02,4401.37,336.01,1
2026-08-18T07:26:59Z,DataLoader-Streaming,Static-NoPrefetch,16.00,1,0.6479,395.09,0.0405,0.0405,0.0405,0.6479,0.6479,24.69,4401.37,256.00,1
2026-08-18T07:27:00Z,DataLoader-Streaming,Smart-Prefetch-Depth1,16.00,1,0.5236,488.97,0.0327,0.0327,0.0327,0.5236,0.5236,6.09,4401.37,336.01,1
2026-08-18T07:27:01Z,DataLoader-Streaming,Smart-Prefetch-Depth2,16.00,1,0.5209,491.48,0.0326,0.0326,0.0326,0.5209,0.5209,5.92,4401.37,352.01,1
2026-08-18T07:27:01Z,DataLoader-Streaming,Static-NoPrefetch,64.00,1,0.7444,1375.62,0.0465,0.0465,0.0465,0.7444,0.7444,88.13,4401.37,1024.00,1
2026-08-18T07:27:02Z,DataLoader-Streaming,Smart-Prefetch-Depth1,64.00,1,0.7655,1337.75,0.0478,0.0478,0.0478,0.7655,0.7655,88.03,4401.37,1216.01,1
2026-08-18T07:27:03Z,DataLoader-Streaming,Smart-Prefetch-Depth2,64.00,1,0.4208,2433.44,0.0263,0.0263,0.0263,0.4208,0.4208,78.36,4401.37,1408.01,1
2026-08-18T07:27:04Z,DataLoader-Streaming,Static-NoPrefetch,64.00,1,0.9049,1131.57,0.0566,0.0566,0.0566,0.9049,0.9049,72.49,4401.37,1024.00,1
2026-08-18T07:27:05Z,DataLoader-Streaming,Smart-Prefetch-Depth1,64.00,1,0.7753,1320.75,0.0485,0.0485,0.0485,0.7753,0.7753,67.55,4401.37,1280.01,0
2026-08-18T07:27:05Z,DataLoader-Streaming,Smart-Prefetch-Depth2,64.00,1,0.4229,2421.26,0.0264,0.0264,0.0264,0.4229,0.4229,40.30,4401.37,1408.01,1
2026-08-18T07:27:06Z,DataLoader-Streaming,Static-NoPrefetch,64.00,1,1.1439,895.22,0.0715,0.0715,0.0715,1.1439,1.1439,57.35,4401.37,1024.00,1
2026-08-18T07:27:07Z,DataLoader-Streaming,Smart-Prefetch-Depth1,64.00,1,0.7805,1311.94,0.0488,0.0488,0.0488,0.7805,0.7805,37.19,4401.37,1216.01,0
2026-08-18T07:27:08Z,DataLoader-Streaming,Smart-Prefetch-Depth2,64.00,1,0.6118,1673.75,0.0382,0.0382,0.0382,0.6118,0.6118,18.59,4401.37,1344.01,1
2026-08-18T07:27:08Z,Columnar-Parquet-Scan,Static-OnDemand,128.00,1,0.3293,121.48,0.3293,0.3293,0.3293,0.3293,0.3293,0.00,4401.37,128.00,0
2026-08-18T07:27:09Z,Columnar-Parquet-Scan,Smart-RangePrefetch,128.00,1,0.3460,115.62,0.3460,0.3460,0.3460,0.3460,0.3460,0.00,4401.37,175.05,0
2026-08-18T07:27:09Z,Columnar-Parquet-Scan,Static-OnDemand,512.00,1,0.3299,121.24,0.3299,0.3299,0.3299,0.3299,0.3299,0.00,4401.37,512.00,1
2026-08-18T07:27:09Z,Columnar-Parquet-Scan,Smart-RangePrefetch,512.00,1,0.3428,116.70,0.3428,0.3428,0.3428,0.3428,0.3428,0.00,4401.37,556.05,0
2026-08-18T07:27:10Z,Memory-Guardrail-Soak,Unbounded-Alloc,4.00,100,0.2763,28954.48,0.2763,0.2763,0.2763,0.2763,0.2763,0.00,4401.37,8000.02,42
2026-08-18T07:27:10Z,Memory-Guardrail-Soak,MemoryGuardrail-SlabPool,4.00,100,0.0502,42546.59,0.0502,0.0502,0.0502,0.0502,0.0502,0.00,4401.37,72.04,1
2026-08-18T07:27:10Z,Orbax-Checkpoint-Write,Static-Fixed16MB,64.00,8,0.0538,1023.64,0.0538,0.5001,0.5001,0.5001,0.5002,0.00,4401.37,0.00,0
2026-08-18T07:27:11Z,Orbax-Checkpoint-Write,Smart-DynamicChunk,64.00,8,0.0526,611.40,0.0526,0.8374,0.8374,0.8374,0.8374,0.00,4401.37,0.00,0
2026-08-18T07:27:11Z,Orbax-Checkpoint-Write,Static-Fixed16MB,64.00,16,0.0531,19283.77,0.0531,0.0531,0.0531,0.0531,0.0531,0.00,4401.37,0.00,0
2026-08-18T07:27:11Z,Orbax-Checkpoint-Write,Smart-DynamicChunk,64.00,16,0.0525,19485.90,0.0525,0.0525,0.0525,0.0525,0.0526,0.00,4401.37,0.00,0
2026-08-18T07:27:12Z,Orbax-Checkpoint-Write,Static-Fixed16MB,64.00,32,0.0531,2787.07,0.0531,0.0531,0.7347,0.7347,0.7348,0.00,4401.37,0.01,0
2026-08-18T07:27:12Z,Orbax-Checkpoint-Write,Smart-DynamicChunk,64.00,32,0.0526,38894.60,0.0526,0.0526,0.0526,0.0526,0.0527,0.00,4401.37,0.01,0
2026-08-18T07:27:13Z,Orbax-Checkpoint-Write,Static-Fixed16MB,256.00,8,0.2120,1636.01,0.2120,1.2518,1.2518,1.2518,1.2518,0.00,4401.37,0.00,0
2026-08-18T07:27:14Z,Orbax-Checkpoint-Write,Smart-DynamicChunk,256.00,8,0.2093,2781.14,0.2093,0.7364,0.7364,0.7364,0.7364,0.00,4401.37,0.00,0
2026-08-18T07:27:15Z,Orbax-Checkpoint-Write,Static-Fixed16MB,256.00,16,0.2121,4154.40,0.2121,0.8531,0.9859,0.9859,0.9859,0.00,4401.37,0.00,0
2026-08-18T07:27:16Z,Orbax-Checkpoint-Write,Smart-DynamicChunk,256.00,16,0.2092,2649.00,0.2092,0.9892,1.5462,1.5462,1.5462,0.00,4401.37,0.00,0
2026-08-18T07:27:18Z,Orbax-Checkpoint-Write,Static-Fixed16MB,256.00,32,0.2133,5430.80,0.2133,0.7583,1.5084,1.5084,1.5084,0.00,4401.37,0.01,0
2026-08-18T07:27:19Z,Orbax-Checkpoint-Write,Smart-DynamicChunk,256.00,32,0.2095,8358.08,0.2095,0.8689,0.9800,0.9800,0.9801,0.00,4401.37,0.01,0
2026-08-18T07:27:20Z,Orbax-Checkpoint-Write,Static-Fixed16MB,512.00,8,0.4240,5252.60,0.4240,0.7798,0.7798,0.7798,0.7798,0.00,4401.37,0.00,0
2026-08-18T07:27:21Z,Orbax-Checkpoint-Write,Smart-DynamicChunk,512.00,8,0.4183,3897.73,0.4183,1.0508,1.0508,1.0508,1.0509,0.00,4401.37,0.00,0
2026-08-18T07:27:23Z,Orbax-Checkpoint-Write,Static-Fixed16MB,512.00,16,0.4248,3753.74,0.4248,2.0311,2.1823,2.1823,2.1824,0.00,4401.37,0.00,0
2026-08-18T07:27:23Z,Orbax-Checkpoint-Write,Smart-DynamicChunk,512.00,16,0.4185,19572.14,0.4185,0.4185,0.4185,0.4185,0.4186,0.00,4401.37,0.00,0
2026-08-18T07:27:25Z,Orbax-Checkpoint-Write,Static-Fixed16MB,512.00,32,0.8169,7814.34,0.8169,1.6427,2.0966,2.0966,2.0967,0.00,4401.37,0.01,0
2026-08-18T07:27:27Z,Orbax-Checkpoint-Write,Smart-DynamicChunk,512.00,32,0.4187,9206.68,0.4187,0.4187,1.7795,1.7795,1.7796,0.00,4401.37,0.01,0
2026-08-18T07:27:29Z,Orbax-Checkpoint-Write,Static-Fixed16MB,1024.00,8,1.1913,3880.47,1.1913,2.1111,2.1111,2.1111,2.1111,0.00,4401.37,0.00,0
2026-08-18T07:27:31Z,Orbax-Checkpoint-Write,Smart-DynamicChunk,1024.00,8,1.2563,5204.21,1.2563,1.5741,1.5741,1.5741,1.5741,0.00,4401.37,0.00,0
2026-08-18T07:27:34Z,Orbax-Checkpoint-Write,Static-Fixed16MB,1024.00,16,1.3220,4902.05,1.3220,2.2580,3.3422,3.3422,3.3423,0.00,4401.37,0.00,0
2026-08-18T07:27:36Z,Orbax-Checkpoint-Write,Smart-DynamicChunk,1024.00,16,0.8367,10385.85,0.8367,1.3992,1.5775,1.5775,1.5775,0.00,4401.37,0.00,0
2026-08-18T07:27:38Z,Orbax-Checkpoint-Write,Static-Fixed16MB,1024.00,32,1.5848,12927.45,1.5848,2.0849,2.5347,2.5347,2.5348,0.00,4401.37,0.01,0
2026-08-18T07:27:40Z,Orbax-Checkpoint-Write,Smart-DynamicChunk,1024.00,32,0.8382,17533.15,0.8382,1.5377,1.8688,1.8688,1.8689,0.00,4401.37,0.01,0
2026-08-18T07:27:40Z,DataLoader-Streaming,Static-NoPrefetch,4.00,1,0.1360,470.65,0.0085,0.0085,0.0085,0.1360,0.1360,35.30,4401.37,64.00,1
2026-08-18T07:27:40Z,DataLoader-Streaming,Smart-Prefetch-Depth1,4.00,1,0.0962,665.32,0.0060,0.0060,0.0060,0.0962,0.0962,9.65,4401.37,84.01,0
2026-08-18T07:27:41Z,DataLoader-Streaming,Smart-Prefetch-Depth2,4.00,1,0.0992,645.25,0.0062,0.0062,0.0062,0.0992,0.0992,10.04,4401.37,88.01,1
2026-08-18T07:27:41Z,DataLoader-Streaming,Static-NoPrefetch,4.00,1,0.2967,215.70,0.0185,0.0185,0.0185,0.2967,0.2967,16.18,4401.37,64.00,1
2026-08-18T07:27:41Z,DataLoader-Streaming,Smart-Prefetch-Depth1,4.00,1,0.2572,248.79,0.0161,0.0161,0.0161,0.2572,0.2572,3.61,4401.37,84.01,1
2026-08-18T07:27:41Z,DataLoader-Streaming,Smart-Prefetch-Depth2,4.00,1,0.2555,250.51,0.0160,0.0160,0.0160,0.2555,0.2555,3.29,4401.37,84.01,1
2026-08-18T07:27:42Z,DataLoader-Streaming,Static-NoPrefetch,4.00,1,0.5370,119.18,0.0336,0.0336,0.0336,0.5370,0.5370,8.94,4401.37,64.00,1
2026-08-18T07:27:42Z,DataLoader-Streaming,Smart-Prefetch-Depth1,4.00,1,0.4963,128.97,0.0310,0.0310,0.0310,0.4963,0.4963,1.86,4401.37,80.01,1
2026-08-18T07:27:43Z,DataLoader-Streaming,Smart-Prefetch-Depth2,4.00,1,0.4991,128.24,0.0312,0.0312,0.0312,0.4991,0.4991,2.08,4401.37,88.01,1
2026-08-18T07:27:43Z,DataLoader-Streaming,Static-NoPrefetch,16.00,1,0.2481,1031.85,0.0155,0.0155,0.0155,0.2481,0.2481,64.49,4401.37,256.00,1
2026-08-18T07:27:43Z,DataLoader-Streaming,Smart-Prefetch-Depth1,16.00,1,0.1982,1291.86,0.0124,0.0124,0.0124,0.1982,0.1982,55.61,4401.37,320.01,1
2026-08-18T07:27:44Z,DataLoader-Streaming,Smart-Prefetch-Depth2,16.00,1,0.1252,2044.32,0.0078,0.0078,0.0078,0.1252,0.1252,28.16,4401.37,336.01,1
2026-08-18T07:27:44Z,DataLoader-Streaming,Static-NoPrefetch,16.00,1,0.4083,626.95,0.0255,0.0255,0.0255,0.4083,0.4083,39.18,4401.37,256.00,1
2026-08-18T07:27:44Z,DataLoader-Streaming,Smart-Prefetch-Depth1,16.00,1,0.2823,906.74,0.0176,0.0176,0.0176,0.2823,0.2823,10.58,4401.37,320.01,1
2026-08-18T07:27:45Z,DataLoader-Streaming,Smart-Prefetch-Depth2,16.00,1,0.2815,909.38,0.0176,0.0176,0.0176,0.2815,0.2815,10.95,4401.37,352.01,1
2026-08-18T07:27:45Z,DataLoader-Streaming,Static-NoPrefetch,16.00,1,0.6480,395.08,0.0405,0.0405,0.0405,0.6480,0.6480,24.69,4401.37,256.00,1
2026-08-18T07:27:46Z,DataLoader-Streaming,Smart-Prefetch-Depth1,16.00,1,0.5218,490.56,0.0326,0.0326,0.0326,0.5218,0.5218,5.65,4401.37,336.01,1
2026-08-18T07:27:46Z,DataLoader-Streaming,Smart-Prefetch-Depth2,16.00,1,0.5211,491.24,0.0326,0.0326,0.0326,0.5211,0.5211,5.51,4401.37,352.01,1
2026-08-18T07:27:47Z,DataLoader-Streaming,Static-NoPrefetch,64.00,1,0.7450,1374.42,0.0466,0.0466,0.0466,0.7450,0.7450,88.05,4401.37,1024.00,1
2026-08-18T07:27:48Z,DataLoader-Streaming,Smart-Prefetch-Depth1,64.00,1,0.7538,1358.49,0.0471,0.0471,0.0471,0.7538,0.7538,87.96,4401.37,1216.01,1
2026-08-18T07:27:48Z,DataLoader-Streaming,Smart-Prefetch-Depth2,64.00,1,0.4055,2525.19,0.0253,0.0253,0.0253,0.4055,0.4055,77.64,4401.37,1408.01,1
2026-08-18T07:27:49Z,DataLoader-Streaming,Static-NoPrefetch,64.00,1,0.9044,1132.21,0.0565,0.0565,0.0565,0.9044,0.9044,72.53,4401.37,1024.00,1
2026-08-18T07:27:50Z,DataLoader-Streaming,Smart-Prefetch-Depth1,64.00,1,0.7657,1337.29,0.0479,0.0479,0.0479,0.7657,0.7657,67.16,4401.37,1216.01,0
2026-08-18T07:27:51Z,DataLoader-Streaming,Smart-Prefetch-Depth2,64.00,1,0.4266,2400.22,0.0267,0.0267,0.0267,0.4266,0.4266,40.66,4401.37,1408.01,1
2026-08-18T07:27:52Z,DataLoader-Streaming,Static-NoPrefetch,64.00,1,1.1444,894.82,0.0715,0.0715,0.0715,1.1444,1.1444,57.32,4401.37,1024.00,1
2026-08-18T07:27:53Z,DataLoader-Streaming,Smart-Prefetch-Depth1,64.00,1,0.7848,1304.76,0.0491,0.0491,0.0491,0.7848,0.7848,37.34,4401.37,1216.01,0
2026-08-18T07:27:54Z,DataLoader-Streaming,Smart-Prefetch-Depth2,64.00,1,0.6154,1664.07,0.0385,0.0385,0.0385,0.6154,0.6154,19.22,4401.37,1344.01,1
2026-08-18T07:27:54Z,Columnar-Parquet-Scan,Static-OnDemand,128.00,1,0.3313,120.74,0.3313,0.3313,0.3313,0.3313,0.3313,0.00,4401.37,128.00,0
2026-08-18T07:27:54Z,Columnar-Parquet-Scan,Smart-RangePrefetch,128.00,1,0.3474,115.14,0.3474,0.3474,0.3474,0.3474,0.3474,0.00,4401.37,173.05,0
2026-08-18T07:27:55Z,Columnar-Parquet-Scan,Static-OnDemand,512.00,1,0.3330,120.13,0.3330,0.3330,0.3330,0.3330,0.3330,0.00,4401.37,512.00,1
2026-08-18T07:27:55Z,Columnar-Parquet-Scan,Smart-RangePrefetch,512.00,1,0.3451,115.91,0.3451,0.3451,0.3451,0.3451,0.3451,0.00,4401.37,557.05,0
2026-08-18T07:27:55Z,Memory-Guardrail-Soak,Unbounded-Alloc,4.00,100,0.2718,29434.06,0.2718,0.2718,0.2718,0.2718,0.2718,0.00,4401.37,8000.02,41
2026-08-18T07:27:55Z,Memory-Guardrail-Soak,MemoryGuardrail-SlabPool,4.00,100,0.0533,43520.70,0.0533,0.0533,0.0533,0.0533,0.0533,0.00,4401.37,72.04,2
2026-08-18T07:27:57Z,Orbax-Checkpoint-Write,Static-Fixed16MB,64.00,8,0.0536,453.79,0.0536,1.1283,1.1283,1.1283,1.1283,0.00,4401.37,0.00,0
2026-08-18T07:27:57Z,Orbax-Checkpoint-Write,Smart-DynamicChunk,64.00,8,0.0526,9725.65,0.0526,0.0526,0.0526,0.0526,0.0526,0.00,4401.37,0.00,0
2026-08-18T07:27:57Z,Orbax-Checkpoint-Write,Static-Fixed16MB,64.00,16,0.0534,2244.81,0.0534,0.0534,0.4561,0.4561,0.4562,0.00,4401.37,0.00,0
2026-08-18T07:27:57Z,Orbax-Checkpoint-Write,Smart-DynamicChunk,64.00,16,0.0527,19396.29,0.0527,0.0527,0.0528,0.0528,0.0528,0.00,4401.37,0.00,0
2026-08-18T07:27:58Z,Orbax-Checkpoint-Write,Static-Fixed16MB,64.00,32,0.0533,2921.53,0.0533,0.0534,0.7009,0.7009,0.7010,0.00,4401.37,0.01,0
2026-08-18T07:27:58Z,Orbax-Checkpoint-Write,Smart-DynamicChunk,64.00,32,0.0526,3991.11,0.0526,0.0526,0.5131,0.5131,0.5131,0.00,4401.37,0.01,0
2026-08-18T07:27:59Z,Orbax-Checkpoint-Write,Static-Fixed16MB,256.00,8,0.2128,2411.81,0.2128,0.8491,0.8491,0.8491,0.8492,0.00,4401.37,0.00,0
2026-08-18T07:28:00Z,Orbax-Checkpoint-Write,Smart-DynamicChunk,256.00,8,0.2093,3804.54,0.2093,0.5383,0.5383,0.5383,0.5383,0.00,4401.37,0.00,0
2026-08-18T07:28:01Z,Orbax-Checkpoint-Write,Static-Fixed16MB,256.00,16,0.2124,3998.85,0.2124,0.8921,1.0242,1.0242,1.0243,0.00,4401.37,0.00,0
2026-08-18T07:28:01Z,Orbax-Checkpoint-Write,Smart-DynamicChunk,256.00,16,0.2095,19543.90,0.2095,0.2095,0.2095,0.2095,0.2096,0.00,4401.37,0.00,0
2026-08-18T07:28:03Z,Orbax-Checkpoint-Write,Static-Fixed16MB,256.00,32,0.2125,4758.99,0.2125,0.9019,1.7213,1.7213,1.7214,0.00,4401.37,0.01,0
2026-08-18T07:28:04Z,Orbax-Checkpoint-Write,Smart-DynamicChunk,256.00,32,0.2094,5213.04,0.2094,0.2094,1.5714,1.5714,1.5714,0.00,4401.37,0.01,0
2026-08-18T07:28:06Z,Orbax-Checkpoint-Write,Static-Fixed16MB,512.00,8,0.8642,2143.59,0.8642,1.9108,1.9108,1.9108,1.9108,0.00,4401.37,0.00,0
2026-08-18T07:28:08Z,Orbax-Checkpoint-Write,Smart-DynamicChunk,512.00,8,0.4187,2395.17,0.4187,1.7101,1.7101,1.7101,1.7101,0.00,4401.37,0.00,0
2026-08-18T07:28:09Z,Orbax-Checkpoint-Write,Static-Fixed16MB,512.00,16,0.8302,6612.57,0.8302,1.2255,1.2388,1.2388,1.2389,0.00,4401.37,0.00,0
2026-08-18T07:28:10Z,Orbax-Checkpoint-Write,Smart-DynamicChunk,512.00,16,0.4186,7931.02,0.4186,0.9876,1.0329,1.0329,1.0329,0.00,4401.37,0.00,0
2026-08-18T07:28:13Z,Orbax-Checkpoint-Write,Static-Fixed16MB,512.00,32,0.8047,6592.68,0.8047,1.4475,2.4851,2.4851,2.4852,0.00,4401.37,0.01,0
2026-08-18T07:28:15Z,Orbax-Checkpoint-Write,Smart-DynamicChunk,512.00,32,0.4185,6345.73,0.4185,0.8271,2.5818,2.5818,2.5819,0.00,4401.37,0.01,0
2026-08-18T07:28:18Z,Orbax-Checkpoint-Write,Static-Fixed16MB,1024.00,8,1.5263,3416.87,1.5263,2.3975,2.3975,2.3975,2.3975,0.00,4401.37,0.00,0
2026-08-18T07:28:19Z,Orbax-Checkpoint-Write,Smart-DynamicChunk,1024.00,8,0.8367,5215.03,0.8367,1.5708,1.5708,1.5708,1.5708,0.00,4401.37,0.00,0
2026-08-18T07:28:22Z,Orbax-Checkpoint-Write,Static-Fixed16MB,1024.00,16,1.5400,5491.57,1.5400,2.6132,2.9834,2.9834,2.9835,0.00,4401.37,0.00,0
2026-08-18T07:28:24Z,Orbax-Checkpoint-Write,Smart-DynamicChunk,1024.00,16,0.8400,10380.06,0.8400,1.5509,1.5784,1.5784,1.5784,0.00,4401.37,0.00,0
2026-08-18T07:28:27Z,Orbax-Checkpoint-Write,Static-Fixed16MB,1024.00,32,1.3521,11206.02,1.3521,2.5217,2.9241,2.9241,2.9241,0.00,4401.37,0.01,0
2026-08-18T07:28:29Z,Orbax-Checkpoint-Write,Smart-DynamicChunk,1024.00,32,0.8370,14906.03,0.8370,1.5536,2.1982,2.1982,2.1983,0.00,4401.37,0.01,0
2026-08-18T07:28:29Z,DataLoader-Streaming,Static-NoPrefetch,4.00,1,0.1356,472.10,0.0085,0.0085,0.0085,0.1356,0.1356,35.41,4401.37,64.00,1
2026-08-18T07:28:29Z,DataLoader-Streaming,Smart-Prefetch-Depth1,4.00,1,0.0947,675.51,0.0059,0.0059,0.0059,0.0947,0.0947,9.35,4401.37,80.01,0
2026-08-18T07:28:29Z,DataLoader-Streaming,Smart-Prefetch-Depth2,4.00,1,0.0944,677.91,0.0059,0.0059,0.0059,0.0944,0.0944,9.79,4401.37,88.01,1
2026-08-18T07:28:29Z,DataLoader-Streaming,Static-NoPrefetch,4.00,1,0.2966,215.80,0.0185,0.0185,0.0185,0.2966,0.2966,16.18,4401.37,64.00,1
2026-08-18T07:28:30Z,DataLoader-Streaming,Smart-Prefetch-Depth1,4.00,1,0.2595,246.66,0.0162,0.0162,0.0162,0.2595,0.2595,3.59,4401.37,84.01,1
2026-08-18T07:28:30Z,DataLoader-Streaming,Smart-Prefetch-Depth2,4.00,1,0.2555,250.46,0.0160,0.0160,0.0160,0.2555,0.2555,3.25,4401.37,84.01,1
2026-08-18T07:28:31Z,DataLoader-Streaming,Static-NoPrefetch,4.00,1,0.5359,119.43,0.0335,0.0335,0.0335,0.5359,0.5359,8.96,4401.37,64.00,1
2026-08-18T07:28:31Z,DataLoader-Streaming,Smart-Prefetch-Depth1,4.00,1,0.4969,128.79,0.0311,0.0311,0.0311,0.4969,0.4969,1.89,4401.37,80.01,1
2026-08-18T07:28:32Z,DataLoader-Streaming,Smart-Prefetch-Depth2,4.00,1,0.4952,129.24,0.0309,0.0309,0.0309,0.4952,0.4952,1.76,4401.37,88.01,1
2026-08-18T07:28:32Z,DataLoader-Streaming,Static-NoPrefetch,16.00,1,0.2494,1026.67,0.0156,0.0156,0.0156,0.2494,0.2494,64.17,4401.37,256.00,1
2026-08-18T07:28:32Z,DataLoader-Streaming,Smart-Prefetch-Depth1,16.00,1,0.1956,1309.11,0.0122,0.0122,0.0122,0.1956,0.1956,55.23,4401.37,304.01,1
2026-08-18T07:28:32Z,DataLoader-Streaming,Smart-Prefetch-Depth2,16.00,1,0.1192,2148.44,0.0074,0.0074,0.0074,0.1192,0.1192,25.37,4401.37,352.01,1
2026-08-18T07:28:33Z,DataLoader-Streaming,Static-NoPrefetch,16.00,1,0.4086,626.56,0.0255,0.0255,0.0255,0.4086,0.4086,39.16,4401.37,256.00,1
2026-08-18T07:28:33Z,DataLoader-Streaming,Smart-Prefetch-Depth1,16.00,1,0.2814,909.64,0.0176,0.0176,0.0176,0.2814,0.2814,10.46,4401.37,368.01,1
2026-08-18T07:28:33Z,DataLoader-Streaming,Smart-Prefetch-Depth2,16.00,1,0.2818,908.56,0.0176,0.0176,0.0176,0.2818,0.2818,10.69,4401.37,352.01,1
2026-08-18T07:28:34Z,DataLoader-Streaming,Static-NoPrefetch,16.00,1,0.6489,394.49,0.0406,0.0406,0.0406,0.6489,0.6489,24.66,4401.37,256.00,0
2026-08-18T07:28:34Z,DataLoader-Streaming,Smart-Prefetch-Depth1,16.00,1,0.5238,488.76,0.0327,0.0327,0.0327,0.5238,0.5238,5.71,4401.37,336.01,1
2026-08-18T07:28:35Z,DataLoader-Streaming,Smart-Prefetch-Depth2,16.00,1,0.5209,491.42,0.0326,0.0326,0.0326,0.5209,0.5209,5.65,4401.37,352.01,1
2026-08-18T07:28:36Z,DataLoader-Streaming,Static-NoPrefetch,64.00,1,0.7450,1374.43,0.0466,0.0466,0.0466,0.7450,0.7450,88.05,4401.37,1024.00,1
2026-08-18T07:28:37Z,DataLoader-Streaming,Smart-Prefetch-Depth1,64.00,1,0.7544,1357.32,0.0472,0.0472,0.0472,0.7544,0.7544,88.58,4401.37,1216.01,1
2026-08-18T07:28:37Z,DataLoader-Streaming,Smart-Prefetch-Depth2,64.00,1,0.4106,2494.20,0.0257,0.0257,0.0257,0.4106,0.4106,77.38,4401.37,1408.01,1
2026-08-18T07:28:38Z,DataLoader-Streaming,Static-NoPrefetch,64.00,1,0.9046,1131.97,0.0565,0.0565,0.0565,0.9046,0.9046,72.52,4401.37,1024.00,1
2026-08-18T07:28:39Z,DataLoader-Streaming,Smart-Prefetch-Depth1,64.00,1,0.7650,1338.63,0.0478,0.0478,0.0478,0.7650,0.7650,67.19,4401.37,1216.01,0
2026-08-18T07:28:40Z,DataLoader-Streaming,Smart-Prefetch-Depth2,64.00,1,0.4256,2405.92,0.0266,0.0266,0.0266,0.4256,0.4256,39.79,4401.37,1344.01,1
2026-08-18T07:28:41Z,DataLoader-Streaming,Static-NoPrefetch,64.00,1,1.1450,894.34,0.0716,0.0716,0.0716,1.1450,1.1450,57.29,4401.37,1024.00,1
2026-08-18T07:28:42Z,DataLoader-Streaming,Smart-Prefetch-Depth1,64.00,1,0.7786,1315.18,0.0487,0.0487,0.0487,0.7786,0.7786,36.92,4401.37,1216.01,0
2026-08-18T07:28:42Z,DataLoader-Streaming,Smart-Prefetch-Depth2,64.00,1,0.6116,1674.26,0.0382,0.0382,0.0382,0.6116,0.6116,18.41,4401.37,1344.01,1
2026-08-18T07:28:43Z,Columnar-Parquet-Scan,Static-OnDemand,128.00,1,0.3315,120.68,0.3315,0.3315,0.3315,0.3315,0.3315,0.00,4401.37,128.00,0
2026-08-18T07:28:43Z,Columnar-Parquet-Scan,Smart-RangePrefetch,128.00,1,0.3479,114.98,0.3479,0.3479,0.3479,0.3479,0.3479,0.00,4401.37,176.05,0
2026-08-18T07:28:43Z,Columnar-Parquet-Scan,Static-OnDemand,512.00,1,0.3302,121.16,0.3302,0.3302,0.3302,0.3302,0.3302,0.00,4401.37,512.00,0
2026-08-18T07:28:44Z,Columnar-Parquet-Scan,Smart-RangePrefetch,512.00,1,0.3486,114.73,0.3486,0.3486,0.3486,0.3486,0.3486,0.00,4401.37,557.05,1
2026-08-18T07:28:44Z,Memory-Guardrail-Soak,Unbounded-Alloc,4.00,100,0.2678,29870.46,0.2678,0.2678,0.2678,0.2678,0.2678,0.00,4401.37,8000.02,37
2026-08-18T07:28:44Z,Memory-Guardrail-Soak,MemoryGuardrail-SlabPool,4.00,100,0.0506,44916.98,0.0506,0.0506,0.0506,0.0506,0.0506,0.00,4401.37,72.04,2
2026-08-18T07:28:44Z,Orbax-Checkpoint-Write,Static-Fixed16MB,64.00,8,0.0538,9508.62,0.0538,0.0538,0.0538,0.0538,0.0538,0.00,4401.37,0.00,0
2026-08-18T07:28:44Z,Orbax-Checkpoint-Write,Smart-DynamicChunk,64.00,8,0.0532,9616.64,0.0532,0.0532,0.0532,0.0532,0.0532,0.00,4401.37,0.00,0
2026-08-18T07:28:44Z,Orbax-Checkpoint-Write,Static-Fixed16MB,64.00,16,0.0531,19251.20,0.0531,0.0532,0.0532,0.0532,0.0532,0.00,4401.37,0.00,0
2026-08-18T07:28:44Z,Orbax-Checkpoint-Write,Smart-DynamicChunk,64.00,16,0.0526,19466.85,0.0526,0.0526,0.0526,0.0526,0.0526,0.00,4401.37,0.00,0
2026-08-18T07:28:45Z,Orbax-Checkpoint-Write,Static-Fixed16MB,64.00,32,0.0533,2857.91,0.0533,0.3633,0.7165,0.7165,0.7166,0.00,4401.37,0.01,0
2026-08-18T07:28:46Z,Orbax-Checkpoint-Write,Smart-DynamicChunk,64.00,32,0.0526,2513.41,0.0526,0.0526,0.8148,0.8148,0.8148,0.00,4401.37,0.01,0
2026-08-18T07:28:47Z,Orbax-Checkpoint-Write,Static-Fixed16MB,256.00,8,0.2120,1540.49,0.2120,1.3294,1.3294,1.3294,1.3295,0.00,4401.37,0.00,0
2026-08-18T07:28:47Z,Orbax-Checkpoint-Write,Smart-DynamicChunk,256.00,8,0.2093,9781.45,0.2093,0.2094,0.2094,0.2094,0.2094,0.00,4401.37,0.00,0
2026-08-18T07:28:48Z,Orbax-Checkpoint-Write,Static-Fixed16MB,256.00,16,0.2133,5160.09,0.2133,0.6714,0.7937,0.7937,0.7938,0.00,4401.37,0.00,0
2026-08-18T07:28:49Z,Orbax-Checkpoint-Write,Smart-DynamicChunk,256.00,16,0.2095,4357.03,0.2095,0.8815,0.9400,0.9400,0.9401,0.00,4401.37,0.00,0
2026-08-18T07:28:51Z,Orbax-Checkpoint-Write,Static-Fixed16MB,256.00,32,0.2123,6169.29,0.2123,0.7336,1.3278,1.3278,1.3279,0.00,4401.37,0.01,0
2026-08-18T07:28:51Z,Orbax-Checkpoint-Write,Smart-DynamicChunk,256.00,32,0.2096,8438.38,0.2096,0.2097,0.9707,0.9707,0.9708,0.00,4401.37,0.01,0
2026-08-18T07:28:53Z,Orbax-Checkpoint-Write,Static-Fixed16MB,512.00,8,0.9110,2111.01,0.9110,1.9403,1.9403,1.9403,1.9403,0.00,4401.37,0.00,0
2026-08-18T07:28:54Z,Orbax-Checkpoint-Write,Smart-DynamicChunk,512.00,8,0.4185,9785.98,0.4185,0.4185,0.4185,0.4185,0.4186,0.00,4401.37,0.00,0
2026-08-18T07:28:56Z,Orbax-Checkpoint-Write,Static-Fixed16MB,512.00,16,0.4240,4360.31,0.4240,1.3532,1.8787,1.8787,1.8788,0.00,4401.37,0.00,0
2026-08-18T07:28:57Z,Orbax-Checkpoint-Write,Smart-DynamicChunk,512.00,16,0.4185,6990.02,0.4185,1.1122,1.1719,1.1719,1.1720,0.00,4401.37,0.00,0
2026-08-18T07:29:00Z,Orbax-Checkpoint-Write,Static-Fixed16MB,512.00,32,0.7843,5016.25,0.7843,1.3263,3.2661,3.2661,3.2662,0.00,4401.37,0.01,0
2026-08-18T07:29:01Z,Orbax-Checkpoint-Write,Smart-DynamicChunk,512.00,32,0.4186,17003.30,0.4186,0.4186,0.9635,0.9635,0.9636,0.00,4401.37,0.01,0
2026-08-18T07:29:03Z,Orbax-Checkpoint-Write,Static-Fixed16MB,1024.00,8,1.4067,3988.13,1.4067,2.0541,2.0541,2.0541,2.0541,0.00,4401.37,0.00,0
2026-08-18T07:29:05Z,Orbax-Checkpoint-Write,Smart-DynamicChunk,1024.00,8,1.1881,5010.05,1.1881,1.6351,1.6351,1.6351,1.6351,0.00,4401.37,0.00,0
2026-08-18T07:29:08Z,Orbax-Checkpoint-Write,Static-Fixed16MB,1024.00,16,1.4580,5354.05,1.4580,2.6805,3.0601,3.0601,3.0601,0.00,4401.37,0.00,0
2026-08-18T07:29:10Z,Orbax-Checkpoint-Write,Smart-DynamicChunk,1024.00,16,0.8378,8290.30,0.8378,1.3393,1.9762,1.9762,1.9763,0.00,4401.37,0.00,0
2026-08-18T07:29:13Z,Orbax-Checkpoint-Write,Static-Fixed16MB,1024.00,32,1.4427,9029.98,1.4427,2.9431,3.6287,3.6287,3.6288,0.00,4401.37,0.01,0
2026-08-18T07:29:15Z,Orbax-Checkpoint-Write,Smart-DynamicChunk,1024.00,32,0.8369,20149.28,0.8369,1.5288,1.6262,1.6262,1.6263,0.00,4401.37,0.01,0
2026-08-18T07:29:15Z,DataLoader-Streaming,Static-NoPrefetch,4.00,1,0.1371,466.75,0.0086,0.0086,0.0086,0.1371,0.1371,35.01,4401.37,64.00,1
2026-08-18T07:29:15Z,DataLoader-Streaming,Smart-Prefetch-Depth1,4.00,1,0.0958,667.73,0.0060,0.0060,0.0060,0.0958,0.0958,9.52,4401.37,80.01,0
2026-08-18T07:29:15Z,DataLoader-Streaming,Smart-Prefetch-Depth2,4.00,1,0.0957,668.97,0.0060,0.0060,0.0060,0.0957,0.0957,8.48,4401.37,88.01,1
2026-08-18T07:29:16Z,DataLoader-Streaming,Static-NoPrefetch,4.00,1,0.2975,215.14,0.0186,0.0186,0.0186,0.2975,0.2975,16.14,4401.37,64.00,1
2026-08-18T07:29:16Z,DataLoader-Streaming,Smart-Prefetch-Depth1,4.00,1,0.2588,247.30,0.0162,0.0162,0.0162,0.2588,0.2588,3.95,4401.37,84.01,1
2026-08-18T07:29:16Z,DataLoader-Streaming,Smart-Prefetch-Depth2,4.00,1,0.2559,250.05,0.0160,0.0160,0.0160,0.2559,0.2559,3.32,4401.37,84.01,1
2026-08-18T07:29:17Z,DataLoader-Streaming,Static-NoPrefetch,4.00,1,0.5366,119.27,0.0335,0.0335,0.0335,0.5366,0.5366,8.95,4401.37,64.00,1
2026-08-18T07:29:17Z,DataLoader-Streaming,Smart-Prefetch-Depth1,4.00,1,0.4968,128.82,0.0311,0.0311,0.0311,0.4968,0.4968,1.82,4401.37,84.01,1
2026-08-18T07:29:18Z,DataLoader-Streaming,Smart-Prefetch-Depth2,4.00,1,0.4957,129.12,0.0310,0.0310,0.0310,0.4957,0.4957,1.88,4401.37,84.01,1
2026-08-18T07:29:18Z,DataLoader-Streaming,Static-NoPrefetch,16.00,1,0.2476,1034.03,0.0155,0.0155,0.0155,0.2476,0.2476,64.63,4401.37,256.00,1
2026-08-18T07:29:18Z,DataLoader-Streaming,Smart-Prefetch-Depth1,16.00,1,0.1974,1296.91,0.0123,0.0123,0.0123,0.1974,0.1974,55.53,4401.37,304.01,1
2026-08-18T07:29:18Z,DataLoader-Streaming,Smart-Prefetch-Depth2,16.00,1,0.1211,2114.37,0.0076,0.0076,0.0076,0.1211,0.1211,25.56,4401.37,352.01,1
2026-08-18T07:29:19Z,DataLoader-Streaming,Static-NoPrefetch,16.00,1,0.4088,626.28,0.0255,0.0255,0.0255,0.4088,0.4088,39.14,4401.37,256.00,1
2026-08-18T07:29:19Z,DataLoader-Streaming,Smart-Prefetch-Depth1,16.00,1,0.2818,908.50,0.0176,0.0176,0.0176,0.2818,0.2818,10.57,4401.37,336.01,1
2026-08-18T07:29:20Z,DataLoader-Streaming,Smart-Prefetch-Depth2,16.00,1,0.2828,905.37,0.0177,0.0177,0.0177,0.2828,0.2828,11.14,4401.37,368.01,1
2026-08-18T07:29:20Z,DataLoader-Streaming,Static-NoPrefetch,16.00,1,0.6484,394.80,0.0405,0.0405,0.0405,0.6484,0.6484,24.68,4401.37,256.00,0
2026-08-18T07:29:21Z,DataLoader-Streaming,Smart-Prefetch-Depth1,16.00,1,0.5215,490.93,0.0326,0.0326,0.0326,0.5215,0.5215,5.76,4401.37,320.01,1
2026-08-18T07:29:21Z,DataLoader-Streaming,Smart-Prefetch-Depth2,16.00,1,0.5242,488.40,0.0328,0.0328,0.0328,0.5242,0.5242,6.31,4401.37,352.01,1
2026-08-18T07:29:22Z,DataLoader-Streaming,Static-NoPrefetch,64.00,1,0.7446,1375.18,0.0465,0.0465,0.0465,0.7446,0.7446,88.10,4401.37,1024.00,1
2026-08-18T07:29:23Z,DataLoader-Streaming,Smart-Prefetch-Depth1,64.00,1,0.7514,1362.85,0.0470,0.0470,0.0470,0.7514,0.7514,87.95,4401.37,1216.01,1
2026-08-18T07:29:23Z,DataLoader-Streaming,Smart-Prefetch-Depth2,64.00,1,0.3994,2563.95,0.0250,0.0250,0.0250,0.3994,0.3994,76.98,4401.37,1408.01,1
2026-08-18T07:29:24Z,DataLoader-Streaming,Static-NoPrefetch,64.00,1,0.9044,1132.28,0.0565,0.0565,0.0565,0.9044,0.9044,72.54,4401.37,1024.00,1
2026-08-18T07:29:25Z,DataLoader-Streaming,Smart-Prefetch-Depth1,64.00,1,0.7697,1330.34,0.0481,0.0481,0.0481,0.7697,0.7697,67.37,4401.37,1280.01,0
2026-08-18T07:29:26Z,DataLoader-Streaming,Smart-Prefetch-Depth2,64.00,1,0.4280,2392.35,0.0268,0.0268,0.0268,0.4280,0.4280,40.36,4401.37,1408.01,1
2026-08-18T07:29:27Z,DataLoader-Streaming,Static-NoPrefetch,64.00,1,1.1450,894.33,0.0716,0.0716,0.0716,1.1450,1.1450,57.29,4401.37,1024.00,1
2026-08-18T07:29:28Z,DataLoader-Streaming,Smart-Prefetch-Depth1,64.00,1,0.7807,1311.63,0.0488,0.0488,0.0488,0.7807,0.7807,37.12,4401.37,1216.01,0
2026-08-18T07:29:29Z,DataLoader-Streaming,Smart-Prefetch-Depth2,64.00,1,0.6076,1685.32,0.0380,0.0380,0.0380,0.6076,0.6076,18.42,4401.37,1344.01,1
2026-08-18T07:29:29Z,Columnar-Parquet-Scan,Static-OnDemand,128.00,1,0.3310,120.84,0.3310,0.3310,0.3310,0.3310,0.3310,0.00,4401.37,128.00,0
2026-08-18T07:29:29Z,Columnar-Parquet-Scan,Smart-RangePrefetch,128.00,1,0.3447,116.06,0.3447,0.3447,0.3447,0.3447,0.3447,0.00,4401.37,171.05,0
2026-08-18T07:29:30Z,Columnar-Parquet-Scan,Static-OnDemand,512.00,1,0.3307,120.96,0.3307,0.3307,0.3307,0.3307,0.3307,0.00,4401.37,512.00,1
2026-08-18T07:29:30Z,Columnar-Parquet-Scan,Smart-RangePrefetch,512.00,1,0.3452,115.89,0.3452,0.3452,0.3452,0.3452,0.3452,0.00,4401.37,560.05,0
2026-08-18T07:29:30Z,Memory-Guardrail-Soak,Unbounded-Alloc,4.00,100,0.2341,34167.02,0.2341,0.2341,0.2341,0.2341,0.2341,0.00,4401.37,8000.02,40
2026-08-18T07:29:30Z,Memory-Guardrail-Soak,MemoryGuardrail-SlabPool,4.00,100,0.0483,43811.65,0.0483,0.0483,0.0483,0.0483,0.0483,0.00,4401.37,68.04,1
2026-08-18T07:29:30Z,Orbax-Checkpoint-Write,Static-Fixed16MB,64.00,8,0.0533,9597.82,0.0533,0.0533,0.0533,0.0533,0.0533,0.00,4401.37,0.00,0
2026-08-18T07:29:30Z,Orbax-Checkpoint-Write,Smart-DynamicChunk,64.00,8,0.0525,9734.88,0.0525,0.0525,0.0525,0.0525,0.0526,0.00,4401.37,0.00,0
2026-08-18T07:29:30Z,Orbax-Checkpoint-Write,Static-Fixed16MB,64.00,16,0.0530,19315.10,0.0530,0.0530,0.0530,0.0530,0.0530,0.00,4401.37,0.00,0
2026-08-18T07:29:31Z,Orbax-Checkpoint-Write,Smart-DynamicChunk,64.00,16,0.0526,2837.90,0.0526,0.0526,0.3608,0.3608,0.3608,0.00,4401.37,0.00,0
2026-08-18T07:29:31Z,Orbax-Checkpoint-Write,Static-Fixed16MB,64.00,32,0.0532,2813.87,0.0532,0.0533,0.7277,0.7277,0.7278,0.00,4401.37,0.01,0
2026-08-18T07:29:32Z,Orbax-Checkpoint-Write,Smart-DynamicChunk,64.00,32,0.0530,3261.66,0.0530,0.0533,0.6278,0.6278,0.6279,0.00,4401.37,0.01,0
2026-08-18T07:29:33Z,Orbax-Checkpoint-Write,Static-Fixed16MB,256.00,8,0.2124,2889.73,0.2124,0.7087,0.7087,0.7087,0.7087,0.00,4401.37,0.00,0
2026-08-18T07:29:33Z,Orbax-Checkpoint-Write,Smart-DynamicChunk,256.00,8,0.2093,9778.75,0.2093,0.2094,0.2094,0.2094,0.2094,0.00,4401.37,0.00,0
2026-08-18T07:29:34Z,Orbax-Checkpoint-Write,Static-Fixed16MB,256.00,16,0.2125,4085.83,0.2125,0.7264,1.0025,1.0025,1.0025,0.00,4401.37,0.00,0
2026-08-18T07:29:35Z,Orbax-Checkpoint-Write,Smart-DynamicChunk,256.00,16,0.2095,6542.58,0.2095,0.2095,0.6260,0.6260,0.6261,0.00,4401.37,0.00,0
2026-08-18T07:29:36Z,Orbax-Checkpoint-Write,Static-Fixed16MB,256.00,32,0.2130,4727.59,0.2130,0.8316,1.7327,1.7327,1.7328,0.00,4401.37,0.01,0
2026-08-18T07:29:37Z,Orbax-Checkpoint-Write,Smart-DynamicChunk,256.00,32,0.2094,9371.60,0.2094,0.2095,0.8741,0.8741,0.8741,0.00,4401.37,0.01,0
2026-08-18T07:29:38Z,Orbax-Checkpoint-Write,Static-Fixed16MB,512.00,8,0.4251,3429.18,0.4251,1.1944,1.1944,1.1944,1.1945,0.00,4401.37,0.00,0
2026-08-18T07:29:39Z,Orbax-Checkpoint-Write,Smart-DynamicChunk,512.00,8,0.4228,4166.97,0.4228,0.9829,0.9829,0.9829,0.9830,0.00,4401.37,0.00,0
2026-08-18T07:29:41Z,Orbax-Checkpoint-Write,Static-Fixed16MB,512.00,16,0.4258,7140.09,0.4258,1.1287,1.1473,1.1473,1.1473,0.00,4401.37,0.00,0
2026-08-18T07:29:42Z,Orbax-Checkpoint-Write,Smart-DynamicChunk,512.00,16,0.4193,6791.64,0.4193,0.7323,1.2061,1.2061,1.2062,0.00,4401.37,0.00,0
2026-08-18T07:29:44Z,Orbax-Checkpoint-Write,Static-Fixed16MB,512.00,32,1.0630,6174.04,1.0630,1.6507,2.6536,2.6536,2.6537,0.00,4401.37,0.01,0
2026-08-18T07:29:46Z,Orbax-Checkpoint-Write,Smart-DynamicChunk,512.00,32,0.4190,14114.51,0.4190,1.0417,1.1607,1.1607,1.1608,0.00,4401.37,0.01,0
2026-08-18T07:29:48Z,Orbax-Checkpoint-Write,Static-Fixed16MB,1024.00,8,1.4578,4085.03,1.4578,2.0053,2.0053,2.0053,2.0054,0.00,4401.37,0.00,0
2026-08-18T07:29:49Z,Orbax-Checkpoint-Write,Smart-DynamicChunk,1024.00,8,0.8385,5124.89,0.8385,1.5984,1.5984,1.5984,1.5985,0.00,4401.37,0.00,0
2026-08-18T07:29:51Z,Orbax-Checkpoint-Write,Static-Fixed16MB,1024.00,16,1.4810,7673.22,1.4810,1.9269,2.1352,2.1352,2.1352,0.00,4401.37,0.00,0
2026-08-18T07:29:53Z,Orbax-Checkpoint-Write,Smart-DynamicChunk,1024.00,16,0.8392,12812.11,0.8392,1.1708,1.2787,1.2787,1.2788,0.00,4401.37,0.00,0
2026-08-18T07:29:56Z,Orbax-Checkpoint-Write,Static-Fixed16MB,1024.00,32,1.3288,9152.19,1.3288,2.0994,3.5803,3.5803,3.5803,0.00,4401.37,0.01,0
2026-08-18T07:29:58Z,Orbax-Checkpoint-Write,Smart-DynamicChunk,1024.00,32,0.8387,20868.84,0.8387,1.4382,1.5701,1.5701,1.5702,0.00,4401.37,0.01,0
2026-08-18T07:29:58Z,DataLoader-Streaming,Static-NoPrefetch,4.00,1,0.1355,472.26,0.0085,0.0085,0.0085,0.1355,0.1355,35.42,4401.37,64.00,1
2026-08-18T07:29:58Z,DataLoader-Streaming,Smart-Prefetch-Depth1,4.00,1,0.0949,674.22,0.0059,0.0059,0.0059,0.0949,0.0949,8.85,4401.37,80.01,0
2026-08-18T07:29:58Z,DataLoader-Streaming,Smart-Prefetch-Depth2,4.00,1,0.0963,664.71,0.0060,0.0060,0.0060,0.0963,0.0963,8.53,4401.37,88.01,1
2026-08-18T07:29:58Z,DataLoader-Streaming,Static-NoPrefetch,4.00,1,0.2964,215.91,0.0185,0.0185,0.0185,0.2964,0.2964,16.19,4401.37,64.00,1
2026-08-18T07:29:59Z,DataLoader-Streaming,Smart-Prefetch-Depth1,4.00,1,0.2584,247.66,0.0162,0.0162,0.0162,0.2584,0.2584,3.71,4401.37,80.01,1
2026-08-18T07:29:59Z,DataLoader-Streaming,Smart-Prefetch-Depth2,4.00,1,0.2572,248.87,0.0161,0.0161,0.0161,0.2572,0.2572,3.54,4401.37,88.01,1
2026-08-18T07:29:59Z,DataLoader-Streaming,Static-NoPrefetch,4.00,1,0.5359,119.42,0.0335,0.0335,0.0335,0.5359,0.5359,8.96,4401.37,64.00,1
2026-08-18T07:30:00Z,DataLoader-Streaming,Smart-Prefetch-Depth1,4.00,1,0.4966,128.88,0.0310,0.0310,0.0310,0.4966,0.4966,1.92,4401.37,80.01,1
2026-08-18T07:30:00Z,DataLoader-Streaming,Smart-Prefetch-Depth2,4.00,1,0.4963,128.95,0.0310,0.0310,0.0310,0.4963,0.4963,1.85,4401.37,88.01,1
2026-08-18T07:30:01Z,DataLoader-Streaming,Static-NoPrefetch,16.00,1,0.2561,999.53,0.0160,0.0160,0.0160,0.2561,0.2561,62.47,4401.37,256.00,1
2026-08-18T07:30:01Z,DataLoader-Streaming,Smart-Prefetch-Depth1,16.00,1,0.2052,1247.36,0.0128,0.0128,0.0128,0.2052,0.2052,57.26,4401.37,320.01,1
2026-08-18T07:30:01Z,DataLoader-Streaming,Smart-Prefetch-Depth2,16.00,1,0.1227,2085.86,0.0077,0.0077,0.0077,0.1227,0.1227,26.96,4401.37,336.01,1
2026-08-18T07:30:02Z,DataLoader-Streaming,Static-NoPrefetch,16.00,1,0.4085,626.63,0.0255,0.0255,0.0255,0.4085,0.4085,39.16,4401.37,256.00,1
2026-08-18T07:30:02Z,DataLoader-Streaming,Smart-Prefetch-Depth1,16.00,1,0.2876,890.21,0.0180,0.0180,0.0180,0.2876,0.2876,12.55,4401.37,336.01,1
2026-08-18T07:30:02Z,DataLoader-Streaming,Smart-Prefetch-Depth2,16.00,1,0.2821,907.53,0.0176,0.0176,0.0176,0.2821,0.2821,11.13,4401.37,336.01,1
2026-08-18T07:30:03Z,DataLoader-Streaming,Static-NoPrefetch,16.00,1,0.6487,394.64,0.0405,0.0405,0.0405,0.6487,0.6487,24.66,4401.37,256.00,1
2026-08-18T07:30:03Z,DataLoader-Streaming,Smart-Prefetch-Depth1,16.00,1,0.5227,489.79,0.0327,0.0327,0.0327,0.5227,0.5227,5.72,4401.37,336.01,1
2026-08-18T07:30:04Z,DataLoader-Streaming,Smart-Prefetch-Depth2,16.00,1,0.5226,489.81,0.0327,0.0327,0.0327,0.5226,0.5226,5.78,4401.37,352.01,1
2026-08-18T07:30:05Z,DataLoader-Streaming,Static-NoPrefetch,64.00,1,0.7455,1373.54,0.0466,0.0466,0.0466,0.7455,0.7455,87.99,4401.37,1024.00,1
2026-08-18T07:30:06Z,DataLoader-Streaming,Smart-Prefetch-Depth1,64.00,1,0.7729,1324.85,0.0483,0.0483,0.0483,0.7729,0.7729,87.95,4401.37,1216.01,1
2026-08-18T07:30:06Z,DataLoader-Streaming,Smart-Prefetch-Depth2,64.00,1,0.4127,2481.34,0.0258,0.0258,0.0258,0.4127,0.4127,77.76,4401.37,1408.01,1
2026-08-18T07:30:07Z,DataLoader-Streaming,Static-NoPrefetch,64.00,1,0.9060,1130.19,0.0566,0.0566,0.0566,0.9060,0.9060,72.40,4401.37,1024.00,1
2026-08-18T07:30:08Z,DataLoader-Streaming,Smart-Prefetch-Depth1,64.00,1,0.7753,1320.78,0.0485,0.0485,0.0485,0.7753,0.7753,67.30,4401.37,1216.01,0
2026-08-18T07:30:08Z,DataLoader-Streaming,Smart-Prefetch-Depth2,64.00,1,0.4232,2419.94,0.0264,0.0264,0.0264,0.4232,0.4232,40.00,4401.37,1408.01,1
2026-08-18T07:30:10Z,DataLoader-Streaming,Static-NoPrefetch,64.00,1,1.1443,894.89,0.0715,0.0715,0.0715,1.1443,1.1443,57.33,4401.37,1024.00,1
2026-08-18T07:30:11Z,DataLoader-Streaming,Smart-Prefetch-Depth1,64.00,1,0.7936,1290.30,0.0496,0.0496,0.0496,0.7936,0.7936,38.13,4401.37,1280.01,0
2026-08-18T07:30:11Z,DataLoader-Streaming,Smart-Prefetch-Depth2,64.00,1,0.6092,1680.98,0.0381,0.0381,0.0381,0.6092,0.6092,18.26,4401.37,1344.01,1
2026-08-18T07:30:12Z,Columnar-Parquet-Scan,Static-OnDemand,128.00,1,0.3327,120.22,0.3327,0.3327,0.3327,0.3327,0.3327,0.00,4401.37,128.00,0
2026-08-18T07:30:12Z,Columnar-Parquet-Scan,Smart-RangePrefetch,128.00,1,0.3474,115.13,0.3474,0.3474,0.3474,0.3474,0.3474,0.00,4401.37,175.05,0
2026-08-18T07:30:12Z,Columnar-Parquet-Scan,Static-OnDemand,512.00,1,0.3301,121.18,0.3301,0.3301,0.3301,0.3301,0.3301,0.00,4401.37,512.00,0
2026-08-18T07:30:13Z,Columnar-Parquet-Scan,Smart-RangePrefetch,512.00,1,0.3467,115.38,0.3467,0.3467,0.3467,0.3467,0.3467,0.00,4401.37,561.05,1
2026-08-18T07:30:13Z,Memory-Guardrail-Soak,Unbounded-Alloc,4.00,100,0.2472,32359.72,0.2472,0.2472,0.2472,0.2472,0.2472,0.00,4401.37,8000.02,35
2026-08-18T07:30:13Z,Memory-Guardrail-Soak,MemoryGuardrail-SlabPool,4.00,100,0.0508,46152.09,0.0508,0.0508,0.0508,0.0508,0.0508,0.00,4401.37,76.04,1
2026-08-18T07:30:13Z,Orbax-Checkpoint-Write,Static-Fixed16MB,64.00,8,0.0545,9381.55,0.0545,0.0546,0.0546,0.0546,0.0546,0.00,4401.37,0.00,0
2026-08-18T07:30:13Z,Orbax-Checkpoint-Write,Smart-DynamicChunk,64.00,8,0.0526,9722.70,0.0526,0.0526,0.0526,0.0526,0.0527,0.00,4401.37,0.00,0
2026-08-18T07:30:14Z,Orbax-Checkpoint-Write,Static-Fixed16MB,64.00,16,0.0531,1432.75,0.0531,0.7023,0.7146,0.7146,0.7147,0.00,4401.37,0.00,0
2026-08-18T07:30:14Z,Orbax-Checkpoint-Write,Smart-DynamicChunk,64.00,16,0.0527,2216.31,0.0527,0.0527,0.4620,0.4620,0.4620,0.00,4401.37,0.00,0
2026-08-18T07:30:15Z,Orbax-Checkpoint-Write,Static-Fixed16MB,64.00,32,0.0532,2779.32,0.0532,0.0533,0.7368,0.7368,0.7369,0.00,4401.37,0.01,0
2026-08-18T07:30:16Z,Orbax-Checkpoint-Write,Smart-DynamicChunk,64.00,32,0.0525,4028.89,0.0525,0.0526,0.5082,0.5082,0.5083,0.00,4401.37,0.01,0
2026-08-18T07:30:16Z,Orbax-Checkpoint-Write,Static-Fixed16MB,256.00,8,0.2129,2577.11,0.2129,0.7946,0.7946,0.7946,0.7947,0.00,4401.37,0.00,0
2026-08-18T07:30:18Z,Orbax-Checkpoint-Write,Smart-DynamicChunk,256.00,8,0.2097,1207.30,0.2097,1.6963,1.6963,1.6963,1.6963,0.00,4401.37,0.00,0
2026-08-18T07:30:20Z,Orbax-Checkpoint-Write,Static-Fixed16MB,256.00,16,0.2123,2168.44,0.2123,0.8859,1.8889,1.8889,1.8889,0.00,4401.37,0.00,0
2026-08-18T07:30:21Z,Orbax-Checkpoint-Write,Smart-DynamicChunk,256.00,16,0.2095,5749.69,0.2095,0.2095,0.7123,0.7123,0.7124,0.00,4401.37,0.00,0
2026-08-18T07:30:22Z,Orbax-Checkpoint-Write,Static-Fixed16MB,256.00,32,0.2125,4615.20,0.2125,0.6284,1.7749,1.7749,1.7750,0.00,4401.37,0.01,0
2026-08-18T07:30:23Z,Orbax-Checkpoint-Write,Smart-DynamicChunk,256.00,32,0.2107,12890.22,0.2107,0.2143,0.6354,0.6354,0.6355,0.00,4401.37,0.01,0
2026-08-18T07:30:24Z,Orbax-Checkpoint-Write,Static-Fixed16MB,512.00,8,0.4278,3116.91,0.4278,1.3141,1.3141,1.3141,1.3141,0.00,4401.37,0.00,0
2026-08-18T07:30:25Z,Orbax-Checkpoint-Write,Smart-DynamicChunk,512.00,8,0.4215,5517.49,0.4215,0.7423,0.7423,0.7423,0.7424,0.00,4401.37,0.00,0
2026-08-18T07:30:26Z,Orbax-Checkpoint-Write,Static-Fixed16MB,512.00,16,0.7876,6809.77,0.7876,1.1875,1.2029,1.2029,1.2030,0.00,4401.37,0.00,0
2026-08-18T07:30:27Z,Orbax-Checkpoint-Write,Smart-DynamicChunk,512.00,16,0.4186,19569.29,0.4186,0.4186,0.4186,0.4186,0.4186,0.00,4401.37,0.00,0
2026-08-18T07:30:29Z,Orbax-Checkpoint-Write,Static-Fixed16MB,512.00,32,0.9435,8481.86,0.9435,1.2324,1.9316,1.9316,1.9317,0.00,4401.37,0.01,0
2026-08-18T07:30:30Z,Orbax-Checkpoint-Write,Smart-DynamicChunk,512.00,32,0.4186,14265.02,0.4186,1.0505,1.1485,1.1485,1.1485,0.00,4401.37,0.01,0
2026-08-18T07:30:33Z,Orbax-Checkpoint-Write,Static-Fixed16MB,1024.00,8,1.3200,2927.35,1.3200,2.7984,2.7984,2.7984,2.7984,0.00,4401.37,0.00,0
2026-08-18T07:30:33Z,Orbax-Checkpoint-Write,Smart-DynamicChunk,1024.00,8,0.8364,9793.40,0.8364,0.8364,0.8364,0.8364,0.8365,0.00,4401.37,0.00,0
2026-08-18T07:30:36Z,Orbax-Checkpoint-Write,Static-Fixed16MB,1024.00,16,1.6407,6438.46,1.6407,2.3503,2.5447,2.5447,2.5447,0.00,4401.37,0.00,0
2026-08-18T07:30:38Z,Orbax-Checkpoint-Write,Smart-DynamicChunk,1024.00,16,0.8366,7921.32,0.8366,1.4243,2.0683,2.0683,2.0683,0.00,4401.37,0.00,0
2026-08-18T07:30:41Z,Orbax-Checkpoint-Write,Static-Fixed16MB,1024.00,32,1.4923,12384.49,1.4923,2.1502,2.6458,2.6458,2.6459,0.00,4401.37,0.01,0
2026-08-18T07:30:43Z,Orbax-Checkpoint-Write,Smart-DynamicChunk,1024.00,32,0.8386,14111.75,0.8386,1.5953,2.3220,2.3220,2.3220,0.00,4401.37,0.01,0
2026-08-18T07:30:43Z,DataLoader-Streaming,Static-NoPrefetch,4.00,1,0.1361,470.12,0.0085,0.0085,0.0085,0.1361,0.1361,35.26,4401.37,64.00,1
2026-08-18T07:30:43Z,DataLoader-Streaming,Smart-Prefetch-Depth1,4.00,1,0.0969,660.48,0.0061,0.0061,0.0061,0.0969,0.0969,10.42,4401.37,80.01,0
2026-08-18T07:30:43Z,DataLoader-Streaming,Smart-Prefetch-Depth2,4.00,1,0.0976,655.94,0.0061,0.0061,0.0061,0.0976,0.0976,9.91,4401.37,88.01,1
2026-08-18T07:30:44Z,DataLoader-Streaming,Static-NoPrefetch,4.00,1,0.2977,214.95,0.0186,0.0186,0.0186,0.2977,0.2977,16.12,4401.37,64.00,1
2026-08-18T07:30:44Z,DataLoader-Streaming,Smart-Prefetch-Depth1,4.00,1,0.2589,247.19,0.0162,0.0162,0.0162,0.2589,0.2589,3.60,4401.37,84.01,1
2026-08-18T07:30:44Z,DataLoader-Streaming,Smart-Prefetch-Depth2,4.00,1,0.2564,249.64,0.0160,0.0160,0.0160,0.2564,0.2564,3.26,4401.37,84.01,1
2026-08-18T07:30:45Z,DataLoader-Streaming,Static-NoPrefetch,4.00,1,0.5366,119.27,0.0335,0.0335,0.0335,0.5366,0.5366,8.95,4401.37,64.00,1
2026-08-18T07:30:45Z,DataLoader-Streaming,Smart-Prefetch-Depth1,4.00,1,0.4970,128.78,0.0311,0.0311,0.0311,0.4970,0.4970,2.02,4401.37,80.01,1
2026-08-18T07:30:46Z,DataLoader-Streaming,Smart-Prefetch-Depth2,4.00,1,0.4965,128.89,0.0310,0.0310,0.0310,0.4965,0.4965,1.91,4401.37,88.01,1
2026-08-18T07:30:46Z,DataLoader-Streaming,Static-NoPrefetch,16.00,1,0.2483,1031.18,0.0155,0.0155,0.0155,0.2483,0.2483,64.45,4401.37,256.00,1
2026-08-18T07:30:46Z,DataLoader-Streaming,Smart-Prefetch-Depth1,16.00,1,0.2028,1262.29,0.0127,0.0127,0.0127,0.2028,0.2028,56.80,4401.37,320.01,1
2026-08-18T07:30:46Z,DataLoader-Streaming,Smart-Prefetch-Depth2,16.00,1,0.1208,2118.79,0.0076,0.0076,0.0076,0.1208,0.1208,24.84,4401.37,336.01,1
2026-08-18T07:30:47Z,DataLoader-Streaming,Static-NoPrefetch,16.00,1,0.4091,625.75,0.0256,0.0256,0.0256,0.4091,0.4091,39.11,4401.37,256.00,1
2026-08-18T07:30:47Z,DataLoader-Streaming,Smart-Prefetch-Depth1,16.00,1,0.2826,905.72,0.0177,0.0177,0.0177,0.2826,0.2826,10.93,4401.37,352.01,1
2026-08-18T07:30:47Z,DataLoader-Streaming,Smart-Prefetch-Depth2,16.00,1,0.2822,907.30,0.0176,0.0176,0.0176,0.2822,0.2822,10.41,4401.37,352.01,1
2026-08-18T07:30:48Z,DataLoader-Streaming,Static-NoPrefetch,16.00,1,0.6484,394.81,0.0405,0.0405,0.0405,0.6484,0.6484,24.68,4401.37,256.00,0
2026-08-18T07:30:49Z,DataLoader-Streaming,Smart-Prefetch-Depth1,16.00,1,0.5233,489.23,0.0327,0.0327,0.0327,0.5233,0.5233,6.06,4401.37,320.01,1
2026-08-18T07:30:49Z,DataLoader-Streaming,Smart-Prefetch-Depth2,16.00,1,0.5253,487.30,0.0328,0.0328,0.0328,0.5253,0.5253,6.65,4401.37,352.01,1
2026-08-18T07:30:50Z,DataLoader-Streaming,Static-NoPrefetch,64.00,1,0.7454,1373.68,0.0466,0.0466,0.0466,0.7454,0.7454,88.00,4401.37,1024.00,1
2026-08-18T07:30:51Z,DataLoader-Streaming,Smart-Prefetch-Depth1,64.00,1,0.7383,1387.01,0.0461,0.0461,0.0461,0.7383,0.7383,87.58,4401.37,1216.01,1
2026-08-18T07:30:51Z,DataLoader-Streaming,Smart-Prefetch-Depth2,64.00,1,0.4095,2500.89,0.0256,0.0256,0.0256,0.4095,0.4095,77.35,4401.37,1408.01,1
2026-08-18T07:30:52Z,DataLoader-Streaming,Static-NoPrefetch,64.00,1,0.9043,1132.39,0.0565,0.0565,0.0565,0.9043,0.9043,72.54,4401.37,1024.00,0
2026-08-18T07:30:53Z,DataLoader-Streaming,Smart-Prefetch-Depth1,64.00,1,0.7657,1337.37,0.0479,0.0479,0.0479,0.7657,0.7657,66.48,4401.37,1216.01,1
2026-08-18T07:30:54Z,DataLoader-Streaming,Smart-Prefetch-Depth2,64.00,1,0.4374,2340.98,0.0273,0.0273,0.0273,0.4374,0.4374,43.10,4401.37,1408.01,1
2026-08-18T07:30:55Z,DataLoader-Streaming,Static-NoPrefetch,64.00,1,1.1459,893.59,0.0716,0.0716,0.0716,1.1459,1.1459,57.25,4401.37,1024.00,0
2026-08-18T07:30:56Z,DataLoader-Streaming,Smart-Prefetch-Depth1,64.00,1,0.7822,1309.06,0.0489,0.0489,0.0489,0.7822,0.7822,37.23,4401.37,1216.01,1
2026-08-18T07:30:57Z,DataLoader-Streaming,Smart-Prefetch-Depth2,64.00,1,0.6185,1655.65,0.0387,0.0387,0.0387,0.6185,0.6185,20.90,4401.37,1408.01,1
2026-08-18T07:30:57Z,Columnar-Parquet-Scan,Static-OnDemand,128.00,1,0.3303,121.08,0.3303,0.3303,0.3303,0.3303,0.3303,0.00,4401.37,128.00,0
2026-08-18T07:30:57Z,Columnar-Parquet-Scan,Smart-RangePrefetch,128.00,1,0.3476,115.07,0.3476,0.3476,0.3476,0.3476,0.3476,0.00,4401.37,173.05,0
2026-08-18T07:30:58Z,Columnar-Parquet-Scan,Static-OnDemand,512.00,1,0.3325,120.30,0.3325,0.3325,0.3325,0.3325,0.3325,0.00,4401.37,512.00,0
2026-08-18T07:30:58Z,Columnar-Parquet-Scan,Smart-RangePrefetch,512.00,1,0.3441,116.23,0.3441,0.3441,0.3441,0.3441,0.3441,0.00,4401.37,557.05,1
2026-08-18T07:30:58Z,Memory-Guardrail-Soak,Unbounded-Alloc,4.00,100,0.2589,30898.53,0.2589,0.2589,0.2589,0.2589,0.2589,0.00,4401.37,8000.02,38
2026-08-18T07:30:58Z,Memory-Guardrail-Soak,MemoryGuardrail-SlabPool,4.00,100,0.0502,44503.46,0.0502,0.0502,0.0502,0.0502,0.0502,0.00,4401.37,68.04,1
2026-08-18T07:30:58Z,Orbax-Checkpoint-Write,Static-Fixed16MB,64.00,8,0.0532,9625.49,0.0532,0.0532,0.0532,0.0532,0.0532,0.00,4401.37,0.00,0
2026-08-18T07:30:59Z,Orbax-Checkpoint-Write,Smart-DynamicChunk,64.00,8,0.0539,9484.93,0.0539,0.0539,0.0539,0.0539,0.0540,0.00,4401.37,0.00,0
2026-08-18T07:30:59Z,Orbax-Checkpoint-Write,Static-Fixed16MB,64.00,16,0.0535,19129.85,0.0535,0.0535,0.0535,0.0535,0.0535,0.00,4401.37,0.00,0
2026-08-18T07:30:59Z,Orbax-Checkpoint-Write,Smart-DynamicChunk,64.00,16,0.0527,1822.95,0.0527,0.0527,0.5617,0.5617,0.5617,0.00,4401.37,0.00,0
2026-08-18T07:31:00Z,Orbax-Checkpoint-Write,Static-Fixed16MB,64.00,32,0.0533,3057.81,0.0533,0.4538,0.6697,0.6697,0.6698,0.00,4401.37,0.01,0
2026-08-18T07:31:01Z,Orbax-Checkpoint-Write,Smart-DynamicChunk,64.00,32,0.0527,2880.57,0.0527,0.0527,0.7109,0.7109,0.7110,0.00,4401.37,0.01,0
2026-08-18T07:31:02Z,Orbax-Checkpoint-Write,Static-Fixed16MB,256.00,8,0.2129,1839.67,0.2129,1.1132,1.1132,1.1132,1.1132,0.00,4401.37,0.00,0
2026-08-18T07:31:02Z,Orbax-Checkpoint-Write,Smart-DynamicChunk,256.00,8,0.2094,3267.97,0.2094,0.6267,0.6267,0.6267,0.6267,0.00,4401.37,0.00,0
2026-08-18T07:31:04Z,Orbax-Checkpoint-Write,Static-Fixed16MB,256.00,16,0.2124,2716.37,0.2124,0.9289,1.5078,1.5078,1.5079,0.00,4401.37,0.00,0
2026-08-18T07:31:04Z,Orbax-Checkpoint-Write,Smart-DynamicChunk,256.00,16,0.2099,7195.79,0.2099,0.2099,0.5692,0.5692,0.5692,0.00,4401.37,0.00,0
2026-08-18T07:31:05Z,Orbax-Checkpoint-Write,Static-Fixed16MB,256.00,32,0.2140,7291.25,0.2140,0.7989,1.1234,1.1234,1.1235,0.00,4401.37,0.01,0
2026-08-18T07:31:06Z,Orbax-Checkpoint-Write,Smart-DynamicChunk,256.00,32,0.2113,10863.50,0.2113,0.5314,0.7540,0.7540,0.7541,0.00,4401.37,0.01,0
2026-08-18T07:31:08Z,Orbax-Checkpoint-Write,Static-Fixed16MB,512.00,8,0.7689,2375.72,0.7689,1.7241,1.7241,1.7241,1.7241,0.00,4401.37,0.00,0
2026-08-18T07:31:09Z,Orbax-Checkpoint-Write,Smart-DynamicChunk,512.00,8,0.7189,4084.08,0.7189,1.0029,1.0029,1.0029,1.0029,0.00,4401.37,0.00,0
2026-08-18T07:31:10Z,Orbax-Checkpoint-Write,Static-Fixed16MB,512.00,16,0.4245,5949.76,0.4245,1.2173,1.3768,1.3768,1.3769,0.00,4401.37,0.00,0
2026-08-18T07:31:12Z,Orbax-Checkpoint-Write,Smart-DynamicChunk,512.00,16,0.4187,4905.10,0.4187,1.0719,1.6701,1.6701,1.6701,0.00,4401.37,0.00,0
2026-08-18T07:31:14Z,Orbax-Checkpoint-Write,Static-Fixed16MB,512.00,32,0.4287,7408.42,0.4287,1.5166,2.2114,2.2114,2.2115,0.00,4401.37,0.01,0
2026-08-18T07:31:15Z,Orbax-Checkpoint-Write,Smart-DynamicChunk,512.00,32,0.4190,13924.42,0.4190,1.1013,1.1766,1.1766,1.1766,0.00,4401.37,0.01,0
2026-08-18T07:31:18Z,Orbax-Checkpoint-Write,Static-Fixed16MB,1024.00,8,1.5061,3262.87,1.5061,2.5106,2.5106,2.5106,2.5107,0.00,4401.37,0.00,0
2026-08-18T07:31:19Z,Orbax-Checkpoint-Write,Smart-DynamicChunk,1024.00,8,0.8366,5249.68,0.8366,1.5604,1.5604,1.5604,1.5605,0.00,4401.37,0.00,0
2026-08-18T07:31:23Z,Orbax-Checkpoint-Write,Static-Fixed16MB,1024.00,16,1.4638,4872.26,1.4638,3.0716,3.3627,3.3627,3.3627,0.00,4401.37,0.00,0
2026-08-18T07:31:24Z,Orbax-Checkpoint-Write,Smart-DynamicChunk,1024.00,16,0.8364,10212.20,0.8364,1.4689,1.6043,1.6043,1.6044,0.00,4401.37,0.00,0
2026-08-18T07:31:28Z,Orbax-Checkpoint-Write,Static-Fixed16MB,1024.00,32,1.3458,9922.89,1.3458,2.5188,3.3022,3.3022,3.3023,0.00,4401.37,0.01,0
2026-08-18T07:31:29Z,Orbax-Checkpoint-Write,Smart-DynamicChunk,1024.00,32,0.8387,21048.45,0.8387,1.4589,1.5567,1.5567,1.5568,0.00,4401.37,0.01,0
2026-08-18T07:31:29Z,DataLoader-Streaming,Static-NoPrefetch,4.00,1,0.1353,472.86,0.0085,0.0085,0.0085,0.1353,0.1353,35.46,4401.37,64.00,1
2026-08-18T07:31:30Z,DataLoader-Streaming,Smart-Prefetch-Depth1,4.00,1,0.0937,683.07,0.0059,0.0059,0.0059,0.0937,0.0937,9.04,4401.37,80.01,0
2026-08-18T07:31:30Z,DataLoader-Streaming,Smart-Prefetch-Depth2,4.00,1,0.0981,652.25,0.0061,0.0061,0.0061,0.0981,0.0981,9.96,4401.37,84.01,1
2026-08-18T07:31:30Z,DataLoader-Streaming,Static-NoPrefetch,4.00,1,0.2954,216.67,0.0185,0.0185,0.0185,0.2954,0.2954,16.25,4401.37,64.00,1
2026-08-18T07:31:30Z,DataLoader-Streaming,Smart-Prefetch-Depth1,4.00,1,0.2554,250.58,0.0160,0.0160,0.0160,0.2554,0.2554,3.29,4401.37,84.01,1
2026-08-18T07:31:30Z,DataLoader-Streaming,Smart-Prefetch-Depth2,4.00,1,0.2544,251.55,0.0159,0.0159,0.0159,0.2544,0.2544,3.11,4401.37,84.01,1
2026-08-18T07:31:31Z,DataLoader-Streaming,Static-NoPrefetch,4.00,1,0.5357,119.47,0.0335,0.0335,0.0335,0.5357,0.5357,8.96,4401.37,64.00,1
2026-08-18T07:31:31Z,DataLoader-Streaming,Smart-Prefetch-Depth1,4.00,1,0.4955,129.15,0.0310,0.0310,0.0310,0.4955,0.4955,1.87,4401.37,80.01,1
2026-08-18T07:31:32Z,DataLoader-Streaming,Smart-Prefetch-Depth2,4.00,1,0.4969,128.80,0.0311,0.0311,0.0311,0.4969,0.4969,1.95,4401.37,88.01,1
2026-08-18T07:31:32Z,DataLoader-Streaming,Static-NoPrefetch,16.00,1,0.2479,1032.69,0.0155,0.0155,0.0155,0.2479,0.2479,64.54,4401.37,256.00,1
2026-08-18T07:31:32Z,DataLoader-Streaming,Smart-Prefetch-Depth1,16.00,1,0.1971,1298.60,0.0123,0.0123,0.0123,0.1971,0.1971,55.94,4401.37,304.01,1
2026-08-18T07:31:33Z,DataLoader-Streaming,Smart-Prefetch-Depth2,16.00,1,0.1212,2111.51,0.0076,0.0076,0.0076,0.1212,0.1212,26.49,4401.37,336.01,1
2026-08-18T07:31:33Z,DataLoader-Streaming,Static-NoPrefetch,16.00,1,0.4078,627.71,0.0255,0.0255,0.0255,0.4078,0.4078,39.23,4401.37,256.00,1
2026-08-18T07:31:33Z,DataLoader-Streaming,Smart-Prefetch-Depth1,16.00,1,0.2827,905.56,0.0177,0.0177,0.0177,0.2827,0.2827,11.54,4401.37,352.01,1
2026-08-18T07:31:34Z,DataLoader-Streaming,Smart-Prefetch-Depth2,16.00,1,0.2845,899.97,0.0178,0.0178,0.0178,0.2845,0.2845,10.97,4401.37,352.01,1
2026-08-18T07:31:34Z,DataLoader-Streaming,Static-NoPrefetch,16.00,1,0.6477,395.25,0.0405,0.0405,0.0405,0.6477,0.6477,24.70,4401.37,256.00,0
2026-08-18T07:31:35Z,DataLoader-Streaming,Smart-Prefetch-Depth1,16.00,1,0.5210,491.34,0.0326,0.0326,0.0326,0.5210,0.5210,5.81,4401.37,320.01,1
2026-08-18T07:31:35Z,DataLoader-Streaming,Smart-Prefetch-Depth2,16.00,1,0.5227,489.75,0.0327,0.0327,0.0327,0.5227,0.5227,6.22,4401.37,352.01,1
2026-08-18T07:31:36Z,DataLoader-Streaming,Static-NoPrefetch,64.00,1,0.7439,1376.45,0.0465,0.0465,0.0465,0.7439,0.7439,88.18,4401.37,1024.00,1
2026-08-18T07:31:37Z,DataLoader-Streaming,Smart-Prefetch-Depth1,64.00,1,0.7410,1381.87,0.0463,0.0463,0.0463,0.7410,0.7410,87.71,4401.37,1216.01,1
2026-08-18T07:31:37Z,DataLoader-Streaming,Smart-Prefetch-Depth2,64.00,1,0.4092,2502.64,0.0256,0.0256,0.0256,0.4092,0.4092,76.27,4401.37,1408.01,1
2026-08-18T07:31:38Z,DataLoader-Streaming,Static-NoPrefetch,64.00,1,0.9046,1132.01,0.0565,0.0565,0.0565,0.9046,0.9046,72.52,4401.37,1024.00,1
2026-08-18T07:31:39Z,DataLoader-Streaming,Smart-Prefetch-Depth1,64.00,1,0.7639,1340.44,0.0477,0.0477,0.0477,0.7639,0.7639,66.74,4401.37,1216.01,0
2026-08-18T07:31:40Z,DataLoader-Streaming,Smart-Prefetch-Depth2,64.00,1,0.4320,2370.59,0.0270,0.0270,0.0270,0.4320,0.4320,41.22,4401.37,1408.01,1
2026-08-18T07:31:41Z,DataLoader-Streaming,Static-NoPrefetch,64.00,1,1.1446,894.62,0.0715,0.0715,0.0715,1.1446,1.1446,57.31,4401.37,1024.00,1
2026-08-18T07:31:42Z,DataLoader-Streaming,Smart-Prefetch-Depth1,64.00,1,0.7898,1296.55,0.0494,0.0494,0.0494,0.7898,0.7898,37.58,4401.37,1280.01,0
2026-08-18T07:31:43Z,DataLoader-Streaming,Smart-Prefetch-Depth2,64.00,1,0.6101,1678.32,0.0381,0.0381,0.0381,0.6101,0.6101,18.91,4401.37,1344.01,1
2026-08-18T07:31:43Z,Columnar-Parquet-Scan,Static-OnDemand,128.00,1,0.3297,121.34,0.3297,0.3297,0.3297,0.3297,0.3297,0.00,4401.37,128.00,0
2026-08-18T07:31:43Z,Columnar-Parquet-Scan,Smart-RangePrefetch,128.00,1,0.3468,115.33,0.3468,0.3468,0.3468,0.3468,0.3468,0.00,4401.37,171.05,0
2026-08-18T07:31:44Z,Columnar-Parquet-Scan,Static-OnDemand,512.00,1,0.3306,120.98,0.3306,0.3306,0.3306,0.3306,0.3306,0.00,4401.37,512.00,0
2026-08-18T07:31:44Z,Columnar-Parquet-Scan,Smart-RangePrefetch,512.00,1,0.3446,116.07,0.3446,0.3446,0.3446,0.3446,0.3446,0.00,4401.37,558.05,1
2026-08-18T07:31:44Z,Memory-Guardrail-Soak,Unbounded-Alloc,4.00,100,0.2636,30350.62,0.2636,0.2636,0.2636,0.2636,0.2636,0.00,4401.37,8000.02,34
2026-08-18T07:31:44Z,Memory-Guardrail-Soak,MemoryGuardrail-SlabPool,4.00,100,0.0488,45298.14,0.0488,0.0488,0.0488,0.0488,0.0488,0.00,4401.37,72.04,2
2026-08-18T07:31:45Z,Orbax-Checkpoint-Write,Static-Fixed16MB,64.00,8,0.0549,700.50,0.0549,0.7309,0.7309,0.7309,0.7309,0.00,4401.37,0.00,0
2026-08-18T07:31:45Z,Orbax-Checkpoint-Write,Smart-DynamicChunk,64.00,8,0.0527,9713.23,0.0527,0.0527,0.0527,0.0527,0.0527,0.00,4401.37,0.00,0
2026-08-18T07:31:45Z,Orbax-Checkpoint-Write,Static-Fixed16MB,64.00,16,0.0531,19280.82,0.0531,0.0531,0.0531,0.0531,0.0531,0.00,4401.37,0.00,0
2026-08-18T07:31:45Z,Orbax-Checkpoint-Write,Smart-DynamicChunk,64.00,16,0.0526,19426.58,0.0526,0.0527,0.0527,0.0527,0.0527,0.00,4401.37,0.00,0
2026-08-18T07:31:46Z,Orbax-Checkpoint-Write,Static-Fixed16MB,64.00,32,0.0532,2408.98,0.0532,0.5280,0.8501,0.8501,0.8502,0.00,4401.37,0.01,0
2026-08-18T07:31:46Z,Orbax-Checkpoint-Write,Smart-DynamicChunk,64.00,32,0.0526,5796.10,0.0526,0.0527,0.3533,0.3533,0.3533,0.00,4401.37,0.01,0
2026-08-18T07:31:47Z,Orbax-Checkpoint-Write,Static-Fixed16MB,256.00,8,0.2125,2583.98,0.2125,0.7925,0.7925,0.7925,0.7926,0.00,4401.37,0.00,0
2026-08-18T07:31:48Z,Orbax-Checkpoint-Write,Smart-DynamicChunk,256.00,8,0.2093,2867.42,0.2093,0.7142,0.7142,0.7142,0.7142,0.00,4401.37,0.00,0
2026-08-18T07:31:49Z,Orbax-Checkpoint-Write,Static-Fixed16MB,256.00,16,0.2123,3241.56,0.2123,0.8616,1.2635,1.2635,1.2636,0.00,4401.37,0.00,0
2026-08-18T07:31:51Z,Orbax-Checkpoint-Write,Smart-DynamicChunk,256.00,16,0.2092,2718.30,0.2092,0.8915,1.5068,1.5068,1.5068,0.00,4401.37,0.00,0
2026-08-18T07:31:52Z,Orbax-Checkpoint-Write,Static-Fixed16MB,256.00,32,0.2122,8551.01,0.2122,0.7304,0.9579,0.9579,0.9580,0.00,4401.37,0.01,0
2026-08-18T07:31:53Z,Orbax-Checkpoint-Write,Smart-DynamicChunk,256.00,32,0.2094,8796.94,0.2094,0.2094,0.9312,0.9312,0.9312,0.00,4401.37,0.01,0
2026-08-18T07:31:54Z,Orbax-Checkpoint-Write,Static-Fixed16MB,512.00,8,0.4241,2257.82,0.4241,1.8141,1.8141,1.8141,1.8141,0.00,4401.37,0.00,0
2026-08-18T07:31:56Z,Orbax-Checkpoint-Write,Smart-DynamicChunk,512.00,8,0.4205,3510.18,0.4205,1.1669,1.1669,1.1669,1.1669,0.00,4401.37,0.00,0
2026-08-18T07:31:57Z,Orbax-Checkpoint-Write,Static-Fixed16MB,512.00,16,0.4243,4702.86,0.4243,1.5602,1.7419,1.7419,1.7419,0.00,4401.37,0.00,0
2026-08-18T07:31:58Z,Orbax-Checkpoint-Write,Smart-DynamicChunk,512.00,16,0.4189,7264.78,0.4189,0.8580,1.1276,1.1276,1.1276,0.00,4401.37,0.00,0
2026-08-18T07:32:00Z,Orbax-Checkpoint-Write,Static-Fixed16MB,512.00,32,0.4288,8919.46,0.4288,1.0786,1.8368,1.8368,1.8369,0.00,4401.37,0.01,0
2026-08-18T07:32:02Z,Orbax-Checkpoint-Write,Smart-DynamicChunk,512.00,32,0.4186,10732.24,0.4186,0.9637,1.5265,1.5265,1.5266,0.00,4401.37,0.01,0
2026-08-18T07:32:04Z,Orbax-Checkpoint-Write,Static-Fixed16MB,1024.00,8,1.6542,3970.02,1.6542,2.0634,2.0634,2.0634,2.0635,0.00,4401.37,0.00,0
2026-08-18T07:32:05Z,Orbax-Checkpoint-Write,Smart-DynamicChunk,1024.00,8,0.8375,5339.79,0.8375,1.5341,1.5341,1.5341,1.5341,0.00,4401.37,0.00,0
2026-08-18T07:32:08Z,Orbax-Checkpoint-Write,Static-Fixed16MB,1024.00,16,1.7400,6700.99,1.7400,2.3041,2.4450,2.4450,2.4450,0.00,4401.37,0.00,0
2026-08-18T07:32:09Z,Orbax-Checkpoint-Write,Smart-DynamicChunk,1024.00,16,0.8370,10356.48,0.8370,1.3675,1.5820,1.5820,1.5820,0.00,4401.37,0.00,0
2026-08-18T07:32:12Z,Orbax-Checkpoint-Write,Static-Fixed16MB,1024.00,32,1.4304,14208.91,1.4304,1.9750,2.3061,2.3061,2.3062,0.00,4401.37,0.01,0
2026-08-18T07:32:14Z,Orbax-Checkpoint-Write,Smart-DynamicChunk,1024.00,32,0.8372,14153.44,0.8372,1.6125,2.3151,2.3151,2.3152,0.00,4401.37,0.01,0
2026-08-18T07:32:14Z,DataLoader-Streaming,Static-NoPrefetch,4.00,1,0.1362,469.76,0.0085,0.0085,0.0085,0.1362,0.1362,35.23,4401.37,64.00,1
2026-08-18T07:32:14Z,DataLoader-Streaming,Smart-Prefetch-Depth1,4.00,1,0.0949,674.54,0.0059,0.0059,0.0059,0.0949,0.0949,9.46,4401.37,84.01,0
2026-08-18T07:32:14Z,DataLoader-Streaming,Smart-Prefetch-Depth2,4.00,1,0.0965,663.29,0.0060,0.0060,0.0060,0.0965,0.0965,9.49,4401.37,92.01,1
2026-08-18T07:32:15Z,DataLoader-Streaming,Static-NoPrefetch,4.00,1,0.3022,211.78,0.0189,0.0189,0.0189,0.3022,0.3022,15.88,4401.37,64.00,1
2026-08-18T07:32:15Z,DataLoader-Streaming,Smart-Prefetch-Depth1,4.00,1,0.2574,248.63,0.0161,0.0161,0.0161,0.2574,0.2574,3.77,4401.37,84.01,1
2026-08-18T07:32:15Z,DataLoader-Streaming,Smart-Prefetch-Depth2,4.00,1,0.2546,251.37,0.0159,0.0159,0.0159,0.2546,0.2546,3.26,4401.37,84.01,1
2026-08-18T07:32:16Z,DataLoader-Streaming,Static-NoPrefetch,4.00,1,0.5366,119.28,0.0335,0.0335,0.0335,0.5366,0.5366,8.95,4401.37,64.00,1
2026-08-18T07:32:16Z,DataLoader-Streaming,Smart-Prefetch-Depth1,4.00,1,0.4958,129.09,0.0310,0.0310,0.0310,0.4958,0.4958,1.89,4401.37,80.01,1
2026-08-18T07:32:17Z,DataLoader-Streaming,Smart-Prefetch-Depth2,4.00,1,0.4974,128.68,0.0311,0.0311,0.0311,0.4974,0.4974,1.95,4401.37,88.01,1
2026-08-18T07:32:17Z,DataLoader-Streaming,Static-NoPrefetch,16.00,1,0.2481,1031.97,0.0155,0.0155,0.0155,0.2481,0.2481,64.50,4401.37,256.00,1
2026-08-18T07:32:17Z,DataLoader-Streaming,Smart-Prefetch-Depth1,16.00,1,0.2042,1253.74,0.0128,0.0128,0.0128,0.2042,0.2042,56.92,4401.37,320.01,1
2026-08-18T07:32:17Z,DataLoader-Streaming,Smart-Prefetch-Depth2,16.00,1,0.1190,2151.73,0.0074,0.0074,0.0074,0.1190,0.1190,25.52,4401.37,352.01,1
2026-08-18T07:32:18Z,DataLoader-Streaming,Static-NoPrefetch,16.00,1,0.4086,626.51,0.0255,0.0255,0.0255,0.4086,0.4086,39.16,4401.37,256.00,1
2026-08-18T07:32:18Z,DataLoader-Streaming,Smart-Prefetch-Depth1,16.00,1,0.2803,913.45,0.0175,0.0175,0.0175,0.2803,0.2803,10.63,4401.37,336.01,1
2026-08-18T07:32:18Z,DataLoader-Streaming,Smart-Prefetch-Depth2,16.00,1,0.2815,909.27,0.0176,0.0176,0.0176,0.2815,0.2815,10.56,4401.37,368.01,1
2026-08-18T07:32:19Z,DataLoader-Streaming,Static-NoPrefetch,16.00,1,0.6480,395.08,0.0405,0.0405,0.0405,0.6480,0.6480,24.69,4401.37,256.00,0
2026-08-18T07:32:20Z,DataLoader-Streaming,Smart-Prefetch-Depth1,16.00,1,0.5228,489.69,0.0327,0.0327,0.0327,0.5228,0.5228,6.14,4401.37,336.01,1
2026-08-18T07:32:20Z,DataLoader-Streaming,Smart-Prefetch-Depth2,16.00,1,0.5222,490.20,0.0326,0.0326,0.0326,0.5222,0.5222,5.74,4401.37,352.01,1
2026-08-18T07:32:21Z,DataLoader-Streaming,Static-NoPrefetch,64.00,1,0.7442,1375.97,0.0465,0.0465,0.0465,0.7442,0.7442,88.15,4401.37,1024.00,1
2026-08-18T07:32:22Z,DataLoader-Streaming,Smart-Prefetch-Depth1,64.00,1,0.7432,1377.85,0.0464,0.0464,0.0464,0.7432,0.7432,87.46,4401.37,1216.01,1
2026-08-18T07:32:22Z,DataLoader-Streaming,Smart-Prefetch-Depth2,64.00,1,0.4076,2512.21,0.0255,0.0255,0.0255,0.4076,0.4076,77.30,4401.37,1408.01,1
2026-08-18T07:32:23Z,DataLoader-Streaming,Static-NoPrefetch,64.00,1,0.9041,1132.58,0.0565,0.0565,0.0565,0.9041,0.9041,72.56,4401.37,1024.00,1
2026-08-18T07:32:24Z,DataLoader-Streaming,Smart-Prefetch-Depth1,64.00,1,0.7629,1342.31,0.0477,0.0477,0.0477,0.7629,0.7629,67.19,4401.37,1216.01,0
2026-08-18T07:32:25Z,DataLoader-Streaming,Smart-Prefetch-Depth2,64.00,1,0.4334,2362.86,0.0271,0.0271,0.0271,0.4334,0.4334,40.73,4401.37,1408.01,1
2026-08-18T07:32:26Z,DataLoader-Streaming,Static-NoPrefetch,64.00,1,1.1449,894.37,0.0716,0.0716,0.0716,1.1449,1.1449,57.30,4401.37,1024.00,1
2026-08-18T07:32:27Z,DataLoader-Streaming,Smart-Prefetch-Depth1,64.00,1,0.7837,1306.59,0.0490,0.0490,0.0490,0.7837,0.7837,37.34,4401.37,1216.01,0
2026-08-18T07:32:27Z,DataLoader-Streaming,Smart-Prefetch-Depth2,64.00,1,0.6099,1678.91,0.0381,0.0381,0.0381,0.6099,0.6099,18.74,4401.37,1344.01,1
2026-08-18T07:32:28Z,Columnar-Parquet-Scan,Static-OnDemand,128.00,1,0.3316,120.62,0.3316,0.3316,0.3316,0.3316,0.3316,0.00,4401.37,128.00,0
2026-08-18T07:32:28Z,Columnar-Parquet-Scan,Smart-RangePrefetch,128.00,1,0.3449,115.97,0.3449,0.3449,0.3449,0.3449,0.3449,0.00,4401.37,172.05,0
2026-08-18T07:32:29Z,Columnar-Parquet-Scan,Static-OnDemand,512.00,1,0.3317,120.60,0.3317,0.3317,0.3317,0.3317,0.3317,0.00,4401.37,512.00,1
2026-08-18T07:32:29Z,Columnar-Parquet-Scan,Smart-RangePrefetch,512.00,1,0.3507,114.07,0.3507,0.3507,0.3507,0.3507,0.3507,0.00,4401.37,563.05,0
2026-08-18T07:32:29Z,Memory-Guardrail-Soak,Unbounded-Alloc,4.00,100,0.2283,35041.99,0.2283,0.2283,0.2283,0.2283,0.2283,0.00,4401.37,8000.02,30
2026-08-18T07:32:29Z,Memory-Guardrail-Soak,MemoryGuardrail-SlabPool,4.00,100,0.0482,47022.55,0.0482,0.0482,0.0482,0.0482,0.0482,0.00,4401.37,68.04,2
2026-08-18T07:32:30Z,Orbax-Checkpoint-Write,Static-Fixed16MB,64.00,8,0.0545,758.98,0.0545,0.6746,0.6746,0.6746,0.6746,0.00,4401.37,0.00,0
2026-08-18T07:32:30Z,Orbax-Checkpoint-Write,Smart-DynamicChunk,64.00,8,0.0525,9746.60,0.0525,0.0525,0.0525,0.0525,0.0525,0.00,4401.37,0.00,0
2026-08-18T07:32:31Z,Orbax-Checkpoint-Write,Static-Fixed16MB,64.00,16,0.0530,1231.07,0.0530,0.4718,0.8318,0.8318,0.8318,0.00,4401.37,0.00,0
2026-08-18T07:32:31Z,Orbax-Checkpoint-Write,Smart-DynamicChunk,64.00,16,0.0526,19414.43,0.0526,0.0526,0.0527,0.0527,0.0527,0.00,4401.37,0.00,0
2026-08-18T07:32:32Z,Orbax-Checkpoint-Write,Static-Fixed16MB,64.00,32,0.0534,2560.52,0.0534,0.4210,0.7998,0.7998,0.7998,0.00,4401.37,0.01,0
2026-08-18T07:32:32Z,Orbax-Checkpoint-Write,Smart-DynamicChunk,64.00,32,0.0528,38675.26,0.0528,0.0529,0.0529,0.0529,0.0530,0.00,4401.37,0.01,0
2026-08-18T07:32:33Z,Orbax-Checkpoint-Write,Static-Fixed16MB,256.00,8,0.2139,1548.45,0.2139,1.3226,1.3226,1.3226,1.3226,0.00,4401.37,0.00,0
2026-08-18T07:32:34Z,Orbax-Checkpoint-Write,Smart-DynamicChunk,256.00,8,0.2093,3333.69,0.2093,0.6143,0.6143,0.6143,0.6143,0.00,4401.37,0.00,0
2026-08-18T07:32:35Z,Orbax-Checkpoint-Write,Static-Fixed16MB,256.00,16,0.2149,3411.89,0.2149,0.9540,1.2005,1.2005,1.2005,0.00,4401.37,0.00,0
2026-08-18T07:32:36Z,Orbax-Checkpoint-Write,Smart-DynamicChunk,256.00,16,0.2092,4539.61,0.2092,0.8026,0.9022,0.9022,0.9023,0.00,4401.37,0.00,0
2026-08-18T07:32:37Z,Orbax-Checkpoint-Write,Static-Fixed16MB,256.00,32,0.2168,6366.64,0.2168,0.8027,1.2866,1.2866,1.2867,0.00,4401.37,0.01,0
2026-08-18T07:32:38Z,Orbax-Checkpoint-Write,Smart-DynamicChunk,256.00,32,0.2094,8130.75,0.2094,0.2094,1.0075,1.0075,1.0075,0.00,4401.37,0.01,0
2026-08-18T07:32:40Z,Orbax-Checkpoint-Write,Static-Fixed16MB,512.00,8,0.7625,2320.85,0.7625,1.7648,1.7648,1.7648,1.7649,0.00,4401.37,0.00,0
2026-08-18T07:32:41Z,Orbax-Checkpoint-Write,Smart-DynamicChunk,512.00,8,0.4188,3623.13,0.4188,1.1305,1.1305,1.1305,1.1305,0.00,4401.37,0.00,0
2026-08-18T07:32:42Z,Orbax-Checkpoint-Write,Static-Fixed16MB,512.00,16,0.8646,5224.41,0.8646,1.3665,1.5680,1.5680,1.5680,0.00,4401.37,0.00,0
2026-08-18T07:32:44Z,Orbax-Checkpoint-Write,Smart-DynamicChunk,512.00,16,0.4220,6138.45,0.4220,0.7595,1.3345,1.3345,1.3345,0.00,4401.37,0.00,0
2026-08-18T07:32:45Z,Orbax-Checkpoint-Write,Static-Fixed16MB,512.00,32,0.7494,9442.59,0.7494,1.5739,1.7351,1.7351,1.7351,0.00,4401.37,0.01,0
2026-08-18T07:32:47Z,Orbax-Checkpoint-Write,Smart-DynamicChunk,512.00,32,0.4199,14780.95,0.4199,0.9557,1.1084,1.1084,1.1085,0.00,4401.37,0.01,0
2026-08-18T07:32:49Z,Orbax-Checkpoint-Write,Static-Fixed16MB,1024.00,8,2.0338,3130.72,2.0338,2.6166,2.6166,2.6166,2.6167,0.00,4401.37,0.00,0
2026-08-18T07:32:51Z,Orbax-Checkpoint-Write,Smart-DynamicChunk,1024.00,8,1.3072,4101.61,1.3072,1.9972,1.9972,1.9972,1.9973,0.00,4401.37,0.00,0
2026-08-18T07:32:53Z,Orbax-Checkpoint-Write,Static-Fixed16MB,1024.00,16,1.6934,7143.36,1.6934,2.2627,2.2935,2.2935,2.2936,0.00,4401.37,0.00,0
2026-08-18T07:32:56Z,Orbax-Checkpoint-Write,Smart-DynamicChunk,1024.00,16,0.8395,6821.51,0.8395,2.0569,2.4017,2.4017,2.4018,0.00,4401.37,0.00,0
2026-08-18T07:32:59Z,Orbax-Checkpoint-Write,Static-Fixed16MB,1024.00,32,1.7130,10601.19,1.7130,2.3581,3.0909,3.0909,3.0910,0.00,4401.37,0.01,0
2026-08-18T07:33:00Z,Orbax-Checkpoint-Write,Smart-DynamicChunk,1024.00,32,0.8422,22257.83,0.8422,1.4361,1.4721,1.4721,1.4722,0.00,4401.37,0.01,0
2026-08-18T07:33:01Z,DataLoader-Streaming,Static-NoPrefetch,4.00,1,0.1374,465.82,0.0086,0.0086,0.0086,0.1374,0.1374,34.94,4401.37,64.00,1
2026-08-18T07:33:01Z,DataLoader-Streaming,Smart-Prefetch-Depth1,4.00,1,0.0962,665.36,0.0060,0.0060,0.0060,0.0962,0.0962,9.64,4401.37,80.01,0
2026-08-18T07:33:01Z,DataLoader-Streaming,Smart-Prefetch-Depth2,4.00,1,0.0967,661.88,0.0060,0.0060,0.0060,0.0967,0.0967,10.27,4401.37,88.01,1
2026-08-18T07:33:01Z,DataLoader-Streaming,Static-NoPrefetch,4.00,1,0.2975,215.09,0.0186,0.0186,0.0186,0.2975,0.2975,16.13,4401.37,64.00,1
2026-08-18T07:33:01Z,DataLoader-Streaming,Smart-Prefetch-Depth1,4.00,1,0.2580,248.09,0.0161,0.0161,0.0161,0.2580,0.2580,4.26,4401.37,84.01,1
2026-08-18T07:33:02Z,DataLoader-Streaming,Smart-Prefetch-Depth2,4.00,1,0.2566,249.44,0.0160,0.0160,0.0160,0.2566,0.2566,4.39,4401.37,84.01,1
2026-08-18T07:33:02Z,DataLoader-Streaming,Static-NoPrefetch,4.00,1,0.5353,119.56,0.0335,0.0335,0.0335,0.5353,0.5353,8.97,4401.37,64.00,1
2026-08-18T07:33:03Z,DataLoader-Streaming,Smart-Prefetch-Depth1,4.00,1,0.4978,128.55,0.0311,0.0311,0.0311,0.4978,0.4978,1.95,4401.37,80.01,1
2026-08-18T07:33:03Z,DataLoader-Streaming,Smart-Prefetch-Depth2,4.00,1,0.4969,128.80,0.0311,0.0311,0.0311,0.4969,0.4969,1.82,4401.37,88.01,1
2026-08-18T07:33:03Z,DataLoader-Streaming,Static-NoPrefetch,16.00,1,0.2485,1030.25,0.0155,0.0155,0.0155,0.2485,0.2485,64.39,4401.37,256.00,1
2026-08-18T07:33:04Z,DataLoader-Streaming,Smart-Prefetch-Depth1,16.00,1,0.2046,1251.35,0.0128,0.0128,0.0128,0.2046,0.2046,56.98,4401.37,304.01,1
2026-08-18T07:33:04Z,DataLoader-Streaming,Smart-Prefetch-Depth2,16.00,1,0.1219,2099.78,0.0076,0.0076,0.0076,0.1219,0.1219,25.12,4401.37,352.01,1
2026-08-18T07:33:04Z,DataLoader-Streaming,Static-NoPrefetch,16.00,1,0.4081,627.33,0.0255,0.0255,0.0255,0.4081,0.4081,39.21,4401.37,256.00,1
2026-08-18T07:33:05Z,DataLoader-Streaming,Smart-Prefetch-Depth1,16.00,1,0.2815,909.32,0.0176,0.0176,0.0176,0.2815,0.2815,10.58,4401.37,336.01,1
2026-08-18T07:33:05Z,DataLoader-Streaming,Smart-Prefetch-Depth2,16.00,1,0.2842,900.73,0.0178,0.0178,0.0178,0.2842,0.2842,11.56,4401.37,368.01,1
2026-08-18T07:33:06Z,DataLoader-Streaming,Static-NoPrefetch,16.00,1,0.6487,394.66,0.0405,0.0405,0.0405,0.6487,0.6487,24.67,4401.37,256.00,0
2026-08-18T07:33:06Z,DataLoader-Streaming,Smart-Prefetch-Depth1,16.00,1,0.5258,486.85,0.0329,0.0329,0.0329,0.5258,0.5258,6.76,4401.37,336.01,1
2026-08-18T07:33:07Z,DataLoader-Streaming,Smart-Prefetch-Depth2,16.00,1,0.5221,490.35,0.0326,0.0326,0.0326,0.5221,0.5221,5.64,4401.37,352.01,1
2026-08-18T07:33:07Z,DataLoader-Streaming,Static-NoPrefetch,64.00,1,0.7448,1374.82,0.0466,0.0466,0.0466,0.7448,0.7448,88.07,4401.37,1024.00,1
2026-08-18T07:33:08Z,DataLoader-Streaming,Smart-Prefetch-Depth1,64.00,1,0.7384,1386.74,0.0462,0.0462,0.0462,0.7384,0.7384,87.61,4401.37,1216.01,1
2026-08-18T07:33:09Z,DataLoader-Streaming,Smart-Prefetch-Depth2,64.00,1,0.4198,2439.19,0.0262,0.0262,0.0262,0.4198,0.4198,77.22,4401.37,1408.01,1
2026-08-18T07:33:10Z,DataLoader-Streaming,Static-NoPrefetch,64.00,1,0.9045,1132.09,0.0565,0.0565,0.0565,0.9045,0.9045,72.52,4401.37,1024.00,0
2026-08-18T07:33:11Z,DataLoader-Streaming,Smart-Prefetch-Depth1,64.00,1,0.7618,1344.20,0.0476,0.0476,0.0476,0.7618,0.7618,66.73,4401.37,1216.01,1
2026-08-18T07:33:11Z,DataLoader-Streaming,Smart-Prefetch-Depth2,64.00,1,0.4302,2380.34,0.0269,0.0269,0.0269,0.4302,0.4302,42.59,4401.37,1408.01,1
2026-08-18T07:33:12Z,DataLoader-Streaming,Static-NoPrefetch,64.00,1,1.1437,895.36,0.0715,0.0715,0.0715,1.1437,1.1437,57.36,4401.37,1024.00,0
2026-08-18T07:33:13Z,DataLoader-Streaming,Smart-Prefetch-Depth1,64.00,1,0.7806,1311.75,0.0488,0.0488,0.0488,0.7806,0.7806,37.23,4401.37,1216.01,1
2026-08-18T07:33:14Z,DataLoader-Streaming,Smart-Prefetch-Depth2,64.00,1,0.6213,1648.04,0.0388,0.0388,0.0388,0.6213,0.6213,21.34,4401.37,1344.01,1
2026-08-18T07:33:14Z,Columnar-Parquet-Scan,Static-OnDemand,128.00,1,0.3288,121.64,0.3288,0.3288,0.3288,0.3288,0.3288,0.00,4401.37,128.00,0
2026-08-18T07:33:15Z,Columnar-Parquet-Scan,Smart-RangePrefetch,128.00,1,0.3458,115.67,0.3458,0.3458,0.3458,0.3458,0.3458,0.00,4401.37,173.05,0
2026-08-18T07:33:15Z,Columnar-Parquet-Scan,Static-OnDemand,512.00,1,0.3295,121.40,0.3295,0.3295,0.3295,0.3295,0.3295,0.00,4401.37,512.00,0
2026-08-18T07:33:15Z,Columnar-Parquet-Scan,Smart-RangePrefetch,512.00,1,0.3422,116.90,0.3422,0.3422,0.3422,0.3422,0.3422,0.00,4401.37,557.05,1
2026-08-18T07:33:16Z,Memory-Guardrail-Soak,Unbounded-Alloc,4.00,100,0.2909,27505.38,0.2909,0.2909,0.2909,0.2909,0.2909,0.00,4401.37,8000.02,41
2026-08-18T07:33:16Z,Memory-Guardrail-Soak,MemoryGuardrail-SlabPool,4.00,100,0.0521,44076.62,0.0521,0.0521,0.0521,0.0521,0.0521,0.00,4401.37,72.04,2
2026-08-18T07:33:16Z,Orbax-Checkpoint-Write,Static-Fixed16MB,64.00,8,0.0551,1148.13,0.0551,0.4459,0.4459,0.4459,0.4459,0.00,4401.37,0.00,0
2026-08-18T07:33:16Z,Orbax-Checkpoint-Write,Smart-DynamicChunk,64.00,8,0.0526,9730.59,0.0526,0.0526,0.0526,0.0526,0.0526,0.00,4401.37,0.00,0
2026-08-18T07:33:17Z,Orbax-Checkpoint-Write,Static-Fixed16MB,64.00,16,0.0530,2491.91,0.0530,0.0530,0.4109,0.4109,0.4109,0.00,4401.37,0.00,0
2026-08-18T07:33:17Z,Orbax-Checkpoint-Write,Smart-DynamicChunk,64.00,16,0.0526,19417.82,0.0526,0.0527,0.0527,0.0527,0.0527,0.00,4401.37,0.00,0
2026-08-18T07:33:18Z,Orbax-Checkpoint-Write,Static-Fixed16MB,64.00,32,0.0532,1556.15,0.0532,0.7610,1.3160,1.3160,1.3161,0.00,4401.37,0.01,0
2026-08-18T07:33:19Z,Orbax-Checkpoint-Write,Smart-DynamicChunk,64.00,32,0.0527,2857.46,0.0527,0.0528,0.7167,0.7167,0.7167,0.00,4401.37,0.01,0
2026-08-18T07:33:20Z,Orbax-Checkpoint-Write,Static-Fixed16MB,256.00,8,0.6938,2367.32,0.6938,0.8651,0.8651,0.8651,0.8651,0.00,4401.37,0.00,0
2026-08-18T07:33:20Z,Orbax-Checkpoint-Write,Smart-DynamicChunk,256.00,8,0.2094,3885.19,0.2094,0.5271,0.5271,0.5271,0.5271,0.00,4401.37,0.00,0
2026-08-18T07:33:21Z,Orbax-Checkpoint-Write,Static-Fixed16MB,256.00,16,0.2119,3122.23,0.2119,0.9919,1.3118,1.3118,1.3119,0.00,4401.37,0.00,0
2026-08-18T07:33:22Z,Orbax-Checkpoint-Write,Smart-DynamicChunk,256.00,16,0.2094,5048.04,0.2094,0.6936,0.8114,0.8114,0.8114,0.00,4401.37,0.00,0
2026-08-18T07:33:24Z,Orbax-Checkpoint-Write,Static-Fixed16MB,256.00,32,0.2130,4873.59,0.2130,0.9712,1.6808,1.6808,1.6809,0.00,4401.37,0.01,0
2026-08-18T07:33:24Z,Orbax-Checkpoint-Write,Smart-DynamicChunk,256.00,32,0.2096,39068.50,0.2096,0.2096,0.2096,0.2096,0.2097,0.00,4401.37,0.01,0
2026-08-18T07:33:26Z,Orbax-Checkpoint-Write,Static-Fixed16MB,512.00,8,0.4250,2477.19,0.4250,1.6535,1.6535,1.6535,1.6535,0.00,4401.37,0.00,0
2026-08-18T07:33:26Z,Orbax-Checkpoint-Write,Smart-DynamicChunk,512.00,8,0.4187,9780.97,0.4187,0.4187,0.4187,0.4187,0.4188,0.00,4401.37,0.00,0
2026-08-18T07:33:28Z,Orbax-Checkpoint-Write,Static-Fixed16MB,512.00,16,1.0355,4191.21,1.0355,1.7096,1.9545,1.9545,1.9546,0.00,4401.37,0.00,0
2026-08-18T07:33:30Z,Orbax-Checkpoint-Write,Smart-DynamicChunk,512.00,16,0.4185,5609.39,0.4185,1.0552,1.4604,1.4604,1.4604,0.00,4401.37,0.00,0
2026-08-18T07:33:31Z,Orbax-Checkpoint-Write,Static-Fixed16MB,512.00,32,0.7895,10520.95,0.7895,1.2597,1.5572,1.5572,1.5573,0.00,4401.37,0.01,0
2026-08-18T07:33:32Z,Orbax-Checkpoint-Write,Smart-DynamicChunk,512.00,32,0.4197,13596.47,0.4197,0.8247,1.2049,1.2049,1.2050,0.00,4401.37,0.01,0
2026-08-18T07:33:34Z,Orbax-Checkpoint-Write,Static-Fixed16MB,1024.00,8,1.7461,4111.65,1.7461,1.9924,1.9924,1.9924,1.9924,0.00,4401.37,0.00,0
2026-08-18T07:33:36Z,Orbax-Checkpoint-Write,Smart-DynamicChunk,1024.00,8,0.8378,5049.89,0.8378,1.6222,1.6222,1.6222,1.6222,0.00,4401.37,0.00,0
2026-08-18T07:33:39Z,Orbax-Checkpoint-Write,Static-Fixed16MB,1024.00,16,1.3629,5610.69,1.3629,2.0246,2.9201,2.9201,2.9201,0.00,4401.37,0.00,0
2026-08-18T07:33:40Z,Orbax-Checkpoint-Write,Smart-DynamicChunk,1024.00,16,0.8402,11057.81,0.8402,1.4693,1.4816,1.4816,1.4817,0.00,4401.37,0.00,0
2026-08-18T07:33:43Z,Orbax-Checkpoint-Write,Static-Fixed16MB,1024.00,32,1.5063,11547.80,1.5063,2.5319,2.8375,2.8375,2.8376,0.00,4401.37,0.01,0
2026-08-18T07:33:46Z,Orbax-Checkpoint-Write,Smart-DynamicChunk,1024.00,32,0.8382,14539.10,0.8382,1.4661,2.2537,2.2537,2.2538,0.00,4401.37,0.01,0
2026-08-18T07:33:46Z,DataLoader-Streaming,Static-NoPrefetch,4.00,1,0.1360,470.58,0.0085,0.0085,0.0085,0.1360,0.1360,35.29,4401.37,64.00,1
2026-08-18T07:33:46Z,DataLoader-Streaming,Smart-Prefetch-Depth1,4.00,1,0.0956,669.78,0.0060,0.0060,0.0060,0.0956,0.0956,10.19,4401.37,80.01,0
2026-08-18T07:33:46Z,DataLoader-Streaming,Smart-Prefetch-Depth2,4.00,1,0.0957,669.09,0.0060,0.0060,0.0060,0.0957,0.0957,8.85,4401.37,92.01,1
2026-08-18T07:33:46Z,DataLoader-Streaming,Static-NoPrefetch,4.00,1,0.2966,215.80,0.0185,0.0185,0.0185,0.2966,0.2966,16.18,4401.37,64.00,1
2026-08-18T07:33:46Z,DataLoader-Streaming,Smart-Prefetch-Depth1,4.00,1,0.2570,249.07,0.0161,0.0161,0.0161,0.2570,0.2570,3.63,4401.37,84.01,1
2026-08-18T07:33:47Z,DataLoader-Streaming,Smart-Prefetch-Depth2,4.00,1,0.2576,248.41,0.0161,0.0161,0.0161,0.2576,0.2576,3.81,4401.37,84.01,1
2026-08-18T07:33:47Z,DataLoader-Streaming,Static-NoPrefetch,4.00,1,0.5354,119.54,0.0335,0.0335,0.0335,0.5354,0.5354,8.97,4401.37,64.00,1
2026-08-18T07:33:48Z,DataLoader-Streaming,Smart-Prefetch-Depth1,4.00,1,0.4983,128.44,0.0311,0.0311,0.0311,0.4983,0.4983,1.95,4401.37,88.01,1
2026-08-18T07:33:48Z,DataLoader-Streaming,Smart-Prefetch-Depth2,4.00,1,0.4956,129.13,0.0310,0.0310,0.0310,0.4956,0.4956,1.92,4401.37,84.01,1
2026-08-18T07:33:49Z,DataLoader-Streaming,Static-NoPrefetch,16.00,1,0.2539,1008.32,0.0159,0.0159,0.0159,0.2539,0.2539,63.02,4401.37,256.00,1
2026-08-18T07:33:49Z,DataLoader-Streaming,Smart-Prefetch-Depth1,16.00,1,0.2030,1261.38,0.0127,0.0127,0.0127,0.2030,0.2030,57.00,4401.37,304.01,1
2026-08-18T07:33:49Z,DataLoader-Streaming,Smart-Prefetch-Depth2,16.00,1,0.1210,2116.47,0.0076,0.0076,0.0076,0.1210,0.1210,24.80,4401.37,352.01,1
2026-08-18T07:33:49Z,DataLoader-Streaming,Static-NoPrefetch,16.00,1,0.4087,626.36,0.0255,0.0255,0.0255,0.4087,0.4087,39.15,4401.37,256.00,1
2026-08-18T07:33:50Z,DataLoader-Streaming,Smart-Prefetch-Depth1,16.00,1,0.2836,902.60,0.0177,0.0177,0.0177,0.2836,0.2836,11.24,4401.37,368.01,1
2026-08-18T07:33:50Z,DataLoader-Streaming,Smart-Prefetch-Depth2,16.00,1,0.2824,906.53,0.0176,0.0176,0.0176,0.2824,0.2824,10.61,4401.37,352.01,1
2026-08-18T07:33:51Z,DataLoader-Streaming,Static-NoPrefetch,16.00,1,0.6484,394.82,0.0405,0.0405,0.0405,0.6484,0.6484,24.68,4401.37,256.00,0
2026-08-18T07:33:51Z,DataLoader-Streaming,Smart-Prefetch-Depth1,16.00,1,0.5230,489.52,0.0327,0.0327,0.0327,0.5230,0.5230,5.58,4401.37,336.01,1
2026-08-18T07:33:52Z,DataLoader-Streaming,Smart-Prefetch-Depth2,16.00,1,0.5225,489.98,0.0327,0.0327,0.0327,0.5225,0.5225,6.00,4401.37,352.01,1
2026-08-18T07:33:53Z,DataLoader-Streaming,Static-NoPrefetch,64.00,1,0.7452,1374.16,0.0466,0.0466,0.0466,0.7452,0.7452,88.03,4401.37,1024.00,1
2026-08-18T07:33:53Z,DataLoader-Streaming,Smart-Prefetch-Depth1,64.00,1,0.7382,1387.17,0.0461,0.0461,0.0461,0.7382,0.7382,88.40,4401.37,1216.01,1
2026-08-18T07:33:54Z,DataLoader-Streaming,Smart-Prefetch-Depth2,64.00,1,0.4139,2473.76,0.0259,0.0259,0.0259,0.4139,0.4139,77.60,4401.37,1408.01,1
2026-08-18T07:33:55Z,DataLoader-Streaming,Static-NoPrefetch,64.00,1,0.9055,1130.85,0.0566,0.0566,0.0566,0.9055,0.9055,72.45,4401.37,1024.00,1
2026-08-18T07:33:56Z,DataLoader-Streaming,Smart-Prefetch-Depth1,64.00,1,0.7763,1319.15,0.0485,0.0485,0.0485,0.7763,0.7763,67.54,4401.37,1216.01,0
2026-08-18T07:33:56Z,DataLoader-Streaming,Smart-Prefetch-Depth2,64.00,1,0.4368,2344.41,0.0273,0.0273,0.0273,0.4368,0.4368,40.87,4401.37,1408.01,1
2026-08-18T07:33:57Z,DataLoader-Streaming,Static-NoPrefetch,64.00,1,1.1442,894.95,0.0715,0.0715,0.0715,1.1442,1.1442,57.33,4401.37,1024.00,1
2026-08-18T07:33:58Z,DataLoader-Streaming,Smart-Prefetch-Depth1,64.00,1,0.8016,1277.42,0.0501,0.0501,0.0501,0.8016,0.8016,38.64,4401.37,1216.01,0
2026-08-18T07:33:59Z,DataLoader-Streaming,Smart-Prefetch-Depth2,64.00,1,0.6308,1623.30,0.0394,0.0394,0.0394,0.6308,0.6308,21.64,4401.37,1344.01,1
2026-08-18T07:33:59Z,Columnar-Parquet-Scan,Static-OnDemand,128.00,1,0.3296,121.35,0.3296,0.3296,0.3296,0.3296,0.3296,0.00,4401.37,128.00,0
2026-08-18T07:34:00Z,Columnar-Parquet-Scan,Smart-RangePrefetch,128.00,1,0.3683,108.61,0.3683,0.3683,0.3683,0.3683,0.3683,0.00,4401.37,175.05,0
2026-08-18T07:34:00Z,Columnar-Parquet-Scan,Static-OnDemand,512.00,1,0.3307,120.96,0.3307,0.3307,0.3307,0.3307,0.3307,0.00,4401.37,512.00,0
2026-08-18T07:34:01Z,Columnar-Parquet-Scan,Smart-RangePrefetch,512.00,1,0.3597,111.19,0.3597,0.3597,0.3597,0.3597,0.3597,0.00,4401.37,568.05,1
2026-08-18T07:34:01Z,Memory-Guardrail-Soak,Unbounded-Alloc,4.00,100,0.2951,27108.93,0.2951,0.2951,0.2951,0.2951,0.2951,0.00,4401.37,8000.02,23
2026-08-18T07:34:01Z,Memory-Guardrail-Soak,MemoryGuardrail-SlabPool,4.00,100,0.0497,44558.16,0.0497,0.0497,0.0497,0.0497,0.0497,0.00,4401.37,68.04,1
2026-08-18T07:34:01Z,Orbax-Checkpoint-Write,Static-Fixed16MB,64.00,8,0.0534,1027.91,0.0534,0.4981,0.4981,0.4981,0.4981,0.00,4401.37,0.00,0
2026-08-18T07:34:02Z,Orbax-Checkpoint-Write,Smart-DynamicChunk,64.00,8,0.0525,1249.83,0.0525,0.4096,0.4096,0.4096,0.4097,0.00,4401.37,0.00,0
2026-08-18T07:34:02Z,Orbax-Checkpoint-Write,Static-Fixed16MB,64.00,16,0.0531,2885.11,0.0531,0.0533,0.3549,0.3549,0.3549,0.00,4401.37,0.00,0
2026-08-18T07:34:03Z,Orbax-Checkpoint-Write,Smart-DynamicChunk,64.00,16,0.0525,2475.64,0.0525,0.0526,0.4136,0.4136,0.4136,0.00,4401.37,0.00,0
2026-08-18T07:34:03Z,Orbax-Checkpoint-Write,Static-Fixed16MB,64.00,32,0.0535,3425.26,0.0535,0.0535,0.5978,0.5978,0.5979,0.00,4401.37,0.01,0
2026-08-18T07:34:04Z,Orbax-Checkpoint-Write,Smart-DynamicChunk,64.00,32,0.0527,3382.75,0.0527,0.0527,0.6053,0.6053,0.6054,0.00,4401.37,0.01,0
2026-08-18T07:34:05Z,Orbax-Checkpoint-Write,Static-Fixed16MB,256.00,8,0.2123,2403.71,0.2123,0.8520,0.8520,0.8520,0.8520,0.00,4401.37,0.00,0
2026-08-18T07:34:06Z,Orbax-Checkpoint-Write,Smart-DynamicChunk,256.00,8,0.2094,2302.75,0.2094,0.8893,0.8893,0.8893,0.8894,0.00,4401.37,0.00,0
2026-08-18T07:34:07Z,Orbax-Checkpoint-Write,Static-Fixed16MB,256.00,16,0.2122,2626.35,0.2122,1.3102,1.5595,1.5595,1.5596,0.00,4401.37,0.00,0
2026-08-18T07:34:08Z,Orbax-Checkpoint-Write,Smart-DynamicChunk,256.00,16,0.2094,5384.55,0.2094,0.7365,0.7606,0.7606,0.7607,0.00,4401.37,0.00,0
2026-08-18T07:34:09Z,Orbax-Checkpoint-Write,Static-Fixed16MB,256.00,32,0.2131,5216.43,0.2131,0.9185,1.5703,1.5703,1.5704,0.00,4401.37,0.01,0
2026-08-18T07:34:10Z,Orbax-Checkpoint-Write,Smart-DynamicChunk,256.00,32,0.2095,8338.47,0.2095,0.7646,0.9824,0.9824,0.9824,0.00,4401.37,0.01,0
2026-08-18T07:34:13Z,Orbax-Checkpoint-Write,Static-Fixed16MB,512.00,8,0.9815,1673.04,0.9815,2.4482,2.4482,2.4482,2.4482,0.00,4401.37,0.00,0
2026-08-18T07:34:14Z,Orbax-Checkpoint-Write,Smart-DynamicChunk,512.00,8,0.4182,3938.48,0.4182,1.0400,1.0400,1.0400,1.0400,0.00,4401.37,0.00,0
2026-08-18T07:34:15Z,Orbax-Checkpoint-Write,Static-Fixed16MB,512.00,16,0.4248,5921.26,0.4248,1.2288,1.3834,1.3834,1.3835,0.00,4401.37,0.00,0
2026-08-18T07:34:16Z,Orbax-Checkpoint-Write,Smart-DynamicChunk,512.00,16,0.4185,8820.47,0.4185,0.8190,0.9287,0.9287,0.9287,0.00,4401.37,0.00,0
2026-08-18T07:34:18Z,Orbax-Checkpoint-Write,Static-Fixed16MB,512.00,32,0.8181,9659.12,0.8181,1.2137,1.6961,1.6961,1.6962,0.00,4401.37,0.01,0
2026-08-18T07:34:19Z,Orbax-Checkpoint-Write,Smart-DynamicChunk,512.00,32,0.4188,18781.71,0.4188,0.4188,0.8723,0.8723,0.8723,0.00,4401.37,0.01,0
2026-08-18T07:34:21Z,Orbax-Checkpoint-Write,Static-Fixed16MB,1024.00,8,1.6479,3548.24,1.6479,2.3087,2.3087,2.3087,2.3088,0.00,4401.37,0.00,0
2026-08-18T07:34:22Z,Orbax-Checkpoint-Write,Smart-DynamicChunk,1024.00,8,0.8368,9789.57,0.8368,0.8368,0.8368,0.8368,0.8368,0.00,4401.37,0.00,0
2026-08-18T07:34:25Z,Orbax-Checkpoint-Write,Static-Fixed16MB,1024.00,16,1.3597,6322.67,1.3597,2.4400,2.5913,2.5913,2.5913,0.00,4401.37,0.00,0
2026-08-18T07:34:26Z,Orbax-Checkpoint-Write,Smart-DynamicChunk,1024.00,16,0.8380,11147.32,0.8380,1.4675,1.4697,1.4697,1.4698,0.00,4401.37,0.00,0
2026-08-18T07:34:29Z,Orbax-Checkpoint-Write,Static-Fixed16MB,1024.00,32,1.5945,10684.02,1.5945,2.3471,3.0669,3.0669,3.0670,0.00,4401.37,0.01,0
2026-08-18T07:34:31Z,Orbax-Checkpoint-Write,Smart-DynamicChunk,1024.00,32,0.8389,15708.67,0.8389,1.5865,2.0859,2.0859,2.0860,0.00,4401.37,0.01,0
2026-08-18T07:34:31Z,DataLoader-Streaming,Static-NoPrefetch,4.00,1,0.1348,474.67,0.0084,0.0084,0.0084,0.1348,0.1348,35.60,4401.37,64.00,1
2026-08-18T07:34:31Z,DataLoader-Streaming,Smart-Prefetch-Depth1,4.00,1,0.0954,670.61,0.0060,0.0060,0.0060,0.0954,0.0954,9.41,4401.37,80.01,0
2026-08-18T07:34:31Z,DataLoader-Streaming,Smart-Prefetch-Depth2,4.00,1,0.0965,663.00,0.0060,0.0060,0.0060,0.0965,0.0965,8.55,4401.37,88.01,1
2026-08-18T07:34:32Z,DataLoader-Streaming,Static-NoPrefetch,4.00,1,0.2963,215.99,0.0185,0.0185,0.0185,0.2963,0.2963,16.20,4401.37,64.00,1
2026-08-18T07:34:32Z,DataLoader-Streaming,Smart-Prefetch-Depth1,4.00,1,0.2558,250.23,0.0160,0.0160,0.0160,0.2558,0.2558,3.21,4401.37,84.01,1
2026-08-18T07:34:32Z,DataLoader-Streaming,Smart-Prefetch-Depth2,4.00,1,0.2552,250.77,0.0160,0.0160,0.0160,0.2552,0.2552,3.48,4401.37,84.01,1
2026-08-18T07:34:33Z,DataLoader-Streaming,Static-NoPrefetch,4.00,1,0.5358,119.44,0.0335,0.0335,0.0335,0.5358,0.5358,8.96,4401.37,64.00,1
2026-08-18T07:34:33Z,DataLoader-Streaming,Smart-Prefetch-Depth1,4.00,1,0.4963,128.95,0.0310,0.0310,0.0310,0.4963,0.4963,1.80,4401.37,80.01,1
2026-08-18T07:34:34Z,DataLoader-Streaming,Smart-Prefetch-Depth2,4.00,1,0.4970,128.77,0.0311,0.0311,0.0311,0.4970,0.4970,1.91,4401.37,88.01,1
2026-08-18T07:34:34Z,DataLoader-Streaming,Static-NoPrefetch,16.00,1,0.2474,1034.81,0.0155,0.0155,0.0155,0.2474,0.2474,64.68,4401.37,256.00,1
2026-08-18T07:34:34Z,DataLoader-Streaming,Smart-Prefetch-Depth1,16.00,1,0.1957,1308.33,0.0122,0.0122,0.0122,0.1957,0.1957,55.45,4401.37,304.01,1
2026-08-18T07:34:34Z,DataLoader-Streaming,Smart-Prefetch-Depth2,16.00,1,0.1193,2145.63,0.0075,0.0075,0.0075,0.1193,0.1193,25.63,4401.37,336.01,1
2026-08-18T07:34:35Z,DataLoader-Streaming,Static-NoPrefetch,16.00,1,0.4077,627.93,0.0255,0.0255,0.0255,0.4077,0.4077,39.25,4401.37,256.00,1
2026-08-18T07:34:35Z,DataLoader-Streaming,Smart-Prefetch-Depth1,16.00,1,0.2824,906.67,0.0176,0.0176,0.0176,0.2824,0.2824,11.62,4401.37,336.01,1
2026-08-18T07:34:36Z,DataLoader-Streaming,Smart-Prefetch-Depth2,16.00,1,0.2835,902.91,0.0177,0.0177,0.0177,0.2835,0.2835,10.92,4401.37,352.01,1
2026-08-18T07:34:36Z,DataLoader-Streaming,Static-NoPrefetch,16.00,1,0.6484,394.84,0.0405,0.0405,0.0405,0.6484,0.6484,24.68,4401.37,256.00,1
2026-08-18T07:34:37Z,DataLoader-Streaming,Smart-Prefetch-Depth1,16.00,1,0.5240,488.59,0.0327,0.0327,0.0327,0.5240,0.5240,6.00,4401.37,336.01,1
2026-08-18T07:34:37Z,DataLoader-Streaming,Smart-Prefetch-Depth2,16.00,1,0.5210,491.38,0.0326,0.0326,0.0326,0.5210,0.5210,5.52,4401.37,352.01,1
2026-08-18T07:34:38Z,DataLoader-Streaming,Static-NoPrefetch,64.00,1,0.7442,1375.93,0.0465,0.0465,0.0465,0.7442,0.7442,88.15,4401.37,1024.00,1
2026-08-18T07:34:39Z,DataLoader-Streaming,Smart-Prefetch-Depth1,64.00,1,0.7588,1349.57,0.0474,0.0474,0.0474,0.7588,0.7588,87.80,4401.37,1216.01,1
2026-08-18T07:34:40Z,DataLoader-Streaming,Smart-Prefetch-Depth2,64.00,1,0.4179,2450.54,0.0261,0.0261,0.0261,0.4179,0.4179,77.94,4401.37,1408.01,1
2026-08-18T07:34:41Z,DataLoader-Streaming,Static-NoPrefetch,64.00,1,0.9043,1132.38,0.0565,0.0565,0.0565,0.9043,0.9043,72.54,4401.37,1024.00,1
2026-08-18T07:34:41Z,DataLoader-Streaming,Smart-Prefetch-Depth1,64.00,1,0.7666,1335.75,0.0479,0.0479,0.0479,0.7666,0.7666,67.22,4401.37,1216.01,0
2026-08-18T07:34:42Z,DataLoader-Streaming,Smart-Prefetch-Depth2,64.00,1,0.4325,2367.84,0.0270,0.0270,0.0270,0.4325,0.4325,40.66,4401.37,1408.01,1
2026-08-18T07:34:43Z,DataLoader-Streaming,Static-NoPrefetch,64.00,1,1.1445,894.73,0.0715,0.0715,0.0715,1.1445,1.1445,57.32,4401.37,1024.00,1
2026-08-18T07:34:44Z,DataLoader-Streaming,Smart-Prefetch-Depth1,64.00,1,0.7991,1281.42,0.0499,0.0499,0.0499,0.7991,0.7991,38.59,4401.37,1280.01,1
2026-08-18T07:34:45Z,DataLoader-Streaming,Smart-Prefetch-Depth2,64.00,1,0.6647,1540.66,0.0415,0.0415,0.0415,0.6647,0.6647,25.32,4401.37,1472.01,1
2026-08-18T07:34:45Z,Columnar-Parquet-Scan,Static-OnDemand,128.00,1,0.3306,120.98,0.3306,0.3306,0.3306,0.3306,0.3306,0.00,4401.37,128.00,0
2026-08-18T07:34:46Z,Columnar-Parquet-Scan,Smart-RangePrefetch,128.00,1,0.3485,114.78,0.3485,0.3485,0.3485,0.3485,0.3485,0.00,4401.37,175.05,0
2026-08-18T07:34:46Z,Columnar-Parquet-Scan,Static-OnDemand,512.00,1,0.3306,120.98,0.3306,0.3306,0.3306,0.3306,0.3306,0.00,4401.37,512.00,0
2026-08-18T07:34:46Z,Columnar-Parquet-Scan,Smart-RangePrefetch,512.00,1,0.3453,115.84,0.3453,0.3453,0.3453,0.3453,0.3453,0.00,4401.37,560.05,1
2026-08-18T07:34:47Z,Memory-Guardrail-Soak,Unbounded-Alloc,4.00,100,0.2698,29656.91,0.2698,0.2698,0.2698,0.2698,0.2698,0.00,4401.37,8000.02,39
2026-08-18T07:34:47Z,Memory-Guardrail-Soak,MemoryGuardrail-SlabPool,4.00,100,0.0505,44517.73,0.0505,0.0505,0.0505,0.0505,0.0505,0.00,4401.37,72.05,1
2026-08-18T07:34:47Z,Orbax-Checkpoint-Write,Static-Fixed16MB,64.00,8,0.0534,9578.99,0.0534,0.0534,0.0534,0.0534,0.0535,0.00,4401.37,0.00,0
2026-08-18T07:34:47Z,Orbax-Checkpoint-Write,Smart-DynamicChunk,64.00,8,0.0525,9734.62,0.0525,0.0526,0.0526,0.0526,0.0526,0.00,4401.37,0.00,0
2026-08-18T07:34:48Z,Orbax-Checkpoint-Write,Static-Fixed16MB,64.00,16,0.0531,1224.23,0.0531,0.6009,0.8364,0.8364,0.8364,0.00,4401.37,0.00,0
2026-08-18T07:34:48Z,Orbax-Checkpoint-Write,Smart-DynamicChunk,64.00,16,0.0525,19476.02,0.0525,0.0525,0.0525,0.0525,0.0526,0.00,4401.37,0.00,0
2026-08-18T07:34:48Z,Orbax-Checkpoint-Write,Static-Fixed16MB,64.00,32,0.0534,2500.40,0.0534,0.0534,0.8190,0.8190,0.8191,0.00,4401.37,0.01,0
2026-08-18T07:34:48Z,Orbax-Checkpoint-Write,Smart-DynamicChunk,64.00,32,0.0526,38910.81,0.0526,0.0526,0.0526,0.0526,0.0526,0.00,4401.37,0.01,0
2026-08-18T07:34:49Z,Orbax-Checkpoint-Write,Static-Fixed16MB,256.00,8,0.5423,2182.71,0.5423,0.9383,0.9383,0.9383,0.9383,0.00,4401.37,0.00,0
2026-08-18T07:34:50Z,Orbax-Checkpoint-Write,Smart-DynamicChunk,256.00,8,0.2094,2358.95,0.2094,0.8681,0.8681,0.8681,0.8682,0.00,4401.37,0.00,0
2026-08-18T07:34:52Z,Orbax-Checkpoint-Write,Static-Fixed16MB,256.00,16,0.2119,2549.71,0.2119,0.9176,1.6064,1.6064,1.6065,0.00,4401.37,0.00,0
2026-08-18T07:34:53Z,Orbax-Checkpoint-Write,Smart-DynamicChunk,256.00,16,0.2095,4220.74,0.2095,0.2095,0.9704,0.9704,0.9704,0.00,4401.37,0.00,0
2026-08-18T07:34:54Z,Orbax-Checkpoint-Write,Static-Fixed16MB,256.00,32,0.2123,8357.06,0.2123,0.2123,0.9802,0.9802,0.9802,0.00,4401.37,0.01,0
2026-08-18T07:34:55Z,Orbax-Checkpoint-Write,Smart-DynamicChunk,256.00,32,0.2096,8141.81,0.2096,0.7514,1.0061,1.0061,1.0062,0.00,4401.37,0.01,0
2026-08-18T07:34:56Z,Orbax-Checkpoint-Write,Static-Fixed16MB,512.00,8,0.4238,2566.06,0.4238,1.5962,1.5962,1.5962,1.5962,0.00,4401.37,0.00,0
2026-08-18T07:34:57Z,Orbax-Checkpoint-Write,Smart-DynamicChunk,512.00,8,0.4184,9787.65,0.4184,0.4185,0.4185,0.4185,0.4185,0.00,4401.37,0.00,0
2026-08-18T07:34:58Z,Orbax-Checkpoint-Write,Static-Fixed16MB,512.00,16,0.4250,5020.68,0.4250,1.1125,1.6316,1.6316,1.6317,0.00,4401.37,0.00,0
2026-08-18T07:35:00Z,Orbax-Checkpoint-Write,Smart-DynamicChunk,512.00,16,0.4187,6847.42,0.4187,1.1298,1.1963,1.1963,1.1964,0.00,4401.37,0.00,0
2026-08-18T07:35:01Z,Orbax-Checkpoint-Write,Static-Fixed16MB,512.00,32,0.4248,9400.25,0.4248,1.2567,1.7429,1.7429,1.7429,0.00,4401.37,0.01,0
2026-08-18T07:35:03Z,Orbax-Checkpoint-Write,Smart-DynamicChunk,512.00,32,0.4195,13666.56,0.4195,1.0360,1.1988,1.1988,1.1988,0.00,4401.37,0.01,0
2026-08-18T07:35:06Z,Orbax-Checkpoint-Write,Static-Fixed16MB,1024.00,8,1.6085,2800.46,1.6085,2.9252,2.9252,2.9252,2.9252,0.00,4401.37,0.00,0
2026-08-18T07:35:07Z,Orbax-Checkpoint-Write,Smart-DynamicChunk,1024.00,8,0.8390,5901.14,0.8390,1.3882,1.3882,1.3882,1.3882,0.00,4401.37,0.00,0
2026-08-18T07:35:10Z,Orbax-Checkpoint-Write,Static-Fixed16MB,1024.00,16,1.6338,6143.69,1.6338,2.3657,2.6668,2.6668,2.6668,0.00,4401.37,0.00,0
2026-08-18T07:35:11Z,Orbax-Checkpoint-Write,Smart-DynamicChunk,1024.00,16,0.8363,10212.66,0.8363,1.4583,1.6042,1.6042,1.6043,0.00,4401.37,0.00,0
2026-08-18T07:35:14Z,Orbax-Checkpoint-Write,Static-Fixed16MB,1024.00,32,1.3882,11492.57,1.3882,2.2334,2.8512,2.8512,2.8512,0.00,4401.37,0.01,0
2026-08-18T07:35:16Z,Orbax-Checkpoint-Write,Smart-DynamicChunk,1024.00,32,0.8414,20306.56,0.8414,1.4228,1.6136,1.6136,1.6137,0.00,4401.37,0.01,0
2026-08-18T07:35:16Z,DataLoader-Streaming,Static-NoPrefetch,4.00,1,0.1356,472.13,0.0085,0.0085,0.0085,0.1356,0.1356,35.41,4401.37,64.00,1
2026-08-18T07:35:16Z,DataLoader-Streaming,Smart-Prefetch-Depth1,4.00,1,0.0952,672.16,0.0060,0.0060,0.0060,0.0952,0.0952,9.04,4401.37,80.01,0
2026-08-18T07:35:16Z,DataLoader-Streaming,Smart-Prefetch-Depth2,4.00,1,0.0952,672.57,0.0059,0.0059,0.0059,0.0952,0.0952,8.99,4401.37,88.01,1
2026-08-18T07:35:16Z,DataLoader-Streaming,Static-NoPrefetch,4.00,1,0.2964,215.93,0.0185,0.0185,0.0185,0.2964,0.2964,16.19,4401.37,64.00,1
2026-08-18T07:35:17Z,DataLoader-Streaming,Smart-Prefetch-Depth1,4.00,1,0.2574,248.64,0.0161,0.0161,0.0161,0.2574,0.2574,3.84,4401.37,84.01,1
2026-08-18T07:35:17Z,DataLoader-Streaming,Smart-Prefetch-Depth2,4.00,1,0.2557,250.26,0.0160,0.0160,0.0160,0.2557,0.2557,3.68,4401.37,84.01,1
2026-08-18T07:35:17Z,DataLoader-Streaming,Static-NoPrefetch,4.00,1,0.5353,119.55,0.0335,0.0335,0.0335,0.5353,0.5353,8.97,4401.37,64.00,1
2026-08-18T07:35:18Z,DataLoader-Streaming,Smart-Prefetch-Depth1,4.00,1,0.4956,129.14,0.0310,0.0310,0.0310,0.4956,0.4956,1.83,4401.37,80.01,1
2026-08-18T07:35:18Z,DataLoader-Streaming,Smart-Prefetch-Depth2,4.00,1,0.4954,129.20,0.0310,0.0310,0.0310,0.4954,0.4954,1.86,4401.37,88.01,1
2026-08-18T07:35:19Z,DataLoader-Streaming,Static-NoPrefetch,16.00,1,0.2494,1026.44,0.0156,0.0156,0.0156,0.2494,0.2494,64.15,4401.37,256.00,1
2026-08-18T07:35:19Z,DataLoader-Streaming,Smart-Prefetch-Depth1,16.00,1,0.1981,1292.51,0.0124,0.0124,0.0124,0.1981,0.1981,55.72,4401.37,304.01,1
2026-08-18T07:35:19Z,DataLoader-Streaming,Smart-Prefetch-Depth2,16.00,1,0.1191,2149.26,0.0074,0.0074,0.0074,0.1191,0.1191,25.93,4401.37,336.01,1
2026-08-18T07:35:19Z,DataLoader-Streaming,Static-NoPrefetch,16.00,1,0.4081,627.23,0.0255,0.0255,0.0255,0.4081,0.4081,39.20,4401.37,256.00,1
2026-08-18T07:35:20Z,DataLoader-Streaming,Smart-Prefetch-Depth1,16.00,1,0.2859,895.41,0.0179,0.0179,0.0179,0.2859,0.2859,12.57,4401.37,336.01,1
2026-08-18T07:35:20Z,DataLoader-Streaming,Smart-Prefetch-Depth2,16.00,1,0.2814,909.80,0.0176,0.0176,0.0176,0.2814,0.2814,10.93,4401.37,352.01,1
2026-08-18T07:35:21Z,DataLoader-Streaming,Static-NoPrefetch,16.00,1,0.6481,395.02,0.0405,0.0405,0.0405,0.6481,0.6481,24.69,4401.37,256.00,1
2026-08-18T07:35:21Z,DataLoader-Streaming,Smart-Prefetch-Depth1,16.00,1,0.5230,489.48,0.0327,0.0327,0.0327,0.5230,0.5230,5.63,4401.37,336.01,1
2026-08-18T07:35:22Z,DataLoader-Streaming,Smart-Prefetch-Depth2,16.00,1,0.5208,491.55,0.0325,0.0325,0.0325,0.5208,0.5208,5.66,4401.37,352.01,1
2026-08-18T07:35:23Z,DataLoader-Streaming,Static-NoPrefetch,64.00,1,0.7441,1376.10,0.0465,0.0465,0.0465,0.7441,0.7441,88.16,4401.37,1024.00,1
2026-08-18T07:35:23Z,DataLoader-Streaming,Smart-Prefetch-Depth1,64.00,1,0.7596,1348.16,0.0475,0.0475,0.0475,0.7596,0.7596,87.72,4401.37,1216.01,1
2026-08-18T07:35:24Z,DataLoader-Streaming,Smart-Prefetch-Depth2,64.00,1,0.4088,2505.10,0.0255,0.0255,0.0255,0.4088,0.4088,77.47,4401.37,1408.01,1
2026-08-18T07:35:25Z,DataLoader-Streaming,Static-NoPrefetch,64.00,1,0.9046,1132.01,0.0565,0.0565,0.0565,0.9046,0.9046,72.52,4401.37,1024.00,1
2026-08-18T07:35:26Z,DataLoader-Streaming,Smart-Prefetch-Depth1,64.00,1,0.7652,1338.29,0.0478,0.0478,0.0478,0.7652,0.7652,67.20,4401.37,1216.01,0
2026-08-18T07:35:26Z,DataLoader-Streaming,Smart-Prefetch-Depth2,64.00,1,0.4166,2457.89,0.0260,0.0260,0.0260,0.4166,0.4166,38.60,4401.37,1408.01,1
2026-08-18T07:35:27Z,DataLoader-Streaming,Static-NoPrefetch,64.00,1,1.1482,891.84,0.0718,0.0718,0.0718,1.1482,1.1482,57.13,4401.37,1024.00,1
2026-08-18T07:35:28Z,DataLoader-Streaming,Smart-Prefetch-Depth1,64.00,1,0.7886,1298.47,0.0493,0.0493,0.0493,0.7886,0.7886,36.86,4401.37,1216.01,0
2026-08-18T07:35:29Z,DataLoader-Streaming,Smart-Prefetch-Depth2,64.00,1,0.6151,1664.82,0.0384,0.0384,0.0384,0.6151,0.6151,19.12,4401.37,1344.01,1
2026-08-18T07:35:29Z,Columnar-Parquet-Scan,Static-OnDemand,128.00,1,0.3298,121.30,0.3298,0.3298,0.3298,0.3298,0.3298,0.00,4401.37,128.00,0
2026-08-18T07:35:30Z,Columnar-Parquet-Scan,Smart-RangePrefetch,128.00,1,0.3499,114.30,0.3499,0.3499,0.3499,0.3499,0.3499,0.00,4401.37,175.05,0
2026-08-18T07:35:30Z,Columnar-Parquet-Scan,Static-OnDemand,512.00,1,0.3314,120.72,0.3314,0.3314,0.3314,0.3314,0.3314,0.00,4401.37,512.00,1
2026-08-18T07:35:30Z,Columnar-Parquet-Scan,Smart-RangePrefetch,512.00,1,0.3449,115.99,0.3449,0.3449,0.3449,0.3449,0.3449,0.00,4401.37,560.05,0
2026-08-18T07:35:31Z,Memory-Guardrail-Soak,Unbounded-Alloc,4.00,100,0.2931,27296.79,0.2931,0.2931,0.2931,0.2931,0.2931,0.00,4401.37,8000.02,38
2026-08-18T07:35:31Z,Memory-Guardrail-Soak,MemoryGuardrail-SlabPool,4.00,100,0.0479,47222.79,0.0479,0.0479,0.0479,0.0479,0.0479,0.00,4401.37,72.04,2
2026-08-18T07:35:32Z,Orbax-Checkpoint-Write,Static-Fixed16MB,64.00,8,0.0530,657.07,0.0530,0.7792,0.7792,0.7792,0.7792,0.00,4401.37,0.00,0
2026-08-18T07:35:32Z,Orbax-Checkpoint-Write,Smart-DynamicChunk,64.00,8,0.0526,9724.22,0.0526,0.0526,0.0526,0.0526,0.0527,0.00,4401.37,0.00,0
2026-08-18T07:35:32Z,Orbax-Checkpoint-Write,Static-Fixed16MB,64.00,16,0.0535,1341.20,0.0535,0.4915,0.7635,0.7635,0.7635,0.00,4401.37,0.00,0
2026-08-18T07:35:33Z,Orbax-Checkpoint-Write,Smart-DynamicChunk,64.00,16,0.0526,2257.79,0.0526,0.0526,0.4535,0.4535,0.4535,0.00,4401.37,0.00,0
2026-08-18T07:35:33Z,Orbax-Checkpoint-Write,Static-Fixed16MB,64.00,32,0.0534,38299.24,0.0534,0.0534,0.0534,0.0534,0.0535,0.00,4401.37,0.01,0
2026-08-18T07:35:33Z,Orbax-Checkpoint-Write,Smart-DynamicChunk,64.00,32,0.0528,38708.91,0.0528,0.0528,0.0528,0.0528,0.0529,0.00,4401.37,0.01,0
2026-08-18T07:35:34Z,Orbax-Checkpoint-Write,Static-Fixed16MB,256.00,8,0.2120,2812.04,0.2120,0.7283,0.7283,0.7283,0.7283,0.00,4401.37,0.00,0
2026-08-18T07:35:34Z,Orbax-Checkpoint-Write,Smart-DynamicChunk,256.00,8,0.2093,2496.88,0.2093,0.8202,0.8202,0.8202,0.8202,0.00,4401.37,0.00,0
2026-08-18T07:35:36Z,Orbax-Checkpoint-Write,Static-Fixed16MB,256.00,16,0.2133,3545.55,0.2133,0.9131,1.1552,1.1552,1.1553,0.00,4401.37,0.00,0
2026-08-18T07:35:37Z,Orbax-Checkpoint-Write,Smart-DynamicChunk,256.00,16,0.2096,4144.21,0.2096,0.6813,0.9883,0.9883,0.9884,0.00,4401.37,0.00,0
2026-08-18T07:35:38Z,Orbax-Checkpoint-Write,Static-Fixed16MB,256.00,32,0.2131,6228.84,0.2131,0.8179,1.3151,1.3151,1.3152,0.00,4401.37,0.01,0
2026-08-18T07:35:39Z,Orbax-Checkpoint-Write,Smart-DynamicChunk,256.00,32,0.2094,8166.15,0.2094,0.2095,1.0031,1.0031,1.0032,0.00,4401.37,0.01,0
2026-08-18T07:35:41Z,Orbax-Checkpoint-Write,Static-Fixed16MB,512.00,8,0.7758,2420.47,0.7758,1.6922,1.6922,1.6922,1.6922,0.00,4401.37,0.00,0
2026-08-18T07:35:42Z,Orbax-Checkpoint-Write,Smart-DynamicChunk,512.00,8,0.4184,4082.94,0.4184,1.0032,1.0032,1.0032,1.0032,0.00,4401.37,0.00,0
2026-08-18T07:35:44Z,Orbax-Checkpoint-Write,Static-Fixed16MB,512.00,16,0.8335,4269.80,0.8335,1.5172,1.9185,1.9185,1.9186,0.00,4401.37,0.00,0
2026-08-18T07:35:46Z,Orbax-Checkpoint-Write,Smart-DynamicChunk,512.00,16,0.4188,3466.70,0.4188,1.0020,2.3630,2.3630,2.3631,0.00,4401.37,0.00,0
2026-08-18T07:35:48Z,Orbax-Checkpoint-Write,Static-Fixed16MB,512.00,32,0.7532,8468.84,0.7532,1.1388,1.9345,1.9345,1.9346,0.00,4401.37,0.01,0
2026-08-18T07:35:49Z,Orbax-Checkpoint-Write,Smart-DynamicChunk,512.00,32,0.4186,13985.67,0.4186,1.0382,1.1714,1.1714,1.1715,0.00,4401.37,0.01,0
2026-08-18T07:35:51Z,Orbax-Checkpoint-Write,Static-Fixed16MB,1024.00,8,1.3186,4586.08,1.3186,1.7862,1.7862,1.7862,1.7863,0.00,4401.37,0.00,0
2026-08-18T07:35:52Z,Orbax-Checkpoint-Write,Smart-DynamicChunk,1024.00,8,0.8361,5856.37,0.8361,1.3988,1.3988,1.3988,1.3988,0.00,4401.37,0.00,0
2026-08-18T07:35:55Z,Orbax-Checkpoint-Write,Static-Fixed16MB,1024.00,16,1.8029,5913.00,1.8029,2.7299,2.7708,2.7708,2.7708,0.00,4401.37,0.00,0
2026-08-18T07:35:57Z,Orbax-Checkpoint-Write,Smart-DynamicChunk,1024.00,16,0.8364,10161.87,0.8364,1.5768,1.6123,1.6123,1.6123,0.00,4401.37,0.00,0
2026-08-18T07:35:59Z,Orbax-Checkpoint-Write,Static-Fixed16MB,1024.00,32,1.6345,11312.59,1.6345,2.5361,2.8965,2.8965,2.8966,0.00,4401.37,0.01,0
2026-08-18T07:36:01Z,Orbax-Checkpoint-Write,Smart-DynamicChunk,1024.00,32,0.8400,17876.87,0.8400,1.4735,1.8329,1.8329,1.8330,0.00,4401.37,0.01,0
2026-08-18T07:36:01Z,DataLoader-Streaming,Static-NoPrefetch,4.00,1,0.1362,470.04,0.0085,0.0085,0.0085,0.1362,0.1362,35.25,4401.37,64.00,1
2026-08-18T07:36:02Z,DataLoader-Streaming,Smart-Prefetch-Depth1,4.00,1,0.0984,650.47,0.0061,0.0061,0.0061,0.0984,0.0984,11.39,4401.37,80.01,0
2026-08-18T07:36:02Z,DataLoader-Streaming,Smart-Prefetch-Depth2,4.00,1,0.0974,656.86,0.0061,0.0061,0.0061,0.0974,0.0974,10.22,4401.37,88.01,1
2026-08-18T07:36:02Z,DataLoader-Streaming,Static-NoPrefetch,4.00,1,0.2969,215.54,0.0186,0.0186,0.0186,0.2969,0.2969,16.17,4401.37,64.00,1
2026-08-18T07:36:02Z,DataLoader-Streaming,Smart-Prefetch-Depth1,4.00,1,0.2576,248.46,0.0161,0.0161,0.0161,0.2576,0.2576,3.46,4401.37,84.01,1
2026-08-18T07:36:03Z,DataLoader-Streaming,Smart-Prefetch-Depth2,4.00,1,0.2559,250.11,0.0160,0.0160,0.0160,0.2559,0.2559,3.70,4401.37,84.01,1
2026-08-18T07:36:03Z,DataLoader-Streaming,Static-NoPrefetch,4.00,1,0.5365,119.29,0.0335,0.0335,0.0335,0.5365,0.5365,8.95,4401.37,64.00,1
2026-08-18T07:36:04Z,DataLoader-Streaming,Smart-Prefetch-Depth1,4.00,1,0.4964,128.92,0.0310,0.0310,0.0310,0.4964,0.4964,1.89,4401.37,80.01,1
2026-08-18T07:36:04Z,DataLoader-Streaming,Smart-Prefetch-Depth2,4.00,1,0.4992,128.21,0.0312,0.0312,0.0312,0.4992,0.4992,1.91,4401.37,88.01,1
2026-08-18T07:36:04Z,DataLoader-Streaming,Static-NoPrefetch,16.00,1,0.2479,1032.85,0.0155,0.0155,0.0155,0.2479,0.2479,64.55,4401.37,256.00,1
2026-08-18T07:36:05Z,DataLoader-Streaming,Smart-Prefetch-Depth1,16.00,1,0.2037,1256.67,0.0127,0.0127,0.0127,0.2037,0.2037,57.12,4401.37,304.01,1
2026-08-18T07:36:05Z,DataLoader-Streaming,Smart-Prefetch-Depth2,16.00,1,0.1233,2076.48,0.0077,0.0077,0.0077,0.1233,0.1233,27.17,4401.37,336.01,1
2026-08-18T07:36:05Z,DataLoader-Streaming,Static-NoPrefetch,16.00,1,0.4081,627.31,0.0255,0.0255,0.0255,0.4081,0.4081,39.21,4401.37,256.00,1
2026-08-18T07:36:05Z,DataLoader-Streaming,Smart-Prefetch-Depth1,16.00,1,0.2828,905.24,0.0177,0.0177,0.0177,0.2828,0.2828,11.20,4401.37,336.01,1
2026-08-18T07:36:06Z,DataLoader-Streaming,Smart-Prefetch-Depth2,16.00,1,0.2831,904.12,0.0177,0.0177,0.0177,0.2831,0.2831,12.07,4401.37,336.01,1
2026-08-18T07:36:06Z,DataLoader-Streaming,Static-NoPrefetch,16.00,1,0.6483,394.86,0.0405,0.0405,0.0405,0.6483,0.6483,24.68,4401.37,256.00,1
2026-08-18T07:36:07Z,DataLoader-Streaming,Smart-Prefetch-Depth1,16.00,1,0.5252,487.39,0.0328,0.0328,0.0328,0.5252,0.5252,6.29,4401.37,336.01,1
2026-08-18T07:36:08Z,DataLoader-Streaming,Smart-Prefetch-Depth2,16.00,1,0.5214,490.95,0.0326,0.0326,0.0326,0.5214,0.5214,5.69,4401.37,352.01,1
2026-08-18T07:36:08Z,DataLoader-Streaming,Static-NoPrefetch,64.00,1,0.7453,1373.90,0.0466,0.0466,0.0466,0.7453,0.7453,88.02,4401.37,1024.00,1
2026-08-18T07:36:09Z,DataLoader-Streaming,Smart-Prefetch-Depth1,64.00,1,0.7603,1346.88,0.0475,0.0475,0.0475,0.7603,0.7603,87.84,4401.37,1216.01,1
2026-08-18T07:36:10Z,DataLoader-Streaming,Smart-Prefetch-Depth2,64.00,1,0.4207,2434.20,0.0263,0.0263,0.0263,0.4207,0.4207,78.33,4401.37,1408.01,1
2026-08-18T07:36:11Z,DataLoader-Streaming,Static-NoPrefetch,64.00,1,0.9067,1129.37,0.0567,0.0567,0.0567,0.9067,0.9067,72.35,4401.37,1024.00,1
2026-08-18T07:36:11Z,DataLoader-Streaming,Smart-Prefetch-Depth1,64.00,1,0.7675,1334.28,0.0480,0.0480,0.0480,0.7675,0.7675,67.30,4401.37,1216.01,0
2026-08-18T07:36:12Z,DataLoader-Streaming,Smart-Prefetch-Depth2,64.00,1,0.4221,2425.73,0.0264,0.0264,0.0264,0.4221,0.4221,39.24,4401.37,1344.01,1
2026-08-18T07:36:13Z,DataLoader-Streaming,Static-NoPrefetch,64.00,1,1.1444,894.82,0.0715,0.0715,0.0715,1.1444,1.1444,57.32,4401.37,1024.00,1
2026-08-18T07:36:14Z,DataLoader-Streaming,Smart-Prefetch-Depth1,64.00,1,0.7996,1280.67,0.0500,0.0500,0.0500,0.7996,0.7996,38.69,4401.37,1344.01,1
2026-08-18T07:36:15Z,DataLoader-Streaming,Smart-Prefetch-Depth2,64.00,1,0.6125,1671.79,0.0383,0.0383,0.0383,0.6125,0.6125,19.03,4401.37,1344.01,1
2026-08-18T07:36:15Z,Columnar-Parquet-Scan,Static-OnDemand,128.00,1,0.3302,121.13,0.3302,0.3302,0.3302,0.3302,0.3302,0.00,4401.37,128.00,0
2026-08-18T07:36:16Z,Columnar-Parquet-Scan,Smart-RangePrefetch,128.00,1,0.3498,114.37,0.3498,0.3498,0.3498,0.3498,0.3498,0.00,4401.37,179.05,0
2026-08-18T07:36:16Z,Columnar-Parquet-Scan,Static-OnDemand,512.00,1,0.3315,120.67,0.3315,0.3315,0.3315,0.3315,0.3315,0.00,4401.37,512.00,0
2026-08-18T07:36:16Z,Columnar-Parquet-Scan,Smart-RangePrefetch,512.00,1,0.3434,116.47,0.3434,0.3434,0.3434,0.3434,0.3434,0.00,4401.37,555.05,1
2026-08-18T07:36:17Z,Memory-Guardrail-Soak,Unbounded-Alloc,4.00,100,0.2842,28150.88,0.2842,0.2842,0.2842,0.2842,0.2842,0.00,4401.37,8000.02,38
2026-08-18T07:36:17Z,Memory-Guardrail-Soak,MemoryGuardrail-SlabPool,4.00,100,0.0517,40910.48,0.0517,0.0517,0.0517,0.0517,0.0517,0.00,4401.37,72.04,2
2026-08-18T07:36:17Z,Orbax-Checkpoint-Write,Static-Fixed16MB,64.00,8,0.0534,9578.15,0.0534,0.0534,0.0534,0.0534,0.0535,0.00,4401.37,0.00,0
2026-08-18T07:36:17Z,Orbax-Checkpoint-Write,Smart-DynamicChunk,64.00,8,0.0527,9702.29,0.0527,0.0527,0.0527,0.0527,0.0528,0.00,4401.37,0.00,0
2026-08-18T07:36:17Z,Orbax-Checkpoint-Write,Static-Fixed16MB,64.00,16,0.0531,1551.67,0.0531,0.4070,0.6599,0.6599,0.6599,0.00,4401.37,0.00,0
2026-08-18T07:36:17Z,Orbax-Checkpoint-Write,Smart-DynamicChunk,64.00,16,0.0525,19448.81,0.0525,0.0526,0.0526,0.0526,0.0527,0.00,4401.37,0.00,0
2026-08-18T07:36:18Z,Orbax-Checkpoint-Write,Static-Fixed16MB,64.00,32,0.0531,2533.93,0.0531,0.0531,0.8082,0.8082,0.8082,0.00,4401.37,0.01,0
2026-08-18T07:36:19Z,Orbax-Checkpoint-Write,Smart-DynamicChunk,64.00,32,0.0528,3065.40,0.0528,0.0528,0.6680,0.6680,0.6681,0.00,4401.37,0.01,0
2026-08-18T07:36:20Z,Orbax-Checkpoint-Write,Static-Fixed16MB,256.00,8,0.2123,2925.95,0.2123,0.6999,0.6999,0.6999,0.6999,0.00,4401.37,0.00,0
2026-08-18T07:36:21Z,Orbax-Checkpoint-Write,Smart-DynamicChunk,256.00,8,0.2094,1250.81,0.2094,1.6373,1.6373,1.6373,1.6373,0.00,4401.37,0.00,0
2026-08-18T07:36:23Z,Orbax-Checkpoint-Write,Static-Fixed16MB,256.00,16,0.5589,2578.11,0.5589,1.3052,1.5887,1.5887,1.5888,0.00,4401.37,0.00,0
2026-08-18T07:36:24Z,Orbax-Checkpoint-Write,Smart-DynamicChunk,256.00,16,0.2092,2548.58,0.2092,0.8827,1.6071,1.6071,1.6072,0.00,4401.37,0.00,0
2026-08-18T07:36:25Z,Orbax-Checkpoint-Write,Static-Fixed16MB,256.00,32,0.2133,9385.65,0.2133,0.6242,0.8727,0.8727,0.8728,0.00,4401.37,0.01,0
2026-08-18T07:36:26Z,Orbax-Checkpoint-Write,Smart-DynamicChunk,256.00,32,0.2096,8970.26,0.2096,0.6676,0.9132,0.9132,0.9132,0.00,4401.37,0.01,0
2026-08-18T07:36:28Z,Orbax-Checkpoint-Write,Static-Fixed16MB,512.00,8,0.4254,2482.92,0.4254,1.6496,1.6496,1.6496,1.6497,0.00,4401.37,0.00,0
2026-08-18T07:36:29Z,Orbax-Checkpoint-Write,Smart-DynamicChunk,512.00,8,0.4185,4082.24,0.4185,1.0033,1.0033,1.0033,1.0034,0.00,4401.37,0.00,0
2026-08-18T07:36:32Z,Orbax-Checkpoint-Write,Static-Fixed16MB,512.00,16,0.4243,2613.26,0.4243,2.0298,3.1347,3.1347,3.1348,0.00,4401.37,0.00,0
2026-08-18T07:36:34Z,Orbax-Checkpoint-Write,Smart-DynamicChunk,512.00,16,0.4184,4843.74,0.4184,1.1550,1.6912,1.6912,1.6913,0.00,4401.37,0.00,0
2026-08-18T07:36:35Z,Orbax-Checkpoint-Write,Static-Fixed16MB,512.00,32,0.4263,10773.15,0.4263,1.1427,1.5207,1.5207,1.5208,0.00,4401.37,0.01,0
2026-08-18T07:36:36Z,Orbax-Checkpoint-Write,Smart-DynamicChunk,512.00,32,0.4186,14387.20,0.4186,0.8725,1.1387,1.1387,1.1388,0.00,4401.37,0.01,0
2026-08-18T07:36:39Z,Orbax-Checkpoint-Write,Static-Fixed16MB,1024.00,8,1.3961,2847.88,1.3961,2.8765,2.8765,2.8765,2.8765,0.00,4401.37,0.00,0
2026-08-18T07:36:41Z,Orbax-Checkpoint-Write,Smart-DynamicChunk,1024.00,8,0.8367,5212.75,0.8367,1.5715,1.5715,1.5715,1.5715,0.00,4401.37,0.00,0
2026-08-18T07:36:43Z,Orbax-Checkpoint-Write,Static-Fixed16MB,1024.00,16,1.3036,6947.37,1.3036,2.2136,2.3582,2.3582,2.3583,0.00,4401.37,0.00,0
2026-08-18T07:36:45Z,Orbax-Checkpoint-Write,Smart-DynamicChunk,1024.00,16,0.8391,7843.27,0.8391,1.4931,2.0889,2.0889,2.0889,0.00,4401.37,0.00,0
2026-08-18T07:36:48Z,Orbax-Checkpoint-Write,Static-Fixed16MB,1024.00,32,1.5261,10531.69,1.5261,2.6459,3.1112,3.1112,3.1114,0.00,4401.37,0.01,0
2026-08-18T07:36:50Z,Orbax-Checkpoint-Write,Smart-DynamicChunk,1024.00,32,0.8418,18054.96,0.8418,1.5308,1.8148,1.8148,1.8149,0.00,4401.37,0.01,0
2026-08-18T07:36:50Z,DataLoader-Streaming,Static-NoPrefetch,4.00,1,0.1365,469.01,0.0085,0.0085,0.0085,0.1365,0.1365,35.18,4401.37,64.00,1
2026-08-18T07:36:50Z,DataLoader-Streaming,Smart-Prefetch-Depth1,4.00,1,0.0960,666.54,0.0060,0.0060,0.0060,0.0960,0.0960,9.63,4401.37,84.01,0
2026-08-18T07:36:51Z,DataLoader-Streaming,Smart-Prefetch-Depth2,4.00,1,0.0989,647.29,0.0062,0.0062,0.0062,0.0989,0.0989,10.31,4401.37,92.01,1
2026-08-18T07:36:51Z,DataLoader-Streaming,Static-NoPrefetch,4.00,1,0.2968,215.63,0.0185,0.0185,0.0185,0.2968,0.2968,16.17,4401.37,64.00,1
2026-08-18T07:36:51Z,DataLoader-Streaming,Smart-Prefetch-Depth1,4.00,1,0.2567,249.32,0.0160,0.0160,0.0160,0.2567,0.2567,3.73,4401.37,84.01,1
2026-08-18T07:36:51Z,DataLoader-Streaming,Smart-Prefetch-Depth2,4.00,1,0.2559,250.11,0.0160,0.0160,0.0160,0.2559,0.2559,3.44,4401.37,84.01,1
2026-08-18T07:36:52Z,DataLoader-Streaming,Static-NoPrefetch,4.00,1,0.5363,119.34,0.0335,0.0335,0.0335,0.5363,0.5363,8.95,4401.37,64.00,1
2026-08-18T07:36:52Z,DataLoader-Streaming,Smart-Prefetch-Depth1,4.00,1,0.4972,128.71,0.0311,0.0311,0.0311,0.4972,0.4972,1.92,4401.37,84.01,1
2026-08-18T07:36:53Z,DataLoader-Streaming,Smart-Prefetch-Depth2,4.00,1,0.4993,128.17,0.0312,0.0312,0.0312,0.4993,0.4993,2.28,4401.37,88.01,1
2026-08-18T07:36:53Z,DataLoader-Streaming,Static-NoPrefetch,16.00,1,0.2477,1033.71,0.0155,0.0155,0.0155,0.2477,0.2477,64.61,4401.37,256.00,1
2026-08-18T07:36:53Z,DataLoader-Streaming,Smart-Prefetch-Depth1,16.00,1,0.1991,1285.91,0.0124,0.0124,0.0124,0.1991,0.1991,56.75,4401.37,320.01,1
2026-08-18T07:36:54Z,DataLoader-Streaming,Smart-Prefetch-Depth2,16.00,1,0.1233,2075.99,0.0077,0.0077,0.0077,0.1233,0.1233,27.40,4401.37,352.01,1
2026-08-18T07:36:54Z,DataLoader-Streaming,Static-NoPrefetch,16.00,1,0.4080,627.39,0.0255,0.0255,0.0255,0.4080,0.4080,39.21,4401.37,256.00,1
2026-08-18T07:36:54Z,DataLoader-Streaming,Smart-Prefetch-Depth1,16.00,1,0.2810,911.18,0.0176,0.0176,0.0176,0.2810,0.2810,10.42,4401.37,336.01,1
2026-08-18T07:36:55Z,DataLoader-Streaming,Smart-Prefetch-Depth2,16.00,1,0.2827,905.65,0.0177,0.0177,0.0177,0.2827,0.2827,10.58,4401.37,368.01,1
2026-08-18T07:36:55Z,DataLoader-Streaming,Static-NoPrefetch,16.00,1,0.6496,394.12,0.0406,0.0406,0.0406,0.6496,0.6496,24.63,4401.37,256.00,0
2026-08-18T07:36:56Z,DataLoader-Streaming,Smart-Prefetch-Depth1,16.00,1,0.5236,488.97,0.0327,0.0327,0.0327,0.5236,0.5236,5.81,4401.37,336.01,1
2026-08-18T07:36:56Z,DataLoader-Streaming,Smart-Prefetch-Depth2,16.00,1,0.5209,491.43,0.0326,0.0326,0.0326,0.5209,0.5209,5.66,4401.37,352.01,1
2026-08-18T07:36:57Z,DataLoader-Streaming,Static-NoPrefetch,64.00,1,0.7457,1373.18,0.0466,0.0466,0.0466,0.7457,0.7457,87.97,4401.37,1024.00,1
2026-08-18T07:36:58Z,DataLoader-Streaming,Smart-Prefetch-Depth1,64.00,1,0.7639,1340.46,0.0477,0.0477,0.0477,0.7639,0.7639,88.56,4401.37,1216.01,1
2026-08-18T07:36:59Z,DataLoader-Streaming,Smart-Prefetch-Depth2,64.00,1,0.4147,2469.02,0.0259,0.0259,0.0259,0.4147,0.4147,77.69,4401.37,1408.01,1
2026-08-18T07:37:00Z,DataLoader-Streaming,Static-NoPrefetch,64.00,1,0.9048,1131.80,0.0565,0.0565,0.0565,0.9048,0.9048,72.51,4401.37,1024.00,0
2026-08-18T07:37:01Z,DataLoader-Streaming,Smart-Prefetch-Depth1,64.00,1,0.7695,1330.76,0.0481,0.0481,0.0481,0.7695,0.7695,67.23,4401.37,1216.01,1
2026-08-18T07:37:01Z,DataLoader-Streaming,Smart-Prefetch-Depth2,64.00,1,0.4315,2373.39,0.0270,0.0270,0.0270,0.4315,0.4315,42.86,4401.37,1408.01,1
2026-08-18T07:37:02Z,DataLoader-Streaming,Static-NoPrefetch,64.00,1,1.1449,894.43,0.0716,0.0716,0.0716,1.1449,1.1449,57.30,4401.37,1024.00,0
2026-08-18T07:37:03Z,DataLoader-Streaming,Smart-Prefetch-Depth1,64.00,1,0.7815,1310.23,0.0488,0.0488,0.0488,0.7815,0.7815,37.22,4401.37,1216.01,1
2026-08-18T07:37:04Z,DataLoader-Streaming,Smart-Prefetch-Depth2,64.00,1,0.6222,1645.67,0.0389,0.0389,0.0389,0.6222,0.6222,21.10,4401.37,1408.01,1
2026-08-18T07:37:04Z,Columnar-Parquet-Scan,Static-OnDemand,128.00,1,0.3314,120.70,0.3314,0.3314,0.3314,0.3314,0.3314,0.00,4401.37,128.00,0
2026-08-18T07:37:05Z,Columnar-Parquet-Scan,Smart-RangePrefetch,128.00,1,0.3484,114.81,0.3484,0.3484,0.3484,0.3484,0.3484,0.00,4401.37,173.05,0
2026-08-18T07:37:05Z,Columnar-Parquet-Scan,Static-OnDemand,512.00,1,0.3306,121.01,0.3306,0.3306,0.3306,0.3306,0.3306,0.00,4401.37,512.00,0
2026-08-18T07:37:06Z,Columnar-Parquet-Scan,Smart-RangePrefetch,512.00,1,0.3444,116.13,0.3444,0.3444,0.3444,0.3444,0.3444,0.00,4401.37,562.05,1
2026-08-18T07:37:06Z,Memory-Guardrail-Soak,Unbounded-Alloc,4.00,100,0.2903,27557.51,0.2903,0.2903,0.2903,0.2903,0.2903,0.00,4401.37,8000.02,38
2026-08-18T07:37:06Z,Memory-Guardrail-Soak,MemoryGuardrail-SlabPool,4.00,100,0.0496,44221.14,0.0496,0.0496,0.0496,0.0496,0.0496,0.00,4401.37,68.04,2
2026-08-18T07:37:07Z,Orbax-Checkpoint-Write,Static-Fixed16MB,64.00,8,0.0545,392.35,0.0545,1.3049,1.3049,1.3049,1.3050,0.00,4401.37,0.00,0
2026-08-18T07:37:07Z,Orbax-Checkpoint-Write,Smart-DynamicChunk,64.00,8,0.0525,9744.36,0.0525,0.0525,0.0525,0.0525,0.0525,0.00,4401.37,0.00,0
2026-08-18T07:37:07Z,Orbax-Checkpoint-Write,Static-Fixed16MB,64.00,16,0.0528,19351.95,0.0528,0.0529,0.0529,0.0529,0.0529,0.00,4401.37,0.00,0
2026-08-18T07:37:07Z,Orbax-Checkpoint-Write,Smart-DynamicChunk,64.00,16,0.0525,19461.31,0.0525,0.0525,0.0526,0.0526,0.0526,0.00,4401.37,0.00,0
2026-08-18T07:37:08Z,Orbax-Checkpoint-Write,Static-Fixed16MB,64.00,32,0.0531,2926.29,0.0531,0.0532,0.6998,0.6998,0.6999,0.00,4401.37,0.01,0
2026-08-18T07:37:09Z,Orbax-Checkpoint-Write,Smart-DynamicChunk,64.00,32,0.0527,2974.65,0.0527,0.0527,0.6884,0.6884,0.6885,0.00,4401.37,0.01,0
2026-08-18T07:37:10Z,Orbax-Checkpoint-Write,Static-Fixed16MB,256.00,8,0.2122,2151.73,0.2122,0.9517,0.9517,0.9517,0.9518,0.00,4401.37,0.00,0
2026-08-18T07:37:10Z,Orbax-Checkpoint-Write,Smart-DynamicChunk,256.00,8,0.2093,2889.96,0.2093,0.7086,0.7086,0.7086,0.7087,0.00,4401.37,0.00,0
2026-08-18T07:37:11Z,Orbax-Checkpoint-Write,Static-Fixed16MB,256.00,16,0.2133,4094.03,0.2133,0.8912,1.0004,1.0004,1.0005,0.00,4401.37,0.00,0
2026-08-18T07:37:12Z,Orbax-Checkpoint-Write,Smart-DynamicChunk,256.00,16,0.2096,4599.20,0.2096,0.2096,0.8905,0.8905,0.8906,0.00,4401.37,0.00,0
2026-08-18T07:37:14Z,Orbax-Checkpoint-Write,Static-Fixed16MB,256.00,32,0.2123,6564.28,0.2123,0.9143,1.2479,1.2479,1.2480,0.00,4401.37,0.01,0
2026-08-18T07:37:14Z,Orbax-Checkpoint-Write,Smart-DynamicChunk,256.00,32,0.2093,9902.07,0.2093,0.2093,0.8272,0.8272,0.8273,0.00,4401.37,0.01,0
2026-08-18T07:37:16Z,Orbax-Checkpoint-Write,Static-Fixed16MB,512.00,8,0.9296,2734.21,0.9296,1.4980,1.4980,1.4980,1.4981,0.00,4401.37,0.00,0
2026-08-18T07:37:16Z,Orbax-Checkpoint-Write,Smart-DynamicChunk,512.00,8,0.4216,9714.55,0.4216,0.4216,0.4216,0.4216,0.4216,0.00,4401.37,0.00,0
2026-08-18T07:37:18Z,Orbax-Checkpoint-Write,Static-Fixed16MB,512.00,16,0.9345,5008.84,0.9345,1.3596,1.6355,1.6355,1.6355,0.00,4401.37,0.00,0
2026-08-18T07:37:19Z,Orbax-Checkpoint-Write,Smart-DynamicChunk,512.00,16,0.4185,6856.08,0.4185,0.9212,1.1948,1.1948,1.1949,0.00,4401.37,0.00,0
2026-08-18T07:37:21Z,Orbax-Checkpoint-Write,Static-Fixed16MB,512.00,32,0.4349,7609.08,0.4349,1.4198,2.1532,2.1532,2.1532,0.00,4401.37,0.01,0
2026-08-18T07:37:22Z,Orbax-Checkpoint-Write,Smart-DynamicChunk,512.00,32,0.4186,15102.82,0.4186,0.7736,1.0847,1.0847,1.0848,0.00,4401.37,0.01,0
2026-08-18T07:37:25Z,Orbax-Checkpoint-Write,Static-Fixed16MB,1024.00,8,1.4343,3038.09,1.4343,2.6964,2.6964,2.6964,2.6964,0.00,4401.37,0.00,0
2026-08-18T07:37:27Z,Orbax-Checkpoint-Write,Smart-DynamicChunk,1024.00,8,0.8374,5466.82,0.8374,1.4984,1.4984,1.4984,1.4985,0.00,4401.37,0.00,0
2026-08-18T07:37:29Z,Orbax-Checkpoint-Write,Static-Fixed16MB,1024.00,16,1.2485,5941.43,1.2485,2.7025,2.7575,2.7575,2.7576,0.00,4401.37,0.00,0
2026-08-18T07:37:31Z,Orbax-Checkpoint-Write,Smart-DynamicChunk,1024.00,16,0.8402,7635.54,0.8402,1.5611,2.1457,2.1457,2.1458,0.00,4401.37,0.00,0
2026-08-18T07:37:34Z,Orbax-Checkpoint-Write,Static-Fixed16MB,1024.00,32,1.6408,10926.79,1.6408,2.4707,2.9988,2.9988,2.9989,0.00,4401.37,0.01,0
2026-08-18T07:37:36Z,Orbax-Checkpoint-Write,Smart-DynamicChunk,1024.00,32,0.8379,20389.65,0.8379,1.5152,1.6070,1.6070,1.6071,0.00,4401.37,0.01,0
2026-08-18T07:37:36Z,DataLoader-Streaming,Static-NoPrefetch,4.00,1,0.1359,471.09,0.0085,0.0085,0.0085,0.1359,0.1359,35.33,4401.37,64.00,1
2026-08-18T07:37:36Z,DataLoader-Streaming,Smart-Prefetch-Depth1,4.00,1,0.0964,663.91,0.0060,0.0060,0.0060,0.0964,0.0964,9.29,4401.37,80.01,0
2026-08-18T07:37:36Z,DataLoader-Streaming,Smart-Prefetch-Depth2,4.00,1,0.0969,660.36,0.0061,0.0061,0.0061,0.0969,0.0969,9.74,4401.37,92.01,1
2026-08-18T07:37:37Z,DataLoader-Streaming,Static-NoPrefetch,4.00,1,0.2967,215.70,0.0185,0.0185,0.0185,0.2967,0.2967,16.18,4401.37,64.00,1
2026-08-18T07:37:37Z,DataLoader-Streaming,Smart-Prefetch-Depth1,4.00,1,0.2586,247.50,0.0162,0.0162,0.0162,0.2586,0.2586,4.36,4401.37,92.01,1
2026-08-18T07:37:37Z,DataLoader-Streaming,Smart-Prefetch-Depth2,4.00,1,0.2571,248.96,0.0161,0.0161,0.0161,0.2571,0.2571,3.74,4401.37,88.01,1
2026-08-18T07:37:38Z,DataLoader-Streaming,Static-NoPrefetch,4.00,1,0.5412,118.26,0.0338,0.0338,0.0338,0.5412,0.5412,8.87,4401.37,64.00,0
2026-08-18T07:37:38Z,DataLoader-Streaming,Smart-Prefetch-Depth1,4.00,1,0.4978,128.57,0.0311,0.0311,0.0311,0.4978,0.4978,1.87,4401.37,84.01,1
2026-08-18T07:37:39Z,DataLoader-Streaming,Smart-Prefetch-Depth2,4.00,1,0.4979,128.53,0.0311,0.0311,0.0311,0.4979,0.4979,2.18,4401.37,88.01,1
2026-08-18T07:37:39Z,DataLoader-Streaming,Static-NoPrefetch,16.00,1,0.2484,1030.41,0.0155,0.0155,0.0155,0.2484,0.2484,64.40,4401.37,256.00,1
2026-08-18T07:37:39Z,DataLoader-Streaming,Smart-Prefetch-Depth1,16.00,1,0.1999,1280.91,0.0125,0.0125,0.0125,0.1999,0.1999,56.32,4401.37,304.01,1
2026-08-18T07:37:39Z,DataLoader-Streaming,Smart-Prefetch-Depth2,16.00,1,0.1234,2074.64,0.0077,0.0077,0.0077,0.1234,0.1234,27.81,4401.37,336.01,1
2026-08-18T07:37:40Z,DataLoader-Streaming,Static-NoPrefetch,16.00,1,0.4098,624.73,0.0256,0.0256,0.0256,0.4098,0.4098,39.05,4401.37,256.00,0
2026-08-18T07:37:40Z,DataLoader-Streaming,Smart-Prefetch-Depth1,16.00,1,0.2819,908.10,0.0176,0.0176,0.0176,0.2819,0.2819,10.80,4401.37,336.01,1
2026-08-18T07:37:40Z,DataLoader-Streaming,Smart-Prefetch-Depth2,16.00,1,0.2825,906.16,0.0177,0.0177,0.0177,0.2825,0.2825,10.86,4401.37,352.01,1
2026-08-18T07:37:41Z,DataLoader-Streaming,Static-NoPrefetch,16.00,1,0.6482,394.92,0.0405,0.0405,0.0405,0.6482,0.6482,24.68,4401.37,256.00,1
2026-08-18T07:37:42Z,DataLoader-Streaming,Smart-Prefetch-Depth1,16.00,1,0.5241,488.45,0.0328,0.0328,0.0328,0.5241,0.5241,5.98,4401.37,368.01,1
2026-08-18T07:37:42Z,DataLoader-Streaming,Smart-Prefetch-Depth2,16.00,1,0.5224,490.02,0.0327,0.0327,0.0327,0.5224,0.5224,5.78,4401.37,352.01,1
2026-08-18T07:37:43Z,DataLoader-Streaming,Static-NoPrefetch,64.00,1,0.7440,1376.28,0.0465,0.0465,0.0465,0.7440,0.7440,88.17,4401.37,1024.00,1
2026-08-18T07:37:44Z,DataLoader-Streaming,Smart-Prefetch-Depth1,64.00,1,0.7576,1351.60,0.0474,0.0474,0.0474,0.7576,0.7576,87.91,4401.37,1216.01,1
2026-08-18T07:37:44Z,DataLoader-Streaming,Smart-Prefetch-Depth2,64.00,1,0.4013,2551.79,0.0251,0.0251,0.0251,0.4013,0.4013,77.16,4401.37,1408.01,1
2026-08-18T07:37:45Z,DataLoader-Streaming,Static-NoPrefetch,64.00,1,0.9044,1132.22,0.0565,0.0565,0.0565,0.9044,0.9044,72.53,4401.37,1024.00,0
2026-08-18T07:37:46Z,DataLoader-Streaming,Smart-Prefetch-Depth1,64.00,1,0.7528,1360.20,0.0471,0.0471,0.0471,0.7528,0.7528,67.29,4401.37,1216.01,1
2026-08-18T07:37:47Z,DataLoader-Streaming,Smart-Prefetch-Depth2,64.00,1,0.4287,2388.63,0.0268,0.0268,0.0268,0.4287,0.4287,40.57,4401.37,1408.01,1
2026-08-18T07:37:48Z,DataLoader-Streaming,Static-NoPrefetch,64.00,1,1.1439,895.15,0.0715,0.0715,0.0715,1.1439,1.1439,57.35,4401.37,1024.00,0
2026-08-18T07:37:49Z,DataLoader-Streaming,Smart-Prefetch-Depth1,64.00,1,0.7632,1341.77,0.0477,0.0477,0.0477,0.7632,0.7632,35.71,5426.43,1216.01,1
2026-08-18T07:37:49Z,DataLoader-Streaming,Smart-Prefetch-Depth2,64.00,1,0.6175,1658.36,0.0386,0.0386,0.0386,0.6175,0.6175,19.50,5426.43,1408.01,1
2026-08-18T07:37:50Z,Columnar-Parquet-Scan,Static-OnDemand,128.00,1,0.3313,120.72,0.3313,0.3313,0.3313,0.3313,0.3313,0.00,5426.43,128.00,0
2026-08-18T07:37:50Z,Columnar-Parquet-Scan,Smart-RangePrefetch,128.00,1,0.3458,115.68,0.3458,0.3458,0.3458,0.3458,0.3458,0.00,5426.43,171.05,0
2026-08-18T07:37:50Z,Columnar-Parquet-Scan,Static-OnDemand,512.00,1,0.3297,121.32,0.3297,0.3297,0.3297,0.3297,0.3297,0.00,5426.43,512.00,0
2026-08-18T07:37:51Z,Columnar-Parquet-Scan,Smart-RangePrefetch,512.00,1,0.3481,114.91,0.3481,0.3481,0.3481,0.3481,0.3481,0.00,5426.43,565.05,1
2026-08-18T07:37:51Z,Memory-Guardrail-Soak,Unbounded-Alloc,4.00,100,0.2684,29802.38,0.2684,0.2684,0.2684,0.2684,0.2684,0.00,5426.43,8000.02,40
2026-08-18T07:37:51Z,Memory-Guardrail-Soak,MemoryGuardrail-SlabPool,4.00,100,0.0482,46966.80,0.0482,0.0482,0.0482,0.0482,0.0482,0.00,5426.43,72.04,1
2026-08-18T07:37:52Z,Orbax-Checkpoint-Write,Static-Fixed16MB,64.00,8,0.0544,873.84,0.0544,0.5859,0.5859,0.5859,0.5859,0.00,5426.43,0.00,0
2026-08-18T07:37:52Z,Orbax-Checkpoint-Write,Smart-DynamicChunk,64.00,8,0.0527,9705.78,0.0527,0.0527,0.0527,0.0527,0.0528,0.00,5426.43,0.00,0
2026-08-18T07:37:52Z,Orbax-Checkpoint-Write,Static-Fixed16MB,64.00,16,0.0531,1278.31,0.0531,0.4578,0.8010,0.8010,0.8011,0.00,5426.43,0.00,0
2026-08-18T07:37:53Z,Orbax-Checkpoint-Write,Smart-DynamicChunk,64.00,16,0.0529,19339.35,0.0529,0.0529,0.0529,0.0529,0.0529,0.00,5426.43,0.00,0
2026-08-18T07:37:53Z,Orbax-Checkpoint-Write,Static-Fixed16MB,64.00,32,0.0534,3282.12,0.0534,0.0535,0.6239,0.6239,0.6240,0.00,5426.43,0.01,0
2026-08-18T07:37:54Z,Orbax-Checkpoint-Write,Smart-DynamicChunk,64.00,32,0.0527,4350.55,0.0527,0.0527,0.4707,0.4707,0.4707,0.00,5426.43,0.01,0
2026-08-18T07:37:55Z,Orbax-Checkpoint-Write,Static-Fixed16MB,256.00,8,0.2123,2190.80,0.2123,0.9348,0.9348,0.9348,0.9348,0.00,5426.43,0.00,0
2026-08-18T07:37:55Z,Orbax-Checkpoint-Write,Smart-DynamicChunk,256.00,8,0.2098,3423.26,0.2098,0.5982,0.5982,0.5982,0.5983,0.00,5426.43,0.00,0
2026-08-18T07:37:57Z,Orbax-Checkpoint-Write,Static-Fixed16MB,256.00,16,0.2124,2973.91,0.2124,1.2123,1.3773,1.3773,1.3773,0.00,5426.43,0.00,0
2026-08-18T07:37:57Z,Orbax-Checkpoint-Write,Smart-DynamicChunk,256.00,16,0.2093,19567.65,0.2093,0.2093,0.2093,0.2093,0.2093,0.00,5426.43,0.00,0
2026-08-18T07:37:58Z,Orbax-Checkpoint-Write,Static-Fixed16MB,256.00,32,0.2126,7727.13,0.2126,0.8600,1.0601,1.0601,1.0602,0.00,5426.43,0.01,0
2026-08-18T07:37:59Z,Orbax-Checkpoint-Write,Smart-DynamicChunk,256.00,32,0.2105,9980.69,0.2105,0.6263,0.8207,0.8207,0.8208,0.00,5426.43,0.01,0
2026-08-18T07:38:00Z,Orbax-Checkpoint-Write,Static-Fixed16MB,512.00,8,0.4248,4245.67,0.4248,0.9647,0.9647,0.9647,0.9647,0.00,5426.43,0.00,0
2026-08-18T07:38:00Z,Orbax-Checkpoint-Write,Smart-DynamicChunk,512.00,8,0.4188,5008.59,0.4188,0.8178,0.8178,0.8178,0.8178,0.00,5426.43,0.00,0
2026-08-18T07:38:02Z,Orbax-Checkpoint-Write,Static-Fixed16MB,512.00,16,0.4263,5213.35,0.4263,1.2225,1.5713,1.5713,1.5714,0.00,5426.43,0.00,0
2026-08-18T07:38:03Z,Orbax-Checkpoint-Write,Smart-DynamicChunk,512.00,16,0.4185,6975.75,0.4185,1.0485,1.1743,1.1743,1.1744,0.00,5426.43,0.00,0
2026-08-18T07:38:06Z,Orbax-Checkpoint-Write,Static-Fixed16MB,512.00,32,0.7407,6202.86,0.7407,1.1690,2.6413,2.6413,2.6414,0.00,5426.43,0.01,0
2026-08-18T07:38:07Z,Orbax-Checkpoint-Write,Smart-DynamicChunk,512.00,32,0.4187,13658.42,0.4187,1.0308,1.1995,1.1995,1.1996,0.00,5426.43,0.01,0
2026-08-18T07:38:11Z,Orbax-Checkpoint-Write,Static-Fixed16MB,1024.00,8,2.0647,2271.76,2.0647,3.6060,3.6060,3.6060,3.6060,0.00,5426.43,0.00,0
2026-08-18T07:38:12Z,Orbax-Checkpoint-Write,Smart-DynamicChunk,1024.00,8,0.8362,5503.24,0.8362,1.4885,1.4885,1.4885,1.4886,0.00,5426.43,0.00,0
2026-08-18T07:38:15Z,Orbax-Checkpoint-Write,Static-Fixed16MB,1024.00,16,1.6288,5537.02,1.6288,2.4816,2.9589,2.9589,2.9590,0.00,5426.43,0.00,0
2026-08-18T07:38:16Z,Orbax-Checkpoint-Write,Smart-DynamicChunk,1024.00,16,0.8401,11940.67,0.8401,1.2663,1.3721,1.3721,1.3721,0.00,5426.43,0.00,0
2026-08-18T07:38:19Z,Orbax-Checkpoint-Write,Static-Fixed16MB,1024.00,32,1.5795,14086.13,1.5795,2.0957,2.3262,2.3262,2.3263,0.00,5426.43,0.01,0
2026-08-18T07:38:21Z,Orbax-Checkpoint-Write,Smart-DynamicChunk,1024.00,32,0.8377,16225.04,0.8377,1.4748,2.0195,2.0195,2.0196,0.00,5426.43,0.01,0
2026-08-18T07:38:21Z,DataLoader-Streaming,Static-NoPrefetch,4.00,1,0.1364,469.31,0.0085,0.0085,0.0085,0.1364,0.1364,35.20,5426.43,64.00,1
2026-08-18T07:38:21Z,DataLoader-Streaming,Smart-Prefetch-Depth1,4.00,1,0.0952,671.98,0.0060,0.0060,0.0060,0.0952,0.0952,9.13,5426.43,80.01,0
2026-08-18T07:38:21Z,DataLoader-Streaming,Smart-Prefetch-Depth2,4.00,1,0.0960,666.51,0.0060,0.0060,0.0060,0.0960,0.0960,8.40,5426.43,88.01,1
2026-08-18T07:38:21Z,DataLoader-Streaming,Static-NoPrefetch,4.00,1,0.2957,216.44,0.0185,0.0185,0.0185,0.2957,0.2957,16.23,5426.43,64.00,1
2026-08-18T07:38:22Z,DataLoader-Streaming,Smart-Prefetch-Depth1,4.00,1,0.2596,246.50,0.0162,0.0162,0.0162,0.2596,0.2596,3.56,5426.43,84.01,1
2026-08-18T07:38:22Z,DataLoader-Streaming,Smart-Prefetch-Depth2,4.00,1,0.2551,250.85,0.0159,0.0159,0.0159,0.2551,0.2551,3.52,5426.43,84.01,1
2026-08-18T07:38:23Z,DataLoader-Streaming,Static-NoPrefetch,4.00,1,0.5362,119.35,0.0335,0.0335,0.0335,0.5362,0.5362,8.95,5426.43,64.00,1
2026-08-18T07:38:23Z,DataLoader-Streaming,Smart-Prefetch-Depth1,4.00,1,0.4972,128.72,0.0311,0.0311,0.0311,0.4972,0.4972,1.89,5426.43,80.01,1
2026-08-18T07:38:24Z,DataLoader-Streaming,Smart-Prefetch-Depth2,4.00,1,0.4967,128.85,0.0310,0.0310,0.0310,0.4967,0.4967,1.76,5426.43,88.01,1
2026-08-18T07:38:24Z,DataLoader-Streaming,Static-NoPrefetch,16.00,1,0.2488,1028.94,0.0155,0.0155,0.0155,0.2488,0.2488,64.31,5426.43,256.00,1
2026-08-18T07:38:24Z,DataLoader-Streaming,Smart-Prefetch-Depth1,16.00,1,0.1999,1280.82,0.0125,0.0125,0.0125,0.1999,0.1999,56.09,5426.43,304.01,1
2026-08-18T07:38:24Z,DataLoader-Streaming,Smart-Prefetch-Depth2,16.00,1,0.1178,2172.75,0.0074,0.0074,0.0074,0.1178,0.1178,24.14,5426.43,352.01,1
2026-08-18T07:38:25Z,DataLoader-Streaming,Static-NoPrefetch,16.00,1,0.4120,621.42,0.0257,0.0257,0.0257,0.4120,0.4120,38.84,5426.43,256.00,1
2026-08-18T07:38:25Z,DataLoader-Streaming,Smart-Prefetch-Depth1,16.00,1,0.2807,912.15,0.0175,0.0175,0.0175,0.2807,0.2807,10.36,5426.43,336.01,1
2026-08-18T07:38:25Z,DataLoader-Streaming,Smart-Prefetch-Depth2,16.00,1,0.2808,911.53,0.0176,0.0176,0.0176,0.2808,0.2808,10.33,5426.43,352.01,1
2026-08-18T07:38:26Z,DataLoader-Streaming,Static-NoPrefetch,16.00,1,0.6490,394.45,0.0406,0.0406,0.0406,0.6490,0.6490,24.65,5426.43,256.00,1
2026-08-18T07:38:26Z,DataLoader-Streaming,Smart-Prefetch-Depth1,16.00,1,0.5211,491.26,0.0326,0.0326,0.0326,0.5211,0.5211,5.81,5426.43,336.01,1
2026-08-18T07:38:27Z,DataLoader-Streaming,Smart-Prefetch-Depth2,16.00,1,0.5242,488.34,0.0328,0.0328,0.0328,0.5242,0.5242,6.20,5426.43,352.01,1
2026-08-18T07:38:28Z,DataLoader-Streaming,Static-NoPrefetch,64.00,1,0.7467,1371.37,0.0467,0.0467,0.0467,0.7467,0.7467,87.85,5426.43,1024.00,1
2026-08-18T07:38:29Z,DataLoader-Streaming,Smart-Prefetch-Depth1,64.00,1,0.7721,1326.17,0.0483,0.0483,0.0483,0.7721,0.7721,88.06,5426.43,1216.01,1
2026-08-18T07:38:29Z,DataLoader-Streaming,Smart-Prefetch-Depth2,64.00,1,0.4156,2463.71,0.0260,0.0260,0.0260,0.4156,0.4156,77.92,5426.43,1408.01,1
2026-08-18T07:38:30Z,DataLoader-Streaming,Static-NoPrefetch,64.00,1,0.9041,1132.58,0.0565,0.0565,0.0565,0.9041,0.9041,72.56,5426.43,1024.00,1
2026-08-18T07:38:31Z,DataLoader-Streaming,Smart-Prefetch-Depth1,64.00,1,0.7701,1329.72,0.0481,0.0481,0.0481,0.7701,0.7701,67.43,5426.43,1216.01,0
2026-08-18T07:38:31Z,DataLoader-Streaming,Smart-Prefetch-Depth2,64.00,1,0.4211,2431.58,0.0263,0.0263,0.0263,0.4211,0.4211,39.49,5426.43,1408.01,1
2026-08-18T07:38:33Z,DataLoader-Streaming,Static-NoPrefetch,64.00,1,1.1459,893.61,0.0716,0.0716,0.0716,1.1459,1.1459,57.25,5426.43,1024.00,1
2026-08-18T07:38:34Z,DataLoader-Streaming,Smart-Prefetch-Depth1,64.00,1,0.7740,1322.95,0.0484,0.0484,0.0484,0.7740,0.7740,36.49,5426.43,1216.01,0
2026-08-18T07:38:34Z,DataLoader-Streaming,Smart-Prefetch-Depth2,64.00,1,0.6097,1679.52,0.0381,0.0381,0.0381,0.6097,0.6097,18.66,5426.43,1344.01,1
2026-08-18T07:38:35Z,Columnar-Parquet-Scan,Static-OnDemand,128.00,1,0.3304,121.06,0.3304,0.3304,0.3304,0.3304,0.3304,0.00,5426.43,128.00,0
2026-08-18T07:38:35Z,Columnar-Parquet-Scan,Smart-RangePrefetch,128.00,1,0.3468,115.34,0.3468,0.3468,0.3468,0.3468,0.3468,0.00,5426.43,173.05,0
2026-08-18T07:38:35Z,Columnar-Parquet-Scan,Static-OnDemand,512.00,1,0.3318,120.54,0.3318,0.3318,0.3318,0.3318,0.3318,0.00,5426.43,512.00,1
2026-08-18T07:38:36Z,Columnar-Parquet-Scan,Smart-RangePrefetch,512.00,1,0.3458,115.67,0.3458,0.3458,0.3458,0.3458,0.3458,0.00,5426.43,564.05,0
2026-08-18T07:38:36Z,Memory-Guardrail-Soak,Unbounded-Alloc,4.00,100,0.2399,33349.25,0.2399,0.2399,0.2399,0.2399,0.2399,0.00,5426.43,8000.02,32
2026-08-18T07:38:36Z,Memory-Guardrail-Soak,MemoryGuardrail-SlabPool,4.00,100,0.0483,44891.94,0.0483,0.0483,0.0483,0.0483,0.0483,0.00,5426.43,72.04,2
2026-08-18T07:38:36Z,Orbax-Checkpoint-Write,Static-Fixed16MB,64.00,8,0.0544,1362.05,0.0544,0.3759,0.3759,0.3759,0.3759,0.00,5426.43,0.00,0
2026-08-18T07:38:36Z,Orbax-Checkpoint-Write,Smart-DynamicChunk,64.00,8,0.0525,9738.90,0.0525,0.0525,0.0525,0.0525,0.0526,0.00,5426.43,0.00,0
2026-08-18T07:38:37Z,Orbax-Checkpoint-Write,Static-Fixed16MB,64.00,16,0.0532,1888.51,0.0532,0.0532,0.5422,0.5422,0.5422,0.00,5426.43,0.00,0
2026-08-18T07:38:38Z,Orbax-Checkpoint-Write,Smart-DynamicChunk,64.00,16,0.0525,835.07,0.0525,0.7565,1.2262,1.2262,1.2262,0.00,5426.43,0.00,0
2026-08-18T07:38:39Z,Orbax-Checkpoint-Write,Static-Fixed16MB,64.00,32,0.0531,2429.96,0.0531,0.0531,0.8427,0.8427,0.8428,0.00,5426.43,0.01,0
2026-08-18T07:38:40Z,Orbax-Checkpoint-Write,Smart-DynamicChunk,64.00,32,0.0526,1474.59,0.0526,0.0526,1.3888,1.3888,1.3889,0.00,5426.43,0.01,0
2026-08-18T07:38:42Z,Orbax-Checkpoint-Write,Static-Fixed16MB,256.00,8,0.9186,1580.93,0.9186,1.2954,1.2954,1.2954,1.2954,0.00,5426.43,0.00,0
2026-08-18T07:38:42Z,Orbax-Checkpoint-Write,Smart-DynamicChunk,256.00,8,0.2093,2737.81,0.2093,0.7480,0.7480,0.7480,0.7480,0.00,5426.43,0.00,0
2026-08-18T07:38:43Z,Orbax-Checkpoint-Write,Static-Fixed16MB,256.00,16,0.2127,4253.75,0.2127,0.8181,0.9629,0.9629,0.9629,0.00,5426.43,0.00,0
2026-08-18T07:38:44Z,Orbax-Checkpoint-Write,Smart-DynamicChunk,256.00,16,0.2094,19555.95,0.2094,0.2094,0.2094,0.2094,0.2095,0.00,5426.43,0.00,0
2026-08-18T07:38:45Z,Orbax-Checkpoint-Write,Static-Fixed16MB,256.00,32,0.2121,6944.11,0.2121,0.9467,1.1796,1.1796,1.1797,0.00,5426.43,0.01,0
2026-08-18T07:38:46Z,Orbax-Checkpoint-Write,Smart-DynamicChunk,256.00,32,0.2095,9027.67,0.2095,0.5211,0.9073,0.9073,0.9074,0.00,5426.43,0.01,0
2026-08-18T07:38:47Z,Orbax-Checkpoint-Write,Static-Fixed16MB,512.00,8,0.4266,2739.10,0.4266,1.4953,1.4953,1.4953,1.4954,0.00,5426.43,0.00,0
2026-08-18T07:38:48Z,Orbax-Checkpoint-Write,Smart-DynamicChunk,512.00,8,0.4191,9771.58,0.4191,0.4191,0.4191,0.4191,0.4192,0.00,5426.43,0.00,0
2026-08-18T07:38:49Z,Orbax-Checkpoint-Write,Static-Fixed16MB,512.00,16,0.8864,5073.76,0.8864,1.1914,1.6145,1.6145,1.6146,0.00,5426.43,0.00,0
2026-08-18T07:38:50Z,Orbax-Checkpoint-Write,Smart-DynamicChunk,512.00,16,0.4185,6583.34,0.4185,0.4186,1.2443,1.2443,1.2444,0.00,5426.43,0.00,0
2026-08-18T07:38:52Z,Orbax-Checkpoint-Write,Static-Fixed16MB,512.00,32,0.4423,9552.67,0.4423,1.0503,1.7150,1.7150,1.7151,0.00,5426.43,0.01,0
2026-08-18T07:38:53Z,Orbax-Checkpoint-Write,Smart-DynamicChunk,512.00,32,0.4186,14881.87,0.4186,0.8777,1.1009,1.1009,1.1009,0.00,5426.43,0.01,0
2026-08-18T07:38:56Z,Orbax-Checkpoint-Write,Static-Fixed16MB,1024.00,8,1.4148,3006.98,1.4148,2.7243,2.7243,2.7243,2.7243,0.00,5426.43,0.00,0
2026-08-18T07:38:57Z,Orbax-Checkpoint-Write,Smart-DynamicChunk,1024.00,8,0.8366,9791.17,0.8366,0.8366,0.8366,0.8366,0.8367,0.00,5426.43,0.00,0
2026-08-18T07:38:59Z,Orbax-Checkpoint-Write,Static-Fixed16MB,1024.00,16,1.4374,7149.27,1.4374,2.1388,2.2916,2.2916,2.2917,0.00,5426.43,0.00,0
2026-08-18T07:39:01Z,Orbax-Checkpoint-Write,Smart-DynamicChunk,1024.00,16,0.8405,11138.44,0.8405,1.3905,1.4709,1.4709,1.4709,0.00,5426.43,0.00,0
2026-08-18T07:39:03Z,Orbax-Checkpoint-Write,Static-Fixed16MB,1024.00,32,1.4723,11589.29,1.4723,2.3084,2.8274,2.8274,2.8274,0.00,5426.43,0.01,0
2026-08-18T07:39:06Z,Orbax-Checkpoint-Write,Smart-DynamicChunk,1024.00,32,0.8406,11929.19,0.8406,1.6334,2.7467,2.7467,2.7469,0.00,5426.43,0.01,0
2026-08-18T07:39:06Z,DataLoader-Streaming,Static-NoPrefetch,4.00,1,0.1353,472.87,0.0085,0.0085,0.0085,0.1353,0.1353,35.47,5426.43,64.00,1
2026-08-18T07:39:06Z,DataLoader-Streaming,Smart-Prefetch-Depth1,4.00,1,0.0946,676.77,0.0059,0.0059,0.0059,0.0946,0.0946,8.70,5426.43,80.01,0
2026-08-18T07:39:07Z,DataLoader-Streaming,Smart-Prefetch-Depth2,4.00,1,0.1004,637.53,0.0063,0.0063,0.0063,0.1004,0.1004,9.80,5426.43,88.01,1
2026-08-18T07:39:07Z,DataLoader-Streaming,Static-NoPrefetch,4.00,1,0.2968,215.60,0.0186,0.0186,0.0186,0.2968,0.2968,16.17,5426.43,64.00,1
2026-08-18T07:39:07Z,DataLoader-Streaming,Smart-Prefetch-Depth1,4.00,1,0.2587,247.41,0.0162,0.0162,0.0162,0.2587,0.2587,3.52,5426.43,84.01,1
2026-08-18T07:39:07Z,DataLoader-Streaming,Smart-Prefetch-Depth2,4.00,1,0.2566,249.43,0.0160,0.0160,0.0160,0.2566,0.2566,3.60,5426.43,84.01,1
2026-08-18T07:39:08Z,DataLoader-Streaming,Static-NoPrefetch,4.00,1,0.5372,119.14,0.0336,0.0336,0.0336,0.5372,0.5372,8.94,5426.43,64.00,1
2026-08-18T07:39:08Z,DataLoader-Streaming,Smart-Prefetch-Depth1,4.00,1,0.4963,128.96,0.0310,0.0310,0.0310,0.4963,0.4963,1.78,5426.43,80.01,1
2026-08-18T07:39:09Z,DataLoader-Streaming,Smart-Prefetch-Depth2,4.00,1,0.4970,128.77,0.0311,0.0311,0.0311,0.4970,0.4970,1.95,5426.43,88.01,1
2026-08-18T07:39:09Z,DataLoader-Streaming,Static-NoPrefetch,16.00,1,0.2476,1034.10,0.0155,0.0155,0.0155,0.2476,0.2476,64.63,5426.43,256.00,1
2026-08-18T07:39:09Z,DataLoader-Streaming,Smart-Prefetch-Depth1,16.00,1,0.1969,1299.94,0.0123,0.0123,0.0123,0.1969,0.1969,55.95,5426.43,304.01,1
2026-08-18T07:39:10Z,DataLoader-Streaming,Smart-Prefetch-Depth2,16.00,1,0.1227,2085.82,0.0077,0.0077,0.0077,0.1227,0.1227,25.80,5426.43,352.01,1
2026-08-18T07:39:10Z,DataLoader-Streaming,Static-NoPrefetch,16.00,1,0.4086,626.60,0.0255,0.0255,0.0255,0.4086,0.4086,39.16,5426.43,256.00,1
2026-08-18T07:39:10Z,DataLoader-Streaming,Smart-Prefetch-Depth1,16.00,1,0.2806,912.23,0.0175,0.0175,0.0175,0.2806,0.2806,10.46,5426.43,336.01,1
2026-08-18T07:39:11Z,DataLoader-Streaming,Smart-Prefetch-Depth2,16.00,1,0.2828,905.38,0.0177,0.0177,0.0177,0.2828,0.2828,10.78,5426.43,368.01,1
2026-08-18T07:39:11Z,DataLoader-Streaming,Static-NoPrefetch,16.00,1,0.6486,394.69,0.0405,0.0405,0.0405,0.6486,0.6486,24.67,5426.43,256.00,0
2026-08-18T07:39:12Z,DataLoader-Streaming,Smart-Prefetch-Depth1,16.00,1,0.5230,489.51,0.0327,0.0327,0.0327,0.5230,0.5230,5.93,5426.43,320.01,1
2026-08-18T07:39:12Z,DataLoader-Streaming,Smart-Prefetch-Depth2,16.00,1,0.5241,488.45,0.0328,0.0328,0.0328,0.5241,0.5241,6.42,5426.43,352.01,1
2026-08-18T07:39:13Z,DataLoader-Streaming,Static-NoPrefetch,64.00,1,0.7447,1375.14,0.0465,0.0465,0.0465,0.7447,0.7447,88.09,5426.43,1024.00,1
2026-08-18T07:39:14Z,DataLoader-Streaming,Smart-Prefetch-Depth1,64.00,1,0.7709,1328.36,0.0482,0.0482,0.0482,0.7709,0.7709,88.69,5426.43,1280.01,1
2026-08-18T07:39:15Z,DataLoader-Streaming,Smart-Prefetch-Depth2,64.00,1,0.4267,2400.07,0.0267,0.0267,0.0267,0.4267,0.4267,78.34,5426.43,1408.01,1
2026-08-18T07:39:16Z,DataLoader-Streaming,Static-NoPrefetch,64.00,1,0.9052,1131.28,0.0566,0.0566,0.0566,0.9052,0.9052,72.47,5426.43,1024.00,1
2026-08-18T07:39:16Z,DataLoader-Streaming,Smart-Prefetch-Depth1,64.00,1,0.7625,1342.88,0.0477,0.0477,0.0477,0.7625,0.7625,67.01,5426.43,1216.01,0
2026-08-18T07:39:17Z,DataLoader-Streaming,Smart-Prefetch-Depth2,64.00,1,0.4390,2332.74,0.0274,0.0274,0.0274,0.4390,0.4390,42.34,5426.43,1408.01,1
2026-08-18T07:39:18Z,DataLoader-Streaming,Static-NoPrefetch,64.00,1,1.1449,894.39,0.0716,0.0716,0.0716,1.1449,1.1449,57.30,5426.43,1024.00,1
2026-08-18T07:39:19Z,DataLoader-Streaming,Smart-Prefetch-Depth1,64.00,1,0.8000,1279.97,0.0500,0.0500,0.0500,0.8000,0.8000,38.43,5426.43,1280.01,0
2026-08-18T07:39:20Z,DataLoader-Streaming,Smart-Prefetch-Depth2,64.00,1,0.6117,1673.96,0.0382,0.0382,0.0382,0.6117,0.6117,19.28,5426.43,1344.01,1
2026-08-18T07:39:20Z,Columnar-Parquet-Scan,Static-OnDemand,128.00,1,0.3296,121.37,0.3296,0.3296,0.3296,0.3296,0.3296,0.00,5426.43,128.00,0
2026-08-18T07:39:20Z,Columnar-Parquet-Scan,Smart-RangePrefetch,128.00,1,0.3474,115.14,0.3474,0.3474,0.3474,0.3474,0.3474,0.00,5426.43,174.05,0
2026-08-18T07:39:21Z,Columnar-Parquet-Scan,Static-OnDemand,512.00,1,0.3304,121.05,0.3304,0.3304,0.3304,0.3304,0.3304,0.00,5426.43,512.00,0
2026-08-18T07:39:21Z,Columnar-Parquet-Scan,Smart-RangePrefetch,512.00,1,0.3439,116.30,0.3439,0.3439,0.3439,0.3439,0.3439,0.00,5426.43,560.05,1
2026-08-18T07:39:21Z,Memory-Guardrail-Soak,Unbounded-Alloc,4.00,100,0.2400,33333.86,0.2400,0.2400,0.2400,0.2400,0.2400,0.00,5426.43,8000.02,31
2026-08-18T07:39:21Z,Memory-Guardrail-Soak,MemoryGuardrail-SlabPool,4.00,100,0.0473,46741.36,0.0473,0.0473,0.0473,0.0473,0.0473,0.00,5426.43,72.04,1
2026-08-18T07:39:22Z,Orbax-Checkpoint-Write,Static-Fixed16MB,64.00,8,0.0540,786.08,0.0540,0.6513,0.6513,0.6513,0.6513,0.00,5426.43,0.00,0
2026-08-18T07:39:22Z,Orbax-Checkpoint-Write,Smart-DynamicChunk,64.00,8,0.0524,9762.78,0.0524,0.0524,0.0524,0.0524,0.0524,0.00,5426.43,0.00,0
2026-08-18T07:39:23Z,Orbax-Checkpoint-Write,Static-Fixed16MB,64.00,16,0.0531,1207.74,0.0531,0.4341,0.8478,0.8478,0.8479,0.00,5426.43,0.00,0
2026-08-18T07:39:23Z,Orbax-Checkpoint-Write,Smart-DynamicChunk,64.00,16,0.0525,2034.67,0.0525,0.0525,0.5032,0.5032,0.5033,0.00,5426.43,0.00,0
2026-08-18T07:39:24Z,Orbax-Checkpoint-Write,Static-Fixed16MB,64.00,32,0.0534,4288.07,0.0534,0.0534,0.4775,0.4775,0.4776,0.00,5426.43,0.01,0
2026-08-18T07:39:24Z,Orbax-Checkpoint-Write,Smart-DynamicChunk,64.00,32,0.0526,38913.55,0.0526,0.0526,0.0526,0.0526,0.0526,0.00,5426.43,0.01,0
2026-08-18T07:39:25Z,Orbax-Checkpoint-Write,Static-Fixed16MB,256.00,8,0.2119,2233.85,0.2119,0.9168,0.9168,0.9168,0.9168,0.00,5426.43,0.00,0
2026-08-18T07:39:26Z,Orbax-Checkpoint-Write,Smart-DynamicChunk,256.00,8,0.2093,3070.05,0.2093,0.6671,0.6671,0.6671,0.6671,0.00,5426.43,0.00,0
2026-08-18T07:39:26Z,Orbax-Checkpoint-Write,Static-Fixed16MB,256.00,16,0.2204,5188.61,0.2204,0.7515,0.7894,0.7894,0.7894,0.00,5426.43,0.00,0
2026-08-18T07:39:27Z,Orbax-Checkpoint-Write,Smart-DynamicChunk,256.00,16,0.2096,4282.30,0.2096,0.2096,0.9564,0.9564,0.9565,0.00,5426.43,0.00,0
2026-08-18T07:39:29Z,Orbax-Checkpoint-Write,Static-Fixed16MB,256.00,32,0.2230,4429.85,0.2230,0.9621,1.8491,1.8491,1.8493,0.00,5426.43,0.01,0
2026-08-18T07:39:30Z,Orbax-Checkpoint-Write,Smart-DynamicChunk,256.00,32,0.2097,8386.20,0.2097,0.2097,0.9768,0.9768,0.9768,0.00,5426.43,0.01,0
2026-08-18T07:39:31Z,Orbax-Checkpoint-Write,Static-Fixed16MB,512.00,8,0.4308,3479.27,0.4308,1.1772,1.1772,1.1772,1.1773,0.00,5426.43,0.00,0
2026-08-18T07:39:33Z,Orbax-Checkpoint-Write,Smart-DynamicChunk,512.00,8,0.8600,3506.03,0.8600,1.1682,1.1682,1.1682,1.1683,0.00,5426.43,0.00,0
2026-08-18T07:39:35Z,Orbax-Checkpoint-Write,Static-Fixed16MB,512.00,16,0.8280,3280.42,0.8280,1.8898,2.4972,2.4972,2.4972,0.00,5426.43,0.00,0
2026-08-18T07:39:35Z,Orbax-Checkpoint-Write,Smart-DynamicChunk,512.00,16,0.4187,19564.22,0.4187,0.4187,0.4187,0.4187,0.4187,0.00,5426.43,0.00,0
2026-08-18T07:39:37Z,Orbax-Checkpoint-Write,Static-Fixed16MB,512.00,32,0.8827,8509.37,0.8827,1.2217,1.9253,1.9253,1.9254,0.00,5426.43,0.01,0
2026-08-18T07:39:39Z,Orbax-Checkpoint-Write,Smart-DynamicChunk,512.00,32,0.4187,14314.46,0.4187,0.8772,1.1445,1.1445,1.1446,0.00,5426.43,0.01,0
2026-08-18T07:39:41Z,Orbax-Checkpoint-Write,Static-Fixed16MB,1024.00,8,1.6234,3682.03,1.6234,2.2248,2.2248,2.2248,2.2249,0.00,5426.43,0.00,0
2026-08-18T07:39:42Z,Orbax-Checkpoint-Write,Smart-DynamicChunk,1024.00,8,0.8391,5861.39,0.8391,1.3976,1.3976,1.3976,1.3976,0.00,5426.43,0.00,0
2026-08-18T07:39:46Z,Orbax-Checkpoint-Write,Static-Fixed16MB,1024.00,16,1.7090,4805.45,1.7090,2.6926,3.4094,3.4094,3.4095,0.00,5426.43,0.00,0
2026-08-18T07:39:47Z,Orbax-Checkpoint-Write,Smart-DynamicChunk,1024.00,16,0.8390,9065.64,0.8390,1.5930,1.8072,1.8072,1.8073,0.00,5426.43,0.00,0
2026-08-18T07:39:50Z,Orbax-Checkpoint-Write,Static-Fixed16MB,1024.00,32,1.2955,12611.47,1.2955,2.1589,2.5982,2.5982,2.5983,0.00,5426.43,0.01,0
2026-08-18T07:39:52Z,Orbax-Checkpoint-Write,Smart-DynamicChunk,1024.00,32,0.8394,19967.65,0.8394,1.5454,1.6410,1.6410,1.6411,0.00,5426.43,0.01,0
2026-08-18T07:39:52Z,DataLoader-Streaming,Static-NoPrefetch,4.00,1,0.1367,468.31,0.0085,0.0085,0.0085,0.1367,0.1367,35.12,5426.43,64.00,1
2026-08-18T07:39:52Z,DataLoader-Streaming,Smart-Prefetch-Depth1,4.00,1,0.0959,667.64,0.0060,0.0060,0.0060,0.0959,0.0959,9.54,5426.43,80.01,0
2026-08-18T07:39:52Z,DataLoader-Streaming,Smart-Prefetch-Depth2,4.00,1,0.0973,657.99,0.0061,0.0061,0.0061,0.0973,0.0973,9.14,5426.43,84.01,1
2026-08-18T07:39:52Z,DataLoader-Streaming,Static-NoPrefetch,4.00,1,0.2966,215.76,0.0185,0.0185,0.0185,0.2966,0.2966,16.18,5426.43,64.00,1
2026-08-18T07:39:52Z,DataLoader-Streaming,Smart-Prefetch-Depth1,4.00,1,0.2573,248.75,0.0161,0.0161,0.0161,0.2573,0.2573,3.54,5426.43,84.01,1
2026-08-18T07:39:53Z,DataLoader-Streaming,Smart-Prefetch-Depth2,4.00,1,0.2556,250.39,0.0160,0.0160,0.0160,0.2556,0.2556,3.50,5426.43,88.01,1
2026-08-18T07:39:53Z,DataLoader-Streaming,Static-NoPrefetch,4.00,1,0.5352,119.57,0.0335,0.0335,0.0335,0.5352,0.5352,8.97,5426.43,64.00,1
2026-08-18T07:39:54Z,DataLoader-Streaming,Smart-Prefetch-Depth1,4.00,1,0.4982,128.46,0.0311,0.0311,0.0311,0.4982,0.4982,1.99,5426.43,80.01,1
2026-08-18T07:39:54Z,DataLoader-Streaming,Smart-Prefetch-Depth2,4.00,1,0.4975,128.64,0.0311,0.0311,0.0311,0.4975,0.4975,1.76,5426.43,88.01,1
2026-08-18T07:39:55Z,DataLoader-Streaming,Static-NoPrefetch,16.00,1,0.2495,1025.91,0.0156,0.0156,0.0156,0.2495,0.2495,64.12,5426.43,256.00,1
2026-08-18T07:39:55Z,DataLoader-Streaming,Smart-Prefetch-Depth1,16.00,1,0.1993,1284.53,0.0125,0.0125,0.0125,0.1993,0.1993,55.95,5426.43,304.01,1
2026-08-18T07:39:55Z,DataLoader-Streaming,Smart-Prefetch-Depth2,16.00,1,0.1184,2161.69,0.0074,0.0074,0.0074,0.1184,0.1184,24.33,5426.43,352.01,1
2026-08-18T07:39:55Z,DataLoader-Streaming,Static-NoPrefetch,16.00,1,0.4081,627.32,0.0255,0.0255,0.0255,0.4081,0.4081,39.21,5426.43,256.00,1
2026-08-18T07:39:56Z,DataLoader-Streaming,Smart-Prefetch-Depth1,16.00,1,0.2830,904.45,0.0177,0.0177,0.0177,0.2830,0.2830,11.08,5426.43,336.01,1
2026-08-18T07:39:56Z,DataLoader-Streaming,Smart-Prefetch-Depth2,16.00,1,0.2818,908.35,0.0176,0.0176,0.0176,0.2818,0.2818,10.72,5426.43,368.01,1
2026-08-18T07:39:57Z,DataLoader-Streaming,Static-NoPrefetch,16.00,1,0.6486,394.67,0.0405,0.0405,0.0405,0.6486,0.6486,24.67,5426.43,256.00,0
2026-08-18T07:39:57Z,DataLoader-Streaming,Smart-Prefetch-Depth1,16.00,1,0.5224,490.04,0.0327,0.0327,0.0327,0.5224,0.5224,5.80,5426.43,320.01,1
2026-08-18T07:39:58Z,DataLoader-Streaming,Smart-Prefetch-Depth2,16.00,1,0.5275,485.33,0.0330,0.0330,0.0330,0.5275,0.5275,6.48,5426.43,352.01,1
2026-08-18T07:39:59Z,DataLoader-Streaming,Static-NoPrefetch,64.00,1,0.7442,1375.97,0.0465,0.0465,0.0465,0.7442,0.7442,88.15,5426.43,1024.00,1
2026-08-18T07:39:59Z,DataLoader-Streaming,Smart-Prefetch-Depth1,64.00,1,0.7531,1359.73,0.0471,0.0471,0.0471,0.7531,0.7531,88.75,5426.43,1216.01,1
2026-08-18T07:40:00Z,DataLoader-Streaming,Smart-Prefetch-Depth2,64.00,1,0.4085,2506.88,0.0255,0.0255,0.0255,0.4085,0.4085,76.61,5426.43,1344.01,1
2026-08-18T07:40:01Z,DataLoader-Streaming,Static-NoPrefetch,64.00,1,0.9048,1131.75,0.0565,0.0565,0.0565,0.9048,0.9048,72.50,5426.43,1024.00,0
2026-08-18T07:40:02Z,DataLoader-Streaming,Smart-Prefetch-Depth1,64.00,1,0.7832,1307.47,0.0489,0.0489,0.0489,0.7832,0.7832,67.60,5426.43,1216.01,1
2026-08-18T07:40:02Z,DataLoader-Streaming,Smart-Prefetch-Depth2,64.00,1,0.4354,2351.76,0.0272,0.0272,0.0272,0.4354,0.4354,42.99,5426.43,1408.01,1
2026-08-18T07:40:04Z,DataLoader-Streaming,Static-NoPrefetch,64.00,1,1.1441,895.02,0.0715,0.0715,0.0715,1.1441,1.1441,57.34,5426.43,1024.00,1
2026-08-18T07:40:04Z,DataLoader-Streaming,Smart-Prefetch-Depth1,64.00,1,0.7825,1308.62,0.0489,0.0489,0.0489,0.7825,0.7825,37.28,5426.43,1216.01,0
2026-08-18T07:40:05Z,DataLoader-Streaming,Smart-Prefetch-Depth2,64.00,1,0.6254,1637.47,0.0391,0.0391,0.0391,0.6254,0.6254,20.45,5426.43,1408.01,1
2026-08-18T07:40:05Z,Columnar-Parquet-Scan,Static-OnDemand,128.00,1,0.3306,120.97,0.3306,0.3306,0.3306,0.3306,0.3306,0.00,5426.43,128.00,0
2026-08-18T07:40:06Z,Columnar-Parquet-Scan,Smart-RangePrefetch,128.00,1,0.3511,113.92,0.3511,0.3511,0.3511,0.3511,0.3511,0.00,5426.43,177.05,0
2026-08-18T07:40:06Z,Columnar-Parquet-Scan,Static-OnDemand,512.00,1,0.3314,120.71,0.3314,0.3314,0.3314,0.3314,0.3314,0.00,5426.43,512.00,1
2026-08-18T07:40:07Z,Columnar-Parquet-Scan,Smart-RangePrefetch,512.00,1,0.3459,115.63,0.3459,0.3459,0.3459,0.3459,0.3459,0.00,5426.43,558.05,0
2026-08-18T07:40:07Z,Memory-Guardrail-Soak,Unbounded-Alloc,4.00,100,0.2843,28143.68,0.2843,0.2843,0.2843,0.2843,0.2843,0.00,5426.43,8000.02,35
2026-08-18T07:40:07Z,Memory-Guardrail-Soak,MemoryGuardrail-SlabPool,4.00,100,0.0514,44795.40,0.0514,0.0514,0.0514,0.0514,0.0514,0.00,5426.43,72.04,1
2026-08-18T07:40:08Z,Orbax-Checkpoint-Write,Static-Fixed16MB,64.00,8,0.0542,691.49,0.0542,0.7404,0.7404,0.7404,0.7404,0.00,5426.43,0.00,0
2026-08-18T07:40:08Z,Orbax-Checkpoint-Write,Smart-DynamicChunk,64.00,8,0.0527,9706.21,0.0527,0.0527,0.0527,0.0527,0.0527,0.00,5426.43,0.00,0
2026-08-18T07:40:08Z,Orbax-Checkpoint-Write,Static-Fixed16MB,64.00,16,0.0534,1221.87,0.0534,0.5521,0.8380,0.8380,0.8381,0.00,5426.43,0.00,0
2026-08-18T07:40:09Z,Orbax-Checkpoint-Write,Smart-DynamicChunk,64.00,16,0.0527,2355.45,0.0527,0.0528,0.4347,0.4347,0.4347,0.00,5426.43,0.00,0
2026-08-18T07:40:09Z,Orbax-Checkpoint-Write,Static-Fixed16MB,64.00,32,0.0533,3685.76,0.0533,0.0533,0.5555,0.5555,0.5557,0.00,5426.43,0.01,0
2026-08-18T07:40:10Z,Orbax-Checkpoint-Write,Smart-DynamicChunk,64.00,32,0.0528,3390.99,0.0528,0.0528,0.6039,0.6039,0.6040,0.00,5426.43,0.01,0
2026-08-18T07:40:11Z,Orbax-Checkpoint-Write,Static-Fixed16MB,256.00,8,0.2123,2569.02,0.2123,0.7972,0.7972,0.7972,0.7972,0.00,5426.43,0.00,0
2026-08-18T07:40:11Z,Orbax-Checkpoint-Write,Smart-DynamicChunk,256.00,8,0.2095,9770.95,0.2095,0.2096,0.2096,0.2096,0.2096,0.00,5426.43,0.00,0
2026-08-18T07:40:12Z,Orbax-Checkpoint-Write,Static-Fixed16MB,256.00,16,0.2126,4438.74,0.2126,0.7684,0.9227,0.9227,0.9228,0.00,5426.43,0.00,0
2026-08-18T07:40:13Z,Orbax-Checkpoint-Write,Smart-DynamicChunk,256.00,16,0.2096,6039.59,0.2096,0.5350,0.6782,0.6782,0.6782,0.00,5426.43,0.00,0
2026-08-18T07:40:14Z,Orbax-Checkpoint-Write,Static-Fixed16MB,256.00,32,0.2124,7858.90,0.2124,0.6654,1.0423,1.0423,1.0424,0.00,5426.43,0.01,0
2026-08-18T07:40:15Z,Orbax-Checkpoint-Write,Smart-DynamicChunk,256.00,32,0.2095,8144.64,0.2095,0.2096,1.0057,1.0057,1.0058,0.00,5426.43,0.01,0
2026-08-18T07:40:16Z,Orbax-Checkpoint-Write,Static-Fixed16MB,512.00,8,0.4252,2431.15,0.4252,1.6848,1.6848,1.6848,1.6848,0.00,5426.43,0.00,0
2026-08-18T07:40:17Z,Orbax-Checkpoint-Write,Smart-DynamicChunk,512.00,8,0.4184,4109.78,0.4184,0.9966,0.9966,0.9966,0.9966,0.00,5426.43,0.00,0
2026-08-18T07:40:19Z,Orbax-Checkpoint-Write,Static-Fixed16MB,512.00,16,0.8868,7067.55,0.8868,1.1517,1.1591,1.1591,1.1591,0.00,5426.43,0.00,0
2026-08-18T07:40:20Z,Orbax-Checkpoint-Write,Smart-DynamicChunk,512.00,16,0.4187,7286.52,0.4187,0.9913,1.1242,1.1242,1.1243,0.00,5426.43,0.00,0
2026-08-18T07:40:22Z,Orbax-Checkpoint-Write,Static-Fixed16MB,512.00,32,0.7396,7157.74,0.7396,1.2494,2.2889,2.2889,2.2890,0.00,5426.43,0.01,0
2026-08-18T07:40:23Z,Orbax-Checkpoint-Write,Smart-DynamicChunk,512.00,32,0.4219,13572.22,0.4219,1.1193,1.2071,1.2071,1.2072,0.00,5426.43,0.01,0
2026-08-18T07:40:26Z,Orbax-Checkpoint-Write,Static-Fixed16MB,1024.00,8,1.7460,2821.69,1.7460,2.9032,2.9032,2.9032,2.9032,0.00,5426.43,0.00,0
2026-08-18T07:40:28Z,Orbax-Checkpoint-Write,Smart-DynamicChunk,1024.00,8,0.8365,5088.34,0.8365,1.6099,1.6099,1.6099,1.6100,0.00,5426.43,0.00,0
2026-08-18T07:40:30Z,Orbax-Checkpoint-Write,Static-Fixed16MB,1024.00,16,1.6332,7668.13,1.6332,2.1067,2.1366,2.1366,2.1366,0.00,5426.43,0.00,0
2026-08-18T07:40:32Z,Orbax-Checkpoint-Write,Smart-DynamicChunk,1024.00,16,1.2166,6702.02,1.2166,1.9380,2.4446,2.4446,2.4446,0.00,5426.43,0.00,0
2026-08-18T07:40:34Z,Orbax-Checkpoint-Write,Static-Fixed16MB,1024.00,32,1.2862,15155.02,1.2862,1.6988,2.1621,2.1621,2.1622,0.00,5426.43,0.01,0
2026-08-18T07:40:37Z,Orbax-Checkpoint-Write,Smart-DynamicChunk,1024.00,32,0.8380,15619.52,0.8380,1.4228,2.0978,2.0978,2.0979,0.00,5426.43,0.01,0
2026-08-18T07:40:37Z,DataLoader-Streaming,Static-NoPrefetch,4.00,1,0.1366,468.43,0.0085,0.0085,0.0085,0.1366,0.1366,35.13,5426.43,64.00,1
2026-08-18T07:40:37Z,DataLoader-Streaming,Smart-Prefetch-Depth1,4.00,1,0.0962,665.49,0.0060,0.0060,0.0060,0.0962,0.0962,8.99,5426.43,84.01,0
2026-08-18T07:40:37Z,DataLoader-Streaming,Smart-Prefetch-Depth2,4.00,1,0.0965,663.18,0.0060,0.0060,0.0060,0.0965,0.0965,9.84,5426.43,84.01,1
2026-08-18T07:40:37Z,DataLoader-Streaming,Static-NoPrefetch,4.00,1,0.2951,216.88,0.0184,0.0184,0.0184,0.2951,0.2951,16.27,5426.43,64.00,1
2026-08-18T07:40:37Z,DataLoader-Streaming,Smart-Prefetch-Depth1,4.00,1,0.2555,250.45,0.0160,0.0160,0.0160,0.2555,0.2555,3.46,5426.43,84.01,1
2026-08-18T07:40:38Z,DataLoader-Streaming,Smart-Prefetch-Depth2,4.00,1,0.2572,248.88,0.0161,0.0161,0.0161,0.2572,0.2572,3.81,5426.43,84.01,1
2026-08-18T07:40:38Z,DataLoader-Streaming,Static-NoPrefetch,4.00,1,0.5355,119.51,0.0335,0.0335,0.0335,0.5355,0.5355,8.96,5426.43,64.00,1
2026-08-18T07:40:39Z,DataLoader-Streaming,Smart-Prefetch-Depth1,4.00,1,0.4970,128.78,0.0311,0.0311,0.0311,0.4970,0.4970,2.01,5426.43,80.01,1
2026-08-18T07:40:39Z,DataLoader-Streaming,Smart-Prefetch-Depth2,4.00,1,0.4967,128.85,0.0310,0.0310,0.0310,0.4967,0.4967,1.90,5426.43,88.01,1
2026-08-18T07:40:40Z,DataLoader-Streaming,Static-NoPrefetch,16.00,1,0.2479,1032.75,0.0155,0.0155,0.0155,0.2479,0.2479,64.55,5426.43,256.00,1
2026-08-18T07:40:40Z,DataLoader-Streaming,Smart-Prefetch-Depth1,16.00,1,0.2023,1265.48,0.0126,0.0126,0.0126,0.2023,0.2023,56.65,5426.43,320.01,1
2026-08-18T07:40:40Z,DataLoader-Streaming,Smart-Prefetch-Depth2,16.00,1,0.1192,2147.28,0.0075,0.0075,0.0075,0.1192,0.1192,24.75,5426.43,336.01,1
2026-08-18T07:40:40Z,DataLoader-Streaming,Static-NoPrefetch,16.00,1,0.4082,627.11,0.0255,0.0255,0.0255,0.4082,0.4082,39.19,5426.43,256.00,1
2026-08-18T07:40:41Z,DataLoader-Streaming,Smart-Prefetch-Depth1,16.00,1,0.2854,897.07,0.0178,0.0178,0.0178,0.2854,0.2854,11.55,5426.43,320.01,1
2026-08-18T07:40:41Z,DataLoader-Streaming,Smart-Prefetch-Depth2,16.00,1,0.2830,904.61,0.0177,0.0177,0.0177,0.2830,0.2830,11.05,5426.43,352.01,1
2026-08-18T07:40:42Z,DataLoader-Streaming,Static-NoPrefetch,16.00,1,0.6476,395.30,0.0405,0.0405,0.0405,0.6476,0.6476,24.71,5426.43,256.00,1
2026-08-18T07:40:42Z,DataLoader-Streaming,Smart-Prefetch-Depth1,16.00,1,0.5208,491.59,0.0325,0.0325,0.0325,0.5208,0.5208,5.75,5426.43,336.01,1
2026-08-18T07:40:43Z,DataLoader-Streaming,Smart-Prefetch-Depth2,16.00,1,0.5237,488.81,0.0327,0.0327,0.0327,0.5237,0.5237,6.11,5426.43,352.01,1
2026-08-18T07:40:44Z,DataLoader-Streaming,Static-NoPrefetch,64.00,1,0.7445,1375.44,0.0465,0.0465,0.0465,0.7445,0.7445,88.11,5426.43,1024.00,1
2026-08-18T07:40:44Z,DataLoader-Streaming,Smart-Prefetch-Depth1,64.00,1,0.7572,1352.37,0.0473,0.0473,0.0473,0.7572,0.7572,88.00,5426.43,1216.01,1
2026-08-18T07:40:45Z,DataLoader-Streaming,Smart-Prefetch-Depth2,64.00,1,0.4195,2440.85,0.0262,0.0262,0.0262,0.4195,0.4195,78.24,5426.43,1408.01,1
2026-08-18T07:40:46Z,DataLoader-Streaming,Static-NoPrefetch,64.00,1,0.9035,1133.36,0.0565,0.0565,0.0565,0.9035,0.9035,72.61,5426.43,1024.00,1
2026-08-18T07:40:47Z,DataLoader-Streaming,Smart-Prefetch-Depth1,64.00,1,0.7711,1327.99,0.0482,0.0482,0.0482,0.7711,0.7711,67.48,5426.43,1216.01,0
2026-08-18T07:40:47Z,DataLoader-Streaming,Smart-Prefetch-Depth2,64.00,1,0.4236,2417.58,0.0265,0.0265,0.0265,0.4236,0.4236,40.68,5426.43,1408.01,1
2026-08-18T07:40:49Z,DataLoader-Streaming,Static-NoPrefetch,64.00,1,1.1453,894.06,0.0716,0.0716,0.0716,1.1453,1.1453,57.28,5426.43,1024.00,1
2026-08-18T07:40:50Z,DataLoader-Streaming,Smart-Prefetch-Depth1,64.00,1,0.7850,1304.39,0.0491,0.0491,0.0491,0.7850,0.7850,37.46,5426.43,1216.01,0
2026-08-18T07:40:50Z,DataLoader-Streaming,Smart-Prefetch-Depth2,64.00,1,0.6163,1661.66,0.0385,0.0385,0.0385,0.6163,0.6163,19.24,5426.43,1344.01,1
2026-08-18T07:40:51Z,Columnar-Parquet-Scan,Static-OnDemand,128.00,1,0.3310,120.85,0.3310,0.3310,0.3310,0.3310,0.3310,0.00,5426.43,128.00,0
2026-08-18T07:40:51Z,Columnar-Parquet-Scan,Smart-RangePrefetch,128.00,1,0.3474,115.15,0.3474,0.3474,0.3474,0.3474,0.3474,0.00,5426.43,174.05,0
2026-08-18T07:40:51Z,Columnar-Parquet-Scan,Static-OnDemand,512.00,1,0.3318,120.55,0.3318,0.3318,0.3318,0.3318,0.3318,0.00,5426.43,512.00,1
2026-08-18T07:40:52Z,Columnar-Parquet-Scan,Smart-RangePrefetch,512.00,1,0.3489,114.64,0.3489,0.3489,0.3489,0.3489,0.3489,0.00,5426.43,563.05,0
2026-08-18T07:40:52Z,Memory-Guardrail-Soak,Unbounded-Alloc,4.00,100,0.2791,28663.12,0.2791,0.2791,0.2791,0.2791,0.2791,0.00,5426.43,8000.02,42
2026-08-18T07:40:52Z,Memory-Guardrail-Soak,MemoryGuardrail-SlabPool,4.00,100,0.0498,44136.44,0.0498,0.0498,0.0498,0.0498,0.0498,0.00,5426.43,68.04,1
2026-08-18T07:40:52Z,Orbax-Checkpoint-Write,Static-Fixed16MB,64.00,8,0.0531,9634.84,0.0531,0.0531,0.0531,0.0531,0.0531,0.00,5426.43,0.00,0
2026-08-18T07:40:53Z,Orbax-Checkpoint-Write,Smart-DynamicChunk,64.00,8,0.0525,744.42,0.0525,0.6878,0.6878,0.6878,0.6878,0.00,5426.43,0.00,0
2026-08-18T07:40:53Z,Orbax-Checkpoint-Write,Static-Fixed16MB,64.00,16,0.0532,2244.78,0.0532,0.3747,0.4561,0.4561,0.4562,0.00,5426.43,0.00,0
2026-08-18T07:40:53Z,Orbax-Checkpoint-Write,Smart-DynamicChunk,64.00,16,0.0525,19460.21,0.0525,0.0526,0.0526,0.0526,0.0526,0.00,5426.43,0.00,0
2026-08-18T07:40:54Z,Orbax-Checkpoint-Write,Static-Fixed16MB,64.00,32,0.0531,2581.58,0.0531,0.0533,0.7932,0.7932,0.7933,0.00,5426.43,0.01,0
2026-08-18T07:40:55Z,Orbax-Checkpoint-Write,Smart-DynamicChunk,64.00,32,0.0526,3472.64,0.0526,0.0526,0.5897,0.5897,0.5898,0.00,5426.43,0.01,0
2026-08-18T07:40:56Z,Orbax-Checkpoint-Write,Static-Fixed16MB,256.00,8,0.7115,1444.17,0.7115,1.4181,1.4181,1.4181,1.4181,0.00,5426.43,0.00,0
2026-08-18T07:40:56Z,Orbax-Checkpoint-Write,Smart-DynamicChunk,256.00,8,0.2094,9780.65,0.2094,0.2094,0.2094,0.2094,0.2094,0.00,5426.43,0.00,0
2026-08-18T07:40:58Z,Orbax-Checkpoint-Write,Static-Fixed16MB,256.00,16,0.2120,3120.54,0.2120,0.7006,1.3126,1.3126,1.3126,0.00,5426.43,0.00,0
2026-08-18T07:40:58Z,Orbax-Checkpoint-Write,Smart-DynamicChunk,256.00,16,0.2095,5006.75,0.2095,0.6962,0.8180,0.8180,0.8181,0.00,5426.43,0.00,0
2026-08-18T07:40:59Z,Orbax-Checkpoint-Write,Static-Fixed16MB,256.00,32,0.2129,9492.88,0.2129,0.6231,0.8629,0.8629,0.8630,0.00,5426.43,0.01,0
2026-08-18T07:41:00Z,Orbax-Checkpoint-Write,Smart-DynamicChunk,256.00,32,0.2095,8279.59,0.2095,0.8114,0.9893,0.9893,0.9894,0.00,5426.43,0.01,0
2026-08-18T07:41:01Z,Orbax-Checkpoint-Write,Static-Fixed16MB,512.00,8,0.7919,3693.59,0.7919,1.1089,1.1089,1.1089,1.1089,0.00,5426.43,0.00,0
2026-08-18T07:41:02Z,Orbax-Checkpoint-Write,Smart-DynamicChunk,512.00,8,0.4216,5075.77,0.4216,0.8069,0.8069,0.8069,0.8070,0.00,5426.43,0.00,0
2026-08-18T07:41:05Z,Orbax-Checkpoint-Write,Static-Fixed16MB,512.00,16,0.8222,2774.90,0.8222,2.1869,2.9521,2.9521,2.9522,0.00,5426.43,0.00,0
2026-08-18T07:41:06Z,Orbax-Checkpoint-Write,Smart-DynamicChunk,512.00,16,0.4187,8870.27,0.4187,0.7743,0.9235,0.9235,0.9235,0.00,5426.43,0.00,0
2026-08-18T07:41:08Z,Orbax-Checkpoint-Write,Static-Fixed16MB,512.00,32,0.8023,7906.33,0.8023,1.1986,2.0722,2.0722,2.0723,0.00,5426.43,0.01,0
2026-08-18T07:41:10Z,Orbax-Checkpoint-Write,Smart-DynamicChunk,512.00,32,0.4187,9770.23,0.4187,1.0770,1.6769,1.6769,1.6769,0.00,5426.43,0.01,0
2026-08-18T07:41:12Z,Orbax-Checkpoint-Write,Static-Fixed16MB,1024.00,8,1.8540,3029.12,1.8540,2.7044,2.7044,2.7044,2.7044,0.00,5426.43,0.00,0
2026-08-18T07:41:14Z,Orbax-Checkpoint-Write,Smart-DynamicChunk,1024.00,8,0.8397,5310.75,0.8397,1.5425,1.5425,1.5425,1.5425,0.00,5426.43,0.00,0
2026-08-18T07:41:18Z,Orbax-Checkpoint-Write,Static-Fixed16MB,1024.00,16,1.6492,4307.70,1.6492,2.8000,3.8034,3.8034,3.8034,0.00,5426.43,0.00,0
2026-08-18T07:41:21Z,Orbax-Checkpoint-Write,Smart-DynamicChunk,1024.00,16,0.8367,5592.89,0.8367,1.3030,2.9294,2.9294,2.9294,0.00,5426.43,0.00,0
2026-08-18T07:41:24Z,Orbax-Checkpoint-Write,Static-Fixed16MB,1024.00,32,1.4857,11822.30,1.4857,2.3250,2.7716,2.7716,2.7717,0.00,5426.43,0.01,0
2026-08-18T07:41:25Z,Orbax-Checkpoint-Write,Smart-DynamicChunk,1024.00,32,0.8370,20603.53,0.8370,1.4205,1.5902,1.5902,1.5904,0.00,5426.43,0.01,0
2026-08-18T07:41:25Z,DataLoader-Streaming,Static-NoPrefetch,4.00,1,0.1350,474.14,0.0084,0.0084,0.0084,0.1350,0.1350,35.56,5426.43,64.00,1
2026-08-18T07:41:25Z,DataLoader-Streaming,Smart-Prefetch-Depth1,4.00,1,0.0957,669.07,0.0060,0.0060,0.0060,0.0957,0.0957,8.66,5426.43,84.01,0
2026-08-18T07:41:25Z,DataLoader-Streaming,Smart-Prefetch-Depth2,4.00,1,0.0969,660.64,0.0061,0.0061,0.0061,0.0969,0.0969,9.00,5426.43,88.01,1
2026-08-18T07:41:26Z,DataLoader-Streaming,Static-NoPrefetch,4.00,1,0.2992,213.92,0.0187,0.0187,0.0187,0.2992,0.2992,16.04,5426.43,64.00,1
2026-08-18T07:41:26Z,DataLoader-Streaming,Smart-Prefetch-Depth1,4.00,1,0.2569,249.16,0.0161,0.0161,0.0161,0.2569,0.2569,3.71,5426.43,80.01,1
2026-08-18T07:41:26Z,DataLoader-Streaming,Smart-Prefetch-Depth2,4.00,1,0.2578,248.29,0.0161,0.0161,0.0161,0.2578,0.2578,3.57,5426.43,84.01,1
2026-08-18T07:41:27Z,DataLoader-Streaming,Static-NoPrefetch,4.00,1,0.5378,119.00,0.0336,0.0336,0.0336,0.5378,0.5378,8.93,5426.43,64.00,1
2026-08-18T07:41:27Z,DataLoader-Streaming,Smart-Prefetch-Depth1,4.00,1,0.4971,128.74,0.0311,0.0311,0.0311,0.4971,0.4971,1.77,5426.43,80.01,1
2026-08-18T07:41:28Z,DataLoader-Streaming,Smart-Prefetch-Depth2,4.00,1,0.4969,128.81,0.0311,0.0311,0.0311,0.4969,0.4969,2.03,5426.43,88.01,1
2026-08-18T07:41:28Z,DataLoader-Streaming,Static-NoPrefetch,16.00,1,0.2485,1030.31,0.0155,0.0155,0.0155,0.2485,0.2485,64.39,5426.43,256.00,1
2026-08-18T07:41:28Z,DataLoader-Streaming,Smart-Prefetch-Depth1,16.00,1,0.2013,1271.48,0.0126,0.0126,0.0126,0.2013,0.2013,56.50,5426.43,304.01,1
2026-08-18T07:41:28Z,DataLoader-Streaming,Smart-Prefetch-Depth2,16.00,1,0.1221,2097.30,0.0076,0.0076,0.0076,0.1221,0.1221,24.58,5426.43,352.01,1
2026-08-18T07:41:29Z,DataLoader-Streaming,Static-NoPrefetch,16.00,1,0.4081,627.23,0.0255,0.0255,0.0255,0.4081,0.4081,39.20,5426.43,256.00,1
2026-08-18T07:41:29Z,DataLoader-Streaming,Smart-Prefetch-Depth1,16.00,1,0.2817,908.89,0.0176,0.0176,0.0176,0.2817,0.2817,10.43,5426.43,336.01,1
2026-08-18T07:41:29Z,DataLoader-Streaming,Smart-Prefetch-Depth2,16.00,1,0.2800,914.42,0.0175,0.0175,0.0175,0.2800,0.2800,10.59,5426.43,368.01,1
2026-08-18T07:41:30Z,DataLoader-Streaming,Static-NoPrefetch,16.00,1,0.6488,394.56,0.0406,0.0406,0.0406,0.6488,0.6488,24.66,5426.43,256.00,0
2026-08-18T07:41:31Z,DataLoader-Streaming,Smart-Prefetch-Depth1,16.00,1,0.5241,488.49,0.0328,0.0328,0.0328,0.5241,0.5241,6.19,5426.43,320.01,1
2026-08-18T07:41:31Z,DataLoader-Streaming,Smart-Prefetch-Depth2,16.00,1,0.5255,487.20,0.0328,0.0328,0.0328,0.5255,0.5255,6.62,5426.43,352.01,1
2026-08-18T07:41:32Z,DataLoader-Streaming,Static-NoPrefetch,64.00,1,0.7446,1375.27,0.0465,0.0465,0.0465,0.7446,0.7446,88.10,5426.43,1024.00,1
2026-08-18T07:41:33Z,DataLoader-Streaming,Smart-Prefetch-Depth1,64.00,1,0.7654,1337.81,0.0478,0.0478,0.0478,0.7654,0.7654,88.74,5426.43,1216.01,1
2026-08-18T07:41:33Z,DataLoader-Streaming,Smart-Prefetch-Depth2,64.00,1,0.4148,2468.65,0.0259,0.0259,0.0259,0.4148,0.4148,79.19,5426.43,1408.01,1
2026-08-18T07:41:34Z,DataLoader-Streaming,Static-NoPrefetch,64.00,1,0.9045,1132.14,0.0565,0.0565,0.0565,0.9045,0.9045,72.53,5426.43,1024.00,1
2026-08-18T07:41:35Z,DataLoader-Streaming,Smart-Prefetch-Depth1,64.00,1,0.7707,1328.66,0.0482,0.0482,0.0482,0.7707,0.7707,67.32,5426.43,1216.01,0
2026-08-18T07:41:36Z,DataLoader-Streaming,Smart-Prefetch-Depth2,64.00,1,0.4343,2357.58,0.0271,0.0271,0.0271,0.4343,0.4343,40.19,5426.43,1408.01,1
2026-08-18T07:41:37Z,DataLoader-Streaming,Static-NoPrefetch,64.00,1,1.1446,894.64,0.0715,0.0715,0.0715,1.1446,1.1446,57.31,5426.43,1024.00,1
2026-08-18T07:41:38Z,DataLoader-Streaming,Smart-Prefetch-Depth1,64.00,1,0.7880,1299.44,0.0493,0.0493,0.0493,0.7880,0.7880,37.63,5426.43,1280.01,0
2026-08-18T07:41:39Z,DataLoader-Streaming,Smart-Prefetch-Depth2,64.00,1,0.6105,1677.19,0.0382,0.0382,0.0382,0.6105,0.6105,18.86,5426.43,1344.01,1
2026-08-18T07:41:39Z,Columnar-Parquet-Scan,Static-OnDemand,128.00,1,0.3304,121.07,0.3304,0.3304,0.3304,0.3304,0.3304,0.00,5426.43,128.00,0
2026-08-18T07:41:39Z,Columnar-Parquet-Scan,Smart-RangePrefetch,128.00,1,0.3506,114.08,0.3506,0.3506,0.3506,0.3506,0.3506,0.00,5426.43,174.05,0
2026-08-18T07:41:40Z,Columnar-Parquet-Scan,Static-OnDemand,512.00,1,0.3308,120.93,0.3308,0.3308,0.3308,0.3308,0.3308,0.00,5426.43,512.00,0
2026-08-18T07:41:40Z,Columnar-Parquet-Scan,Smart-RangePrefetch,512.00,1,0.3432,116.53,0.3432,0.3432,0.3432,0.3432,0.3432,0.00,5426.43,558.05,1
2026-08-18T07:41:40Z,Memory-Guardrail-Soak,Unbounded-Alloc,4.00,100,0.2390,33474.19,0.2390,0.2390,0.2390,0.2390,0.2390,0.00,5426.43,8000.02,30
2026-08-18T07:41:40Z,Memory-Guardrail-Soak,MemoryGuardrail-SlabPool,4.00,100,0.0488,46672.18,0.0488,0.0488,0.0488,0.0488,0.0488,0.00,5426.43,72.04,2
2026-08-18T07:41:41Z,Orbax-Checkpoint-Write,Static-Fixed16MB,64.00,8,0.0548,766.28,0.0548,0.6681,0.6681,0.6681,0.6682,0.00,5426.43,0.00,0
2026-08-18T07:41:41Z,Orbax-Checkpoint-Write,Smart-DynamicChunk,64.00,8,0.0526,9729.63,0.0526,0.0526,0.0526,0.0526,0.0526,0.00,5426.43,0.00,0
2026-08-18T07:41:42Z,Orbax-Checkpoint-Write,Static-Fixed16MB,64.00,16,0.0529,1343.18,0.0529,0.6647,0.7623,0.7623,0.7624,0.00,5426.43,0.00,0
2026-08-18T07:41:42Z,Orbax-Checkpoint-Write,Smart-DynamicChunk,64.00,16,0.0525,2092.97,0.0525,0.0525,0.4892,0.4892,0.4893,0.00,5426.43,0.00,0
2026-08-18T07:41:43Z,Orbax-Checkpoint-Write,Static-Fixed16MB,64.00,32,0.0533,2787.99,0.0533,0.3569,0.7345,0.7345,0.7346,0.00,5426.43,0.01,0
2026-08-18T07:41:43Z,Orbax-Checkpoint-Write,Smart-DynamicChunk,64.00,32,0.0526,38858.77,0.0526,0.0526,0.0526,0.0526,0.0527,0.00,5426.43,0.01,0
2026-08-18T07:41:44Z,Orbax-Checkpoint-Write,Static-Fixed16MB,256.00,8,0.2126,2301.92,0.2126,0.8896,0.8896,0.8896,0.8897,0.00,5426.43,0.00,0
2026-08-18T07:41:44Z,Orbax-Checkpoint-Write,Smart-DynamicChunk,256.00,8,0.2093,9782.13,0.2093,0.2093,0.2093,0.2093,0.2094,0.00,5426.43,0.00,0
2026-08-18T07:41:45Z,Orbax-Checkpoint-Write,Static-Fixed16MB,256.00,16,0.2119,3607.32,0.2119,0.8326,1.1354,1.1354,1.1355,0.00,5426.43,0.00,0
2026-08-18T07:41:45Z,Orbax-Checkpoint-Write,Smart-DynamicChunk,256.00,16,0.2094,19557.26,0.2094,0.2094,0.2094,0.2094,0.2094,0.00,5426.43,0.00,0
2026-08-18T07:41:46Z,Orbax-Checkpoint-Write,Static-Fixed16MB,256.00,32,0.2129,8212.00,0.2129,0.9424,0.9975,0.9975,0.9976,0.00,5426.43,0.01,0
2026-08-18T07:41:47Z,Orbax-Checkpoint-Write,Smart-DynamicChunk,256.00,32,0.2098,10810.40,0.2098,0.2098,0.7577,0.7577,0.7578,0.00,5426.43,0.01,0
2026-08-18T07:41:49Z,Orbax-Checkpoint-Write,Static-Fixed16MB,512.00,8,0.4243,1921.00,0.4243,2.1322,2.1322,2.1322,2.1322,0.00,5426.43,0.00,0
2026-08-18T07:41:50Z,Orbax-Checkpoint-Write,Smart-DynamicChunk,512.00,8,0.4188,4029.63,0.4188,1.0164,1.0164,1.0164,1.0165,0.00,5426.43,0.00,0
2026-08-18T07:41:53Z,Orbax-Checkpoint-Write,Static-Fixed16MB,512.00,16,0.7837,3267.23,0.7837,1.1695,2.5072,2.5072,2.5073,0.00,5426.43,0.00,0
2026-08-18T07:41:54Z,Orbax-Checkpoint-Write,Smart-DynamicChunk,512.00,16,0.4187,7483.39,0.4187,0.8319,1.0946,1.0946,1.0947,0.00,5426.43,0.00,0
2026-08-18T07:41:56Z,Orbax-Checkpoint-Write,Static-Fixed16MB,512.00,32,0.4248,10593.24,0.4248,1.1279,1.5466,1.5466,1.5466,0.00,5426.43,0.01,0
2026-08-18T07:41:57Z,Orbax-Checkpoint-Write,Smart-DynamicChunk,512.00,32,0.4187,14738.67,0.4187,0.9004,1.1116,1.1116,1.1116,0.00,5426.43,0.01,0
2026-08-18T07:41:59Z,Orbax-Checkpoint-Write,Static-Fixed16MB,1024.00,8,1.5938,3764.14,1.5938,2.1763,2.1763,2.1763,2.1763,0.00,5426.43,0.00,0
2026-08-18T07:42:00Z,Orbax-Checkpoint-Write,Smart-DynamicChunk,1024.00,8,0.8415,6490.91,0.8415,1.2620,1.2620,1.2620,1.2621,0.00,5426.43,0.00,0
2026-08-18T07:42:02Z,Orbax-Checkpoint-Write,Static-Fixed16MB,1024.00,16,1.4246,6901.74,1.4246,2.3278,2.3738,2.3738,2.3739,0.00,5426.43,0.00,0
2026-08-18T07:42:04Z,Orbax-Checkpoint-Write,Smart-DynamicChunk,1024.00,16,0.8363,8212.96,0.8363,1.6181,1.9948,1.9948,1.9949,0.00,5426.43,0.00,0
2026-08-18T07:42:08Z,Orbax-Checkpoint-Write,Static-Fixed16MB,1024.00,32,1.3559,9219.87,1.3559,2.1592,3.5540,3.5540,3.5541,0.00,5426.43,0.01,0
2026-08-18T07:42:10Z,Orbax-Checkpoint-Write,Smart-DynamicChunk,1024.00,32,0.8385,15062.62,0.8385,1.5194,2.1754,2.1754,2.1755,0.00,5426.43,0.01,0
2026-08-18T07:42:10Z,DataLoader-Streaming,Static-NoPrefetch,4.00,1,0.1357,471.69,0.0085,0.0085,0.0085,0.1357,0.1357,35.38,5426.43,64.00,1
2026-08-18T07:42:10Z,DataLoader-Streaming,Smart-Prefetch-Depth1,4.00,1,0.0949,674.42,0.0059,0.0059,0.0059,0.0949,0.0949,9.35,5426.43,80.01,0
2026-08-18T07:42:11Z,DataLoader-Streaming,Smart-Prefetch-Depth2,4.00,1,0.0973,657.74,0.0061,0.0061,0.0061,0.0973,0.0973,9.17,5426.43,84.01,1
2026-08-18T07:42:11Z,DataLoader-Streaming,Static-NoPrefetch,4.00,1,0.2967,215.69,0.0185,0.0185,0.0185,0.2967,0.2967,16.18,5426.43,64.00,1
2026-08-18T07:42:11Z,DataLoader-Streaming,Smart-Prefetch-Depth1,4.00,1,0.2563,249.68,0.0160,0.0160,0.0160,0.2563,0.2563,3.38,5426.43,84.01,1
2026-08-18T07:42:11Z,DataLoader-Streaming,Smart-Prefetch-Depth2,4.00,1,0.2582,247.87,0.0161,0.0161,0.0161,0.2582,0.2582,3.47,5426.43,84.01,1
2026-08-18T07:42:12Z,DataLoader-Streaming,Static-NoPrefetch,4.00,1,0.5370,119.18,0.0336,0.0336,0.0336,0.5370,0.5370,8.94,5426.43,64.00,1
2026-08-18T07:42:12Z,DataLoader-Streaming,Smart-Prefetch-Depth1,4.00,1,0.4958,129.08,0.0310,0.0310,0.0310,0.4958,0.4958,1.78,5426.43,80.01,1
2026-08-18T07:42:13Z,DataLoader-Streaming,Smart-Prefetch-Depth2,4.00,1,0.4971,128.74,0.0311,0.0311,0.0311,0.4971,0.4971,1.90,5426.43,88.01,1
2026-08-18T07:42:13Z,DataLoader-Streaming,Static-NoPrefetch,16.00,1,0.2474,1034.89,0.0155,0.0155,0.0155,0.2474,0.2474,64.68,5426.43,256.00,1
2026-08-18T07:42:13Z,DataLoader-Streaming,Smart-Prefetch-Depth1,16.00,1,0.1974,1296.81,0.0123,0.0123,0.0123,0.1974,0.1974,55.68,5426.43,304.01,1
2026-08-18T07:42:14Z,DataLoader-Streaming,Smart-Prefetch-Depth2,16.00,1,0.1209,2116.71,0.0076,0.0076,0.0076,0.1209,0.1209,25.92,5426.43,336.01,1
2026-08-18T07:42:14Z,DataLoader-Streaming,Static-NoPrefetch,16.00,1,0.4081,627.28,0.0255,0.0255,0.0255,0.4081,0.4081,39.21,5426.43,256.00,1
2026-08-18T07:42:14Z,DataLoader-Streaming,Smart-Prefetch-Depth1,16.00,1,0.2817,908.85,0.0176,0.0176,0.0176,0.2817,0.2817,10.75,5426.43,336.01,1
2026-08-18T07:42:15Z,DataLoader-Streaming,Smart-Prefetch-Depth2,16.00,1,0.2824,906.53,0.0176,0.0176,0.0176,0.2824,0.2824,11.22,5426.43,352.01,1
2026-08-18T07:42:15Z,DataLoader-Streaming,Static-NoPrefetch,16.00,1,0.6488,394.57,0.0406,0.0406,0.0406,0.6488,0.6488,24.66,5426.43,256.00,1
2026-08-18T07:42:16Z,DataLoader-Streaming,Smart-Prefetch-Depth1,16.00,1,0.5217,490.74,0.0326,0.0326,0.0326,0.5217,0.5217,5.89,5426.43,336.01,1
2026-08-18T07:42:16Z,DataLoader-Streaming,Smart-Prefetch-Depth2,16.00,1,0.5210,491.35,0.0326,0.0326,0.0326,0.5210,0.5210,5.68,5426.43,336.01,1
2026-08-18T07:42:17Z,DataLoader-Streaming,Static-NoPrefetch,64.00,1,0.7450,1374.53,0.0466,0.0466,0.0466,0.7450,0.7450,88.06,5426.43,1024.00,1
2026-08-18T07:42:18Z,DataLoader-Streaming,Smart-Prefetch-Depth1,64.00,1,0.7635,1341.22,0.0477,0.0477,0.0477,0.7635,0.7635,87.90,5426.43,1216.01,1
2026-08-18T07:42:18Z,DataLoader-Streaming,Smart-Prefetch-Depth2,64.00,1,0.4024,2544.99,0.0251,0.0251,0.0251,0.4024,0.4024,77.71,5426.43,1408.01,1
2026-08-18T07:42:19Z,DataLoader-Streaming,Static-NoPrefetch,64.00,1,0.9046,1132.02,0.0565,0.0565,0.0565,0.9046,0.9046,72.52,5426.43,1024.00,1
2026-08-18T07:42:20Z,DataLoader-Streaming,Smart-Prefetch-Depth1,64.00,1,0.7711,1327.95,0.0482,0.0482,0.0482,0.7711,0.7711,67.16,5426.43,1216.01,0
2026-08-18T07:42:21Z,DataLoader-Streaming,Smart-Prefetch-Depth2,64.00,1,0.4204,2435.69,0.0263,0.0263,0.0263,0.4204,0.4204,39.42,5426.43,1344.01,1
2026-08-18T07:42:22Z,DataLoader-Streaming,Static-NoPrefetch,64.00,1,1.1433,895.62,0.0715,0.0715,0.0715,1.1433,1.1433,57.38,5426.43,1024.00,1
2026-08-18T07:42:23Z,DataLoader-Streaming,Smart-Prefetch-Depth1,64.00,1,0.7851,1304.28,0.0491,0.0491,0.0491,0.7851,0.7851,37.34,5426.43,1216.01,0
2026-08-18T07:42:24Z,DataLoader-Streaming,Smart-Prefetch-Depth2,64.00,1,0.6133,1669.62,0.0383,0.0383,0.0383,0.6133,0.6133,19.09,5426.43,1344.01,1
2026-08-18T07:42:24Z,Columnar-Parquet-Scan,Static-OnDemand,128.00,1,0.3308,120.92,0.3308,0.3308,0.3308,0.3308,0.3308,0.00,5426.43,128.00,0
2026-08-18T07:42:24Z,Columnar-Parquet-Scan,Smart-RangePrefetch,128.00,1,0.3462,115.55,0.3462,0.3462,0.3462,0.3462,0.3462,0.00,5426.43,176.05,0
2026-08-18T07:42:25Z,Columnar-Parquet-Scan,Static-OnDemand,512.00,1,0.3325,120.29,0.3325,0.3325,0.3325,0.3325,0.3325,0.00,5426.43,512.00,1
2026-08-18T07:42:25Z,Columnar-Parquet-Scan,Smart-RangePrefetch,512.00,1,0.3443,116.19,0.3443,0.3443,0.3443,0.3443,0.3443,0.00,5426.43,561.05,0
2026-08-18T07:42:25Z,Memory-Guardrail-Soak,Unbounded-Alloc,4.00,100,0.2466,32436.41,0.2466,0.2466,0.2466,0.2466,0.2466,0.00,5426.43,8000.02,38
2026-08-18T07:42:25Z,Memory-Guardrail-Soak,MemoryGuardrail-SlabPool,4.00,100,0.0488,44578.61,0.0488,0.0488,0.0488,0.0488,0.0488,0.00,5426.43,68.06,2
2026-08-18T07:42:25Z,Orbax-Checkpoint-Write,Static-Fixed16MB,64.00,8,0.0531,9636.48,0.0531,0.0531,0.0531,0.0531,0.0531,0.00,5426.43,0.00,0
2026-08-18T07:42:26Z,Orbax-Checkpoint-Write,Smart-DynamicChunk,64.00,8,0.0526,678.79,0.0526,0.7542,0.7542,0.7542,0.7543,0.00,5426.43,0.00,0
2026-08-18T07:42:27Z,Orbax-Checkpoint-Write,Static-Fixed16MB,64.00,16,0.0531,2218.89,0.0531,0.0531,0.4614,0.4614,0.4615,0.00,5426.43,0.00,0
2026-08-18T07:42:27Z,Orbax-Checkpoint-Write,Smart-DynamicChunk,64.00,16,0.0526,2231.29,0.0526,0.3947,0.4589,0.4589,0.4589,0.00,5426.43,0.00,0
2026-08-18T07:42:28Z,Orbax-Checkpoint-Write,Static-Fixed16MB,64.00,32,0.0531,2712.22,0.0531,0.3746,0.7550,0.7550,0.7551,0.00,5426.43,0.01,0
2026-08-18T07:42:29Z,Orbax-Checkpoint-Write,Smart-DynamicChunk,64.00,32,0.0527,2718.32,0.0527,0.0527,0.7533,0.7533,0.7534,0.00,5426.43,0.01,0
2026-08-18T07:42:30Z,Orbax-Checkpoint-Write,Static-Fixed16MB,256.00,8,0.6538,1552.09,0.6538,1.3194,1.3194,1.3194,1.3195,0.00,5426.43,0.00,0
2026-08-18T07:42:30Z,Orbax-Checkpoint-Write,Smart-DynamicChunk,256.00,8,0.2094,9774.70,0.2094,0.2095,0.2095,0.2095,0.2095,0.00,5426.43,0.00,0
2026-08-18T07:42:31Z,Orbax-Checkpoint-Write,Static-Fixed16MB,256.00,16,0.2123,3474.45,0.2123,0.8479,1.1789,1.1789,1.1789,0.00,5426.43,0.00,0
2026-08-18T07:42:32Z,Orbax-Checkpoint-Write,Smart-DynamicChunk,256.00,16,0.2093,4105.77,0.2093,0.2093,0.9976,0.9976,0.9976,0.00,5426.43,0.00,0
2026-08-18T07:42:33Z,Orbax-Checkpoint-Write,Static-Fixed16MB,256.00,32,0.2135,8583.62,0.2135,0.2136,0.9543,0.9543,0.9544,0.00,5426.43,0.01,0
2026-08-18T07:42:34Z,Orbax-Checkpoint-Write,Smart-DynamicChunk,256.00,32,0.2097,8452.36,0.2097,0.5684,0.9691,0.9691,0.9692,0.00,5426.43,0.01,0
2026-08-18T07:42:36Z,Orbax-Checkpoint-Write,Static-Fixed16MB,512.00,8,1.0644,2070.08,1.0644,1.9786,1.9786,1.9786,1.9787,0.00,5426.43,0.00,0
2026-08-18T07:42:37Z,Orbax-Checkpoint-Write,Smart-DynamicChunk,512.00,8,0.4184,4696.08,0.4184,0.8722,0.8722,0.8722,0.8722,0.00,5426.43,0.00,0
2026-08-18T07:42:38Z,Orbax-Checkpoint-Write,Static-Fixed16MB,512.00,16,0.4250,7843.60,0.4250,1.0351,1.0444,1.0444,1.0444,0.00,5426.43,0.00,0
2026-08-18T07:42:40Z,Orbax-Checkpoint-Write,Smart-DynamicChunk,512.00,16,0.4186,5835.75,0.4186,1.0401,1.4037,1.4037,1.4038,0.00,5426.43,0.00,0
2026-08-18T07:42:41Z,Orbax-Checkpoint-Write,Static-Fixed16MB,512.00,32,0.4388,10580.25,0.4388,1.1892,1.5484,1.5484,1.5485,0.00,5426.43,0.01,0
2026-08-18T07:42:42Z,Orbax-Checkpoint-Write,Smart-DynamicChunk,512.00,32,0.4184,13495.10,0.4184,0.7249,1.2140,1.2140,1.2141,0.00,5426.43,0.01,0
2026-08-18T07:42:46Z,Orbax-Checkpoint-Write,Static-Fixed16MB,1024.00,8,1.6322,2434.42,1.6322,3.3650,3.3650,3.3650,3.3651,0.00,5426.43,0.00,0
2026-08-18T07:42:47Z,Orbax-Checkpoint-Write,Smart-DynamicChunk,1024.00,8,0.8366,4648.23,0.8366,1.7624,1.7624,1.7624,1.7624,0.00,5426.43,0.00,0
2026-08-18T07:42:50Z,Orbax-Checkpoint-Write,Static-Fixed16MB,1024.00,16,1.3850,6210.64,1.3850,2.4884,2.6380,2.6380,2.6381,0.00,5426.43,0.00,0
2026-08-18T07:42:51Z,Orbax-Checkpoint-Write,Smart-DynamicChunk,1024.00,16,0.8406,11227.61,0.8406,1.3415,1.4592,1.4592,1.4593,0.00,5426.43,0.00,0
2026-08-18T07:42:55Z,Orbax-Checkpoint-Write,Static-Fixed16MB,1024.00,32,1.5939,10579.26,1.5939,2.4229,3.0973,3.0973,3.0974,0.00,5426.43,0.01,0
2026-08-18T07:42:57Z,Orbax-Checkpoint-Write,Smart-DynamicChunk,1024.00,32,0.8380,15456.71,0.8380,1.2585,2.1199,2.1199,2.1200,0.00,5426.43,0.01,0
2026-08-18T07:42:57Z,DataLoader-Streaming,Static-NoPrefetch,4.00,1,0.1361,470.14,0.0085,0.0085,0.0085,0.1361,0.1361,35.26,5426.43,64.00,1
2026-08-18T07:42:57Z,DataLoader-Streaming,Smart-Prefetch-Depth1,4.00,1,0.0945,677.43,0.0059,0.0059,0.0059,0.0945,0.0945,9.40,5426.43,80.01,0
2026-08-18T07:42:57Z,DataLoader-Streaming,Smart-Prefetch-Depth2,4.00,1,0.0962,664.95,0.0060,0.0060,0.0060,0.0962,0.0962,8.59,5426.43,88.01,1
2026-08-18T07:42:57Z,DataLoader-Streaming,Static-NoPrefetch,4.00,1,0.2980,214.75,0.0186,0.0186,0.0186,0.2980,0.2980,16.11,5426.43,64.00,1
2026-08-18T07:42:58Z,DataLoader-Streaming,Smart-Prefetch-Depth1,4.00,1,0.2576,248.45,0.0161,0.0161,0.0161,0.2576,0.2576,3.74,5426.43,84.01,1
2026-08-18T07:42:58Z,DataLoader-Streaming,Smart-Prefetch-Depth2,4.00,1,0.2578,248.26,0.0161,0.0161,0.0161,0.2578,0.2578,3.87,5426.43,84.01,1
2026-08-18T07:42:58Z,DataLoader-Streaming,Static-NoPrefetch,4.00,1,0.5362,119.36,0.0335,0.0335,0.0335,0.5362,0.5362,8.95,5426.43,64.00,1
2026-08-18T07:42:59Z,DataLoader-Streaming,Smart-Prefetch-Depth1,4.00,1,0.4977,128.59,0.0311,0.0311,0.0311,0.4977,0.4977,2.03,5426.43,80.01,1
2026-08-18T07:42:59Z,DataLoader-Streaming,Smart-Prefetch-Depth2,4.00,1,0.4975,128.65,0.0311,0.0311,0.0311,0.4975,0.4975,1.91,5426.43,88.01,1
2026-08-18T07:43:00Z,DataLoader-Streaming,Static-NoPrefetch,16.00,1,0.2501,1023.55,0.0156,0.0156,0.0156,0.2501,0.2501,63.97,5426.43,256.00,1
2026-08-18T07:43:00Z,DataLoader-Streaming,Smart-Prefetch-Depth1,16.00,1,0.2056,1245.28,0.0128,0.0128,0.0128,0.2056,0.2056,56.95,5426.43,320.01,1
2026-08-18T07:43:00Z,DataLoader-Streaming,Smart-Prefetch-Depth2,16.00,1,0.1218,2101.73,0.0076,0.0076,0.0076,0.1218,0.1218,27.04,5426.43,336.01,1
2026-08-18T07:43:01Z,DataLoader-Streaming,Static-NoPrefetch,16.00,1,0.4101,624.25,0.0256,0.0256,0.0256,0.4101,0.4101,39.02,5426.43,256.00,1
2026-08-18T07:43:01Z,DataLoader-Streaming,Smart-Prefetch-Depth1,16.00,1,0.2825,906.33,0.0177,0.0177,0.0177,0.2825,0.2825,11.16,5426.43,320.01,1
2026-08-18T07:43:01Z,DataLoader-Streaming,Smart-Prefetch-Depth2,16.00,1,0.2837,902.45,0.0177,0.0177,0.0177,0.2837,0.2837,12.35,5426.43,352.01,1
2026-08-18T07:43:02Z,DataLoader-Streaming,Static-NoPrefetch,16.00,1,0.6511,393.19,0.0407,0.0407,0.0407,0.6511,0.6511,24.57,5426.43,256.00,1
2026-08-18T07:43:02Z,DataLoader-Streaming,Smart-Prefetch-Depth1,16.00,1,0.5214,490.97,0.0326,0.0326,0.0326,0.5214,0.5214,5.98,5426.43,336.01,1
2026-08-18T07:43:03Z,DataLoader-Streaming,Smart-Prefetch-Depth2,16.00,1,0.5236,488.91,0.0327,0.0327,0.0327,0.5236,0.5236,6.28,5426.43,352.01,1
2026-08-18T07:43:04Z,DataLoader-Streaming,Static-NoPrefetch,64.00,1,0.7449,1374.64,0.0466,0.0466,0.0466,0.7449,0.7449,88.06,5426.43,1024.00,1
2026-08-18T07:43:05Z,DataLoader-Streaming,Smart-Prefetch-Depth1,64.00,1,0.7668,1335.47,0.0479,0.0479,0.0479,0.7668,0.7668,87.40,5426.43,1216.01,1
2026-08-18T07:43:05Z,DataLoader-Streaming,Smart-Prefetch-Depth2,64.00,1,0.4191,2443.49,0.0262,0.0262,0.0262,0.4191,0.4191,78.20,5426.43,1408.01,1
2026-08-18T07:43:06Z,DataLoader-Streaming,Static-NoPrefetch,64.00,1,0.9048,1131.73,0.0566,0.0566,0.0566,0.9048,0.9048,72.50,5426.43,1024.00,1
2026-08-18T07:43:07Z,DataLoader-Streaming,Smart-Prefetch-Depth1,64.00,1,0.7711,1327.92,0.0482,0.0482,0.0482,0.7711,0.7711,67.32,5426.43,1216.01,0
2026-08-18T07:43:08Z,DataLoader-Streaming,Smart-Prefetch-Depth2,64.00,1,0.4310,2375.62,0.0269,0.0269,0.0269,0.4310,0.4310,40.33,5426.43,1408.01,1
2026-08-18T07:43:09Z,DataLoader-Streaming,Static-NoPrefetch,64.00,1,1.1450,894.34,0.0716,0.0716,0.0716,1.1450,1.1450,57.29,5426.43,1024.00,1
2026-08-18T07:43:10Z,DataLoader-Streaming,Smart-Prefetch-Depth1,64.00,1,0.7932,1291.04,0.0496,0.0496,0.0496,0.7932,0.7932,38.01,5426.43,1216.01,0
2026-08-18T07:43:10Z,DataLoader-Streaming,Smart-Prefetch-Depth2,64.00,1,0.6190,1654.27,0.0387,0.0387,0.0387,0.6190,0.6190,19.66,5426.43,1344.01,1
2026-08-18T07:43:11Z,Columnar-Parquet-Scan,Static-OnDemand,128.00,1,0.3311,120.81,0.3311,0.3311,0.3311,0.3311,0.3311,0.00,5426.43,128.00,0
2026-08-18T07:43:11Z,Columnar-Parquet-Scan,Smart-RangePrefetch,128.00,1,0.3481,114.93,0.3481,0.3481,0.3481,0.3481,0.3481,0.00,5426.43,171.05,0
2026-08-18T07:43:11Z,Columnar-Parquet-Scan,Static-OnDemand,512.00,1,0.3312,120.76,0.3312,0.3312,0.3312,0.3312,0.3312,0.00,5426.43,512.00,1
2026-08-18T07:43:12Z,Columnar-Parquet-Scan,Smart-RangePrefetch,512.00,1,0.3508,114.04,0.3508,0.3508,0.3508,0.3508,0.3508,0.00,5426.43,562.05,0
2026-08-18T07:43:12Z,Memory-Guardrail-Soak,Unbounded-Alloc,4.00,100,0.2464,32467.84,0.2464,0.2464,0.2464,0.2464,0.2464,0.00,5426.43,8000.02,38
2026-08-18T07:43:12Z,Memory-Guardrail-Soak,MemoryGuardrail-SlabPool,4.00,100,0.0472,46064.66,0.0472,0.0472,0.0472,0.0472,0.0472,0.00,5426.43,68.04,1
2026-08-18T07:43:12Z,Orbax-Checkpoint-Write,Static-Fixed16MB,64.00,8,0.0552,9263.97,0.0552,0.0552,0.0552,0.0552,0.0553,0.00,5426.43,0.00,0
2026-08-18T07:43:13Z,Orbax-Checkpoint-Write,Smart-DynamicChunk,64.00,8,0.0526,652.82,0.0526,0.7843,0.7843,0.7843,0.7843,0.00,5426.43,0.00,0
2026-08-18T07:43:14Z,Orbax-Checkpoint-Write,Static-Fixed16MB,64.00,16,0.0533,1340.32,0.0533,0.0533,0.7639,0.7639,0.7640,0.00,5426.43,0.00,0
2026-08-18T07:43:14Z,Orbax-Checkpoint-Write,Smart-DynamicChunk,64.00,16,0.0527,2501.13,0.0527,0.0527,0.4094,0.4094,0.4094,0.00,5426.43,0.00,0
2026-08-18T07:43:15Z,Orbax-Checkpoint-Write,Static-Fixed16MB,64.00,32,0.0534,2577.53,0.0534,0.6903,0.7944,0.7944,0.7946,0.00,5426.43,0.01,0
2026-08-18T07:43:15Z,Orbax-Checkpoint-Write,Smart-DynamicChunk,64.00,32,0.0526,38827.75,0.0526,0.0527,0.0527,0.0527,0.0527,0.00,5426.43,0.01,0
2026-08-18T07:43:16Z,Orbax-Checkpoint-Write,Static-Fixed16MB,256.00,8,0.2125,2186.67,0.2125,0.9365,0.9365,0.9365,0.9366,0.00,5426.43,0.00,0
2026-08-18T07:43:17Z,Orbax-Checkpoint-Write,Smart-DynamicChunk,256.00,8,0.2094,2457.39,0.2094,0.8334,0.8334,0.8334,0.8334,0.00,5426.43,0.00,0
2026-08-18T07:43:17Z,Orbax-Checkpoint-Write,Static-Fixed16MB,256.00,16,0.2131,6524.85,0.2131,0.2132,0.6277,0.6277,0.6278,0.00,5426.43,0.00,0
2026-08-18T07:43:18Z,Orbax-Checkpoint-Write,Smart-DynamicChunk,256.00,16,0.2095,6907.16,0.2095,0.5282,0.5929,0.5929,0.5930,0.00,5426.43,0.00,0
2026-08-18T07:43:19Z,Orbax-Checkpoint-Write,Static-Fixed16MB,256.00,32,0.2128,5517.04,0.2128,0.9368,1.4848,1.4848,1.4849,0.00,5426.43,0.01,0
2026-08-18T07:43:20Z,Orbax-Checkpoint-Write,Smart-DynamicChunk,256.00,32,0.2141,10964.62,0.2141,0.5459,0.7471,0.7471,0.7471,0.00,5426.43,0.01,0
2026-08-18T07:43:23Z,Orbax-Checkpoint-Write,Static-Fixed16MB,512.00,8,0.4274,1607.83,0.4274,2.5475,2.5475,2.5475,2.5475,0.00,5426.43,0.00,0
2026-08-18T07:43:24Z,Orbax-Checkpoint-Write,Smart-DynamicChunk,512.00,8,0.4185,4092.32,0.4185,1.0009,1.0009,1.0009,1.0009,0.00,5426.43,0.00,0
2026-08-18T07:43:25Z,Orbax-Checkpoint-Write,Static-Fixed16MB,512.00,16,0.7423,5641.52,0.7423,1.1466,1.4520,1.4520,1.4521,0.00,5426.43,0.00,0
2026-08-18T07:43:26Z,Orbax-Checkpoint-Write,Smart-DynamicChunk,512.00,16,0.4185,19570.12,0.4185,0.4186,0.4186,0.4186,0.4186,0.00,5426.43,0.00,0
2026-08-18T07:43:27Z,Orbax-Checkpoint-Write,Static-Fixed16MB,512.00,32,0.4284,9325.47,0.4284,1.1583,1.7568,1.7568,1.7569,0.00,5426.43,0.01,0
2026-08-18T07:43:28Z,Orbax-Checkpoint-Write,Smart-DynamicChunk,512.00,32,0.4184,21711.63,0.4184,0.4184,0.7546,0.7546,0.7546,0.00,5426.43,0.01,0
2026-08-18T07:43:31Z,Orbax-Checkpoint-Write,Static-Fixed16MB,1024.00,8,1.3254,3084.18,1.3254,2.6561,2.6561,2.6561,2.6561,0.00,5426.43,0.00,0
2026-08-18T07:43:33Z,Orbax-Checkpoint-Write,Smart-DynamicChunk,1024.00,8,0.8366,3617.74,0.8366,2.2644,2.2644,2.2644,2.2644,0.00,5426.43,0.00,0
2026-08-18T07:43:37Z,Orbax-Checkpoint-Write,Static-Fixed16MB,1024.00,16,1.8674,4578.25,1.8674,3.1215,3.5786,3.5786,3.5787,0.00,5426.43,0.00,0
2026-08-18T07:43:38Z,Orbax-Checkpoint-Write,Smart-DynamicChunk,1024.00,16,0.8405,10401.63,0.8405,1.4472,1.5751,1.5751,1.5751,0.00,5426.43,0.00,0
2026-08-18T07:43:41Z,Orbax-Checkpoint-Write,Static-Fixed16MB,1024.00,32,1.4875,12618.16,1.4875,2.1581,2.5968,2.5968,2.5969,0.00,5426.43,0.01,0
2026-08-18T07:43:43Z,Orbax-Checkpoint-Write,Smart-DynamicChunk,1024.00,32,0.8364,15564.99,0.8364,1.3591,2.1052,2.1052,2.1052,0.00,5426.43,0.01,0
2026-08-18T07:43:43Z,DataLoader-Streaming,Static-NoPrefetch,4.00,1,0.1345,475.70,0.0084,0.0084,0.0084,0.1345,0.1345,35.68,5426.43,64.00,1
2026-08-18T07:43:43Z,DataLoader-Streaming,Smart-Prefetch-Depth1,4.00,1,0.0953,671.29,0.0060,0.0060,0.0060,0.0953,0.0953,9.09,5426.43,84.01,0
2026-08-18T07:43:43Z,DataLoader-Streaming,Smart-Prefetch-Depth2,4.00,1,0.0958,667.79,0.0060,0.0060,0.0060,0.0958,0.0958,8.71,5426.43,92.01,1
2026-08-18T07:43:44Z,DataLoader-Streaming,Static-NoPrefetch,4.00,1,0.2962,216.04,0.0185,0.0185,0.0185,0.2962,0.2962,16.20,5426.43,64.00,1
2026-08-18T07:43:44Z,DataLoader-Streaming,Smart-Prefetch-Depth1,4.00,1,0.2588,247.29,0.0162,0.0162,0.0162,0.2588,0.2588,3.90,5426.43,84.01,1
2026-08-18T07:43:44Z,DataLoader-Streaming,Smart-Prefetch-Depth2,4.00,1,0.2551,250.92,0.0159,0.0159,0.0159,0.2551,0.2551,3.26,5426.43,84.01,1
2026-08-18T07:43:45Z,DataLoader-Streaming,Static-NoPrefetch,4.00,1,0.5358,119.44,0.0335,0.0335,0.0335,0.5358,0.5358,8.96,5426.43,64.00,1
2026-08-18T07:43:45Z,DataLoader-Streaming,Smart-Prefetch-Depth1,4.00,1,0.4958,129.09,0.0310,0.0310,0.0310,0.4958,0.4958,1.83,5426.43,80.01,1
2026-08-18T07:43:46Z,DataLoader-Streaming,Smart-Prefetch-Depth2,4.00,1,0.4964,128.94,0.0310,0.0310,0.0310,0.4964,0.4964,1.79,5426.43,84.01,1
2026-08-18T07:43:46Z,DataLoader-Streaming,Static-NoPrefetch,16.00,1,0.2481,1032.00,0.0155,0.0155,0.0155,0.2481,0.2481,64.50,5426.43,256.00,1
2026-08-18T07:43:46Z,DataLoader-Streaming,Smart-Prefetch-Depth1,16.00,1,0.1956,1309.03,0.0122,0.0122,0.0122,0.1956,0.1956,55.51,5426.43,304.01,1
2026-08-18T07:43:46Z,DataLoader-Streaming,Smart-Prefetch-Depth2,16.00,1,0.1198,2136.56,0.0075,0.0075,0.0075,0.1198,0.1198,25.54,5426.43,336.01,1
2026-08-18T07:43:47Z,DataLoader-Streaming,Static-NoPrefetch,16.00,1,0.4074,628.34,0.0255,0.0255,0.0255,0.4074,0.4074,39.27,5426.43,256.00,1
2026-08-18T07:43:47Z,DataLoader-Streaming,Smart-Prefetch-Depth1,16.00,1,0.2802,913.60,0.0175,0.0175,0.0175,0.2802,0.2802,10.38,5426.43,336.01,1
2026-08-18T07:43:47Z,DataLoader-Streaming,Smart-Prefetch-Depth2,16.00,1,0.2808,911.74,0.0175,0.0175,0.0175,0.2808,0.2808,11.10,5426.43,352.01,1
2026-08-18T07:43:48Z,DataLoader-Streaming,Static-NoPrefetch,16.00,1,0.6478,395.20,0.0405,0.0405,0.0405,0.6478,0.6478,24.70,5426.43,256.00,1
2026-08-18T07:43:48Z,DataLoader-Streaming,Smart-Prefetch-Depth1,16.00,1,0.5217,490.68,0.0326,0.0326,0.0326,0.5217,0.5217,5.70,5426.43,352.01,1
2026-08-18T07:43:49Z,DataLoader-Streaming,Smart-Prefetch-Depth2,16.00,1,0.5240,488.59,0.0327,0.0327,0.0327,0.5240,0.5240,5.98,5426.43,352.01,1
2026-08-18T07:43:50Z,DataLoader-Streaming,Static-NoPrefetch,64.00,1,0.7459,1372.89,0.0466,0.0466,0.0466,0.7459,0.7459,87.95,5426.43,1024.00,1
2026-08-18T07:43:51Z,DataLoader-Streaming,Smart-Prefetch-Depth1,64.00,1,0.7574,1352.00,0.0473,0.0473,0.0473,0.7574,0.7574,88.01,5426.43,1216.01,1
2026-08-18T07:43:51Z,DataLoader-Streaming,Smart-Prefetch-Depth2,64.00,1,0.4029,2541.65,0.0252,0.0252,0.0252,0.4029,0.4029,77.42,5426.43,1408.01,1
2026-08-18T07:43:52Z,DataLoader-Streaming,Static-NoPrefetch,64.00,1,0.9046,1132.00,0.0565,0.0565,0.0565,0.9046,0.9046,72.52,5426.43,1024.00,1
2026-08-18T07:43:53Z,DataLoader-Streaming,Smart-Prefetch-Depth1,64.00,1,0.7647,1339.15,0.0478,0.0478,0.0478,0.7647,0.7647,67.21,5426.43,1216.01,0
2026-08-18T07:43:53Z,DataLoader-Streaming,Smart-Prefetch-Depth2,64.00,1,0.4192,2442.95,0.0262,0.0262,0.0262,0.4192,0.4192,39.69,5426.43,1408.01,1
2026-08-18T07:43:55Z,DataLoader-Streaming,Static-NoPrefetch,64.00,1,1.1440,895.07,0.0715,0.0715,0.0715,1.1440,1.1440,57.34,5426.43,1024.00,1
2026-08-18T07:43:56Z,DataLoader-Streaming,Smart-Prefetch-Depth1,64.00,1,0.7792,1314.22,0.0487,0.0487,0.0487,0.7792,0.7792,36.97,5426.43,1216.01,0
2026-08-18T07:43:56Z,DataLoader-Streaming,Smart-Prefetch-Depth2,64.00,1,0.6118,1673.63,0.0382,0.0382,0.0382,0.6118,0.6118,18.92,5426.43,1344.01,1
2026-08-18T07:43:57Z,Columnar-Parquet-Scan,Static-OnDemand,128.00,1,0.3305,121.04,0.3305,0.3305,0.3305,0.3305,0.3305,0.00,5426.43,128.00,0
2026-08-18T07:43:57Z,Columnar-Parquet-Scan,Smart-RangePrefetch,128.00,1,0.3463,115.51,0.3463,0.3463,0.3463,0.3463,0.3463,0.00,5426.43,174.05,0
2026-08-18T07:43:57Z,Columnar-Parquet-Scan,Static-OnDemand,512.00,1,0.3303,121.10,0.3303,0.3303,0.3303,0.3303,0.3303,0.00,5426.43,512.00,0
2026-08-18T07:43:58Z,Columnar-Parquet-Scan,Smart-RangePrefetch,512.00,1,0.3443,116.19,0.3443,0.3443,0.3443,0.3443,0.3443,0.00,5426.43,559.05,1
2026-08-18T07:43:58Z,Memory-Guardrail-Soak,Unbounded-Alloc,4.00,100,0.2342,34158.46,0.2342,0.2342,0.2342,0.2342,0.2342,0.00,5426.43,8000.02,31
2026-08-18T07:43:58Z,Memory-Guardrail-Soak,MemoryGuardrail-SlabPool,4.00,100,0.0486,46869.35,0.0486,0.0486,0.0486,0.0486,0.0486,0.00,5426.43,72.04,1
2026-08-18T07:43:58Z,Orbax-Checkpoint-Write,Static-Fixed16MB,64.00,8,0.0549,9319.93,0.0549,0.0549,0.0549,0.0549,0.0549,0.00,5426.43,0.00,0
2026-08-18T07:43:59Z,Orbax-Checkpoint-Write,Smart-DynamicChunk,64.00,8,0.0524,765.27,0.0524,0.6690,0.6690,0.6690,0.6690,0.00,5426.43,0.00,0
2026-08-18T07:43:59Z,Orbax-Checkpoint-Write,Static-Fixed16MB,64.00,16,0.0530,2150.83,0.0530,0.0530,0.4761,0.4761,0.4761,0.00,5426.43,0.00,0
2026-08-18T07:43:59Z,Orbax-Checkpoint-Write,Smart-DynamicChunk,64.00,16,0.0525,19478.98,0.0525,0.0525,0.0525,0.0525,0.0526,0.00,5426.43,0.00,0
2026-08-18T07:44:00Z,Orbax-Checkpoint-Write,Static-Fixed16MB,64.00,32,0.0530,2441.37,0.0530,0.0530,0.8388,0.8388,0.8389,0.00,5426.43,0.01,0
2026-08-18T07:44:01Z,Orbax-Checkpoint-Write,Smart-DynamicChunk,64.00,32,0.0526,2978.61,0.0526,0.0526,0.6875,0.6875,0.6876,0.00,5426.43,0.01,0
2026-08-18T07:44:02Z,Orbax-Checkpoint-Write,Static-Fixed16MB,256.00,8,0.7765,1567.35,0.7765,1.3066,1.3066,1.3066,1.3067,0.00,5426.43,0.00,0
2026-08-18T07:44:02Z,Orbax-Checkpoint-Write,Smart-DynamicChunk,256.00,8,0.2093,9782.24,0.2093,0.2093,0.2093,0.2093,0.2094,0.00,5426.43,0.00,0
2026-08-18T07:44:03Z,Orbax-Checkpoint-Write,Static-Fixed16MB,256.00,16,0.2128,4432.82,0.2128,0.7754,0.9240,0.9240,0.9240,0.00,5426.43,0.00,0
2026-08-18T07:44:04Z,Orbax-Checkpoint-Write,Smart-DynamicChunk,256.00,16,0.2095,4958.22,0.2095,0.7927,0.8260,0.8260,0.8261,0.00,5426.43,0.00,0
2026-08-18T07:44:06Z,Orbax-Checkpoint-Write,Static-Fixed16MB,256.00,32,0.2129,4293.48,0.2129,0.9846,1.9079,1.9079,1.9080,0.00,5426.43,0.01,0
2026-08-18T07:44:07Z,Orbax-Checkpoint-Write,Smart-DynamicChunk,256.00,32,0.2095,10588.33,0.2095,0.2096,0.7736,0.7736,0.7737,0.00,5426.43,0.01,0
2026-08-18T07:44:08Z,Orbax-Checkpoint-Write,Static-Fixed16MB,512.00,8,0.4246,4030.10,0.4246,1.0163,1.0163,1.0163,1.0164,0.00,5426.43,0.00,0
2026-08-18T07:44:09Z,Orbax-Checkpoint-Write,Smart-DynamicChunk,512.00,8,0.4185,3619.41,0.4185,1.1316,1.1316,1.1316,1.1317,0.00,5426.43,0.00,0
2026-08-18T07:44:11Z,Orbax-Checkpoint-Write,Static-Fixed16MB,512.00,16,0.8535,4128.66,0.8535,1.6538,1.9841,1.9841,1.9842,0.00,5426.43,0.00,0
2026-08-18T07:44:12Z,Orbax-Checkpoint-Write,Smart-DynamicChunk,512.00,16,0.4187,7044.51,0.4187,1.0872,1.1628,1.1628,1.1629,0.00,5426.43,0.00,0
2026-08-18T07:44:14Z,Orbax-Checkpoint-Write,Static-Fixed16MB,512.00,32,0.4251,9170.64,0.4251,1.2217,1.7865,1.7865,1.7866,0.00,5426.43,0.01,0
2026-08-18T07:44:15Z,Orbax-Checkpoint-Write,Smart-DynamicChunk,512.00,32,0.4186,13937.30,0.4186,0.9731,1.1755,1.1755,1.1756,0.00,5426.43,0.01,0
2026-08-18T07:44:17Z,Orbax-Checkpoint-Write,Static-Fixed16MB,1024.00,8,1.3107,3714.86,1.3107,2.2052,2.2052,2.2052,2.2052,0.00,5426.43,0.00,0
2026-08-18T07:44:19Z,Orbax-Checkpoint-Write,Smart-DynamicChunk,1024.00,8,1.3782,5565.69,1.3782,1.4718,1.4718,1.4718,1.4719,0.00,5426.43,0.00,0
2026-08-18T07:44:22Z,Orbax-Checkpoint-Write,Static-Fixed16MB,1024.00,16,1.5538,4552.62,1.5538,2.5133,3.5988,3.5988,3.5988,0.00,5426.43,0.00,0
2026-08-18T07:44:24Z,Orbax-Checkpoint-Write,Smart-DynamicChunk,1024.00,16,0.8386,7975.57,0.8386,0.8386,2.0542,2.0542,2.0543,0.00,5426.43,0.00,0
2026-08-18T07:44:27Z,Orbax-Checkpoint-Write,Static-Fixed16MB,1024.00,32,1.3048,12163.74,1.3048,2.4541,2.6938,2.6938,2.6939,0.00,5426.43,0.01,0
2026-08-18T07:44:29Z,Orbax-Checkpoint-Write,Smart-DynamicChunk,1024.00,32,0.8383,15541.23,0.8383,1.4565,2.1084,2.1084,2.1085,0.00,5426.43,0.01,0
2026-08-18T07:44:29Z,DataLoader-Streaming,Static-NoPrefetch,4.00,1,0.1359,470.79,0.0085,0.0085,0.0085,0.1359,0.1359,35.31,5426.43,64.00,1
2026-08-18T07:44:29Z,DataLoader-Streaming,Smart-Prefetch-Depth1,4.00,1,0.0947,675.50,0.0059,0.0059,0.0059,0.0947,0.0947,9.34,5426.43,84.01,1
2026-08-18T07:44:29Z,DataLoader-Streaming,Smart-Prefetch-Depth2,4.00,1,0.0964,663.99,0.0060,0.0060,0.0060,0.0964,0.0964,10.60,5426.43,84.01,1
2026-08-18T07:44:30Z,DataLoader-Streaming,Static-NoPrefetch,4.00,1,0.2969,215.55,0.0186,0.0186,0.0186,0.2969,0.2969,16.17,5426.43,64.00,1
2026-08-18T07:44:30Z,DataLoader-Streaming,Smart-Prefetch-Depth1,4.00,1,0.2577,248.32,0.0161,0.0161,0.0161,0.2577,0.2577,4.19,5426.43,80.01,1
2026-08-18T07:44:30Z,DataLoader-Streaming,Smart-Prefetch-Depth2,4.00,1,0.2557,250.29,0.0160,0.0160,0.0160,0.2557,0.2557,3.49,5426.43,88.01,1
2026-08-18T07:44:31Z,DataLoader-Streaming,Static-NoPrefetch,4.00,1,0.5372,119.13,0.0336,0.0336,0.0336,0.5372,0.5372,8.93,5426.43,64.00,1
2026-08-18T07:44:31Z,DataLoader-Streaming,Smart-Prefetch-Depth1,4.00,1,0.4964,128.92,0.0310,0.0310,0.0310,0.4964,0.4964,1.85,5426.43,80.01,1
2026-08-18T07:44:32Z,DataLoader-Streaming,Smart-Prefetch-Depth2,4.00,1,0.4971,128.74,0.0311,0.0311,0.0311,0.4971,0.4971,1.88,5426.43,84.01,1
2026-08-18T07:44:32Z,DataLoader-Streaming,Static-NoPrefetch,16.00,1,0.2469,1036.74,0.0154,0.0154,0.0154,0.2469,0.2469,64.80,5426.43,256.00,1
2026-08-18T07:44:32Z,DataLoader-Streaming,Smart-Prefetch-Depth1,16.00,1,0.1967,1301.27,0.0123,0.0123,0.0123,0.1967,0.1967,55.64,5426.43,304.01,1
2026-08-18T07:44:32Z,DataLoader-Streaming,Smart-Prefetch-Depth2,16.00,1,0.1214,2109.47,0.0076,0.0076,0.0076,0.1214,0.1214,25.52,5426.43,352.01,1
2026-08-18T07:44:33Z,DataLoader-Streaming,Static-NoPrefetch,16.00,1,0.4085,626.72,0.0255,0.0255,0.0255,0.4085,0.4085,39.17,5426.43,256.00,1
2026-08-18T07:44:33Z,DataLoader-Streaming,Smart-Prefetch-Depth1,16.00,1,0.2817,908.79,0.0176,0.0176,0.0176,0.2817,0.2817,10.57,5426.43,336.01,1
2026-08-18T07:44:34Z,DataLoader-Streaming,Smart-Prefetch-Depth2,16.00,1,0.2845,899.82,0.0178,0.0178,0.0178,0.2845,0.2845,12.24,5426.43,352.01,1
2026-08-18T07:44:34Z,DataLoader-Streaming,Static-NoPrefetch,16.00,1,0.6479,395.13,0.0405,0.0405,0.0405,0.6479,0.6479,24.70,5426.43,256.00,1
2026-08-18T07:44:35Z,DataLoader-Streaming,Smart-Prefetch-Depth1,16.00,1,0.5250,487.59,0.0328,0.0328,0.0328,0.5250,0.5250,6.45,5426.43,336.01,1
2026-08-18T07:44:35Z,DataLoader-Streaming,Smart-Prefetch-Depth2,16.00,1,0.5209,491.45,0.0326,0.0326,0.0326,0.5209,0.5209,5.55,5426.43,352.01,1
2026-08-18T07:44:36Z,DataLoader-Streaming,Static-NoPrefetch,64.00,1,0.7448,1374.90,0.0465,0.0465,0.0465,0.7448,0.7448,88.08,5426.43,1024.00,1
2026-08-18T07:44:37Z,DataLoader-Streaming,Smart-Prefetch-Depth1,64.00,1,0.7645,1339.49,0.0478,0.0478,0.0478,0.7645,0.7645,87.82,5426.43,1216.01,1
2026-08-18T07:44:37Z,DataLoader-Streaming,Smart-Prefetch-Depth2,64.00,1,0.4093,2501.99,0.0256,0.0256,0.0256,0.4093,0.4093,77.81,5426.43,1408.01,1
2026-08-18T07:44:39Z,DataLoader-Streaming,Static-NoPrefetch,64.00,1,0.9040,1132.74,0.0565,0.0565,0.0565,0.9040,0.9040,72.57,5426.43,1024.00,1
2026-08-18T07:44:39Z,DataLoader-Streaming,Smart-Prefetch-Depth1,64.00,1,0.7652,1338.28,0.0478,0.0478,0.0478,0.7652,0.7652,67.07,5426.43,1216.01,0
2026-08-18T07:44:40Z,DataLoader-Streaming,Smart-Prefetch-Depth2,64.00,1,0.4328,2366.20,0.0270,0.0270,0.0270,0.4328,0.4328,39.08,5426.43,1408.01,1
2026-08-18T07:44:41Z,DataLoader-Streaming,Static-NoPrefetch,64.00,1,1.1442,894.94,0.0715,0.0715,0.0715,1.1442,1.1442,57.33,5426.43,1024.00,1
2026-08-18T07:44:42Z,DataLoader-Streaming,Smart-Prefetch-Depth1,64.00,1,0.7784,1315.54,0.0486,0.0486,0.0486,0.7784,0.7784,36.98,5426.43,1216.01,0
2026-08-18T07:44:43Z,DataLoader-Streaming,Smart-Prefetch-Depth2,64.00,1,0.6220,1646.25,0.0389,0.0389,0.0389,0.6220,0.6220,20.66,5426.43,1408.01,1
2026-08-18T07:44:43Z,Columnar-Parquet-Scan,Static-OnDemand,128.00,1,0.3286,121.73,0.3286,0.3286,0.3286,0.3286,0.3286,0.00,5426.43,128.00,0
2026-08-18T07:44:43Z,Columnar-Parquet-Scan,Smart-RangePrefetch,128.00,1,0.3428,116.69,0.3428,0.3428,0.3428,0.3428,0.3428,0.00,5426.43,172.05,0
2026-08-18T07:44:44Z,Columnar-Parquet-Scan,Static-OnDemand,512.00,1,0.3328,120.18,0.3328,0.3328,0.3328,0.3328,0.3328,0.00,5426.43,512.00,1
2026-08-18T07:44:44Z,Columnar-Parquet-Scan,Smart-RangePrefetch,512.00,1,0.3441,116.24,0.3441,0.3441,0.3441,0.3441,0.3441,0.00,5426.43,561.05,0
2026-08-18T07:44:44Z,Memory-Guardrail-Soak,Unbounded-Alloc,4.00,100,0.2479,32273.46,0.2479,0.2479,0.2479,0.2479,0.2479,0.00,5426.43,8000.02,33
2026-08-18T07:44:44Z,Memory-Guardrail-Soak,MemoryGuardrail-SlabPool,4.00,100,0.0490,45153.54,0.0490,0.0490,0.0490,0.0490,0.0490,0.00,5426.43,76.04,1
2026-08-18T07:44:44Z,Orbax-Checkpoint-Write,Static-Fixed16MB,64.00,8,0.0533,9600.33,0.0533,0.0533,0.0533,0.0533,0.0533,0.00,5426.43,0.00,0
2026-08-18T07:44:45Z,Orbax-Checkpoint-Write,Smart-DynamicChunk,64.00,8,0.0526,9694.28,0.0526,0.0527,0.0527,0.0527,0.0528,0.00,5426.43,0.00,0
2026-08-18T07:44:45Z,Orbax-Checkpoint-Write,Static-Fixed16MB,64.00,16,0.0531,1747.67,0.0531,0.0532,0.5859,0.5859,0.5859,0.00,5426.43,0.00,0
2026-08-18T07:44:45Z,Orbax-Checkpoint-Write,Smart-DynamicChunk,64.00,16,0.0526,19441.03,0.0526,0.0526,0.0526,0.0526,0.0527,0.00,5426.43,0.00,0
2026-08-18T07:44:46Z,Orbax-Checkpoint-Write,Static-Fixed16MB,64.00,32,0.0532,5043.59,0.0532,0.0533,0.4060,0.4060,0.4061,0.00,5426.43,0.01,0
2026-08-18T07:44:46Z,Orbax-Checkpoint-Write,Smart-DynamicChunk,64.00,32,0.0527,3817.98,0.0527,0.0528,0.5363,0.5363,0.5364,0.00,5426.43,0.01,0
2026-08-18T07:44:47Z,Orbax-Checkpoint-Write,Static-Fixed16MB,256.00,8,0.2119,2386.04,0.2119,0.8583,0.8583,0.8583,0.8583,0.00,5426.43,0.00,0
2026-08-18T07:44:47Z,Orbax-Checkpoint-Write,Smart-DynamicChunk,256.00,8,0.2094,9778.97,0.2094,0.2094,0.2094,0.2094,0.2094,0.00,5426.43,0.00,0
2026-08-18T07:44:48Z,Orbax-Checkpoint-Write,Static-Fixed16MB,256.00,16,0.2122,5168.34,0.2122,0.6612,0.7925,0.7925,0.7925,0.00,5426.43,0.00,0
2026-08-18T07:44:48Z,Orbax-Checkpoint-Write,Smart-DynamicChunk,256.00,16,0.2095,19546.83,0.2095,0.2095,0.2095,0.2095,0.2095,0.00,5426.43,0.00,0
2026-08-18T07:44:49Z,Orbax-Checkpoint-Write,Static-Fixed16MB,256.00,32,0.2125,6553.88,0.2125,0.9505,1.2499,1.2499,1.2499,0.00,5426.43,0.01,0
2026-08-18T07:44:50Z,Orbax-Checkpoint-Write,Smart-DynamicChunk,256.00,32,0.2098,9011.15,0.2098,0.2098,0.9090,0.9090,0.9091,0.00,5426.43,0.01,0
2026-08-18T07:44:52Z,Orbax-Checkpoint-Write,Static-Fixed16MB,512.00,8,0.9481,1922.02,0.9481,2.1310,2.1310,2.1310,2.1311,0.00,5426.43,0.00,0
2026-08-18T07:44:54Z,Orbax-Checkpoint-Write,Smart-DynamicChunk,512.00,8,0.8832,2407.72,0.8832,1.7012,1.7012,1.7012,1.7012,0.00,5426.43,0.00,0
2026-08-18T07:44:56Z,Orbax-Checkpoint-Write,Static-Fixed16MB,512.00,16,0.7983,5300.65,0.7983,1.2434,1.5454,1.5454,1.5455,0.00,5426.43,0.00,0
2026-08-18T07:44:57Z,Orbax-Checkpoint-Write,Smart-DynamicChunk,512.00,16,0.4188,7390.40,0.4188,0.8037,1.1084,1.1084,1.1085,0.00,5426.43,0.00,0
2026-08-18T07:44:59Z,Orbax-Checkpoint-Write,Static-Fixed16MB,512.00,32,0.8160,9135.77,0.8160,1.2055,1.7933,1.7933,1.7934,0.00,5426.43,0.01,0
2026-08-18T07:45:00Z,Orbax-Checkpoint-Write,Smart-DynamicChunk,512.00,32,0.4184,13719.55,0.4184,1.0668,1.1941,1.1941,1.1942,0.00,5426.43,0.01,0
2026-08-18T07:45:02Z,Orbax-Checkpoint-Write,Static-Fixed16MB,1024.00,8,1.9887,3332.36,1.9887,2.4583,2.4583,2.4583,2.4583,0.00,5426.43,0.00,0
2026-08-18T07:45:04Z,Orbax-Checkpoint-Write,Smart-DynamicChunk,1024.00,8,0.8367,5418.60,0.8367,1.5118,1.5118,1.5118,1.5118,0.00,5426.43,0.00,0
2026-08-18T07:45:06Z,Orbax-Checkpoint-Write,Static-Fixed16MB,1024.00,16,1.4160,6196.10,1.4160,2.2954,2.6442,2.6442,2.6442,0.00,5426.43,0.00,0
2026-08-18T07:45:09Z,Orbax-Checkpoint-Write,Smart-DynamicChunk,1024.00,16,0.8380,7884.95,0.8380,1.9940,2.0778,2.0778,2.0779,0.00,5426.43,0.00,0
2026-08-18T07:45:11Z,Orbax-Checkpoint-Write,Static-Fixed16MB,1024.00,32,1.4548,11447.26,1.4548,2.3491,2.8624,2.8624,2.8625,0.00,5426.43,0.01,0
2026-08-18T07:45:14Z,Orbax-Checkpoint-Write,Smart-DynamicChunk,1024.00,32,0.8391,13026.22,0.8391,1.3941,2.5154,2.5154,2.5155,0.00,5426.43,0.01,0
2026-08-18T07:45:14Z,DataLoader-Streaming,Static-NoPrefetch,4.00,1,0.1360,470.51,0.0085,0.0085,0.0085,0.1360,0.1360,35.29,5426.43,64.00,1
2026-08-18T07:45:14Z,DataLoader-Streaming,Smart-Prefetch-Depth1,4.00,1,0.0944,678.00,0.0059,0.0059,0.0059,0.0944,0.0944,9.26,5426.43,80.01,0
2026-08-18T07:45:14Z,DataLoader-Streaming,Smart-Prefetch-Depth2,4.00,1,0.0964,664.06,0.0060,0.0060,0.0060,0.0964,0.0964,9.11,5426.43,84.01,1
2026-08-18T07:45:15Z,DataLoader-Streaming,Static-NoPrefetch,4.00,1,0.3010,212.60,0.0188,0.0188,0.0188,0.3010,0.3010,15.94,5426.43,64.00,1
2026-08-18T07:45:15Z,DataLoader-Streaming,Smart-Prefetch-Depth1,4.00,1,0.2579,248.16,0.0161,0.0161,0.0161,0.2579,0.2579,4.01,5426.43,84.01,1
2026-08-18T07:45:15Z,DataLoader-Streaming,Smart-Prefetch-Depth2,4.00,1,0.2554,250.61,0.0160,0.0160,0.0160,0.2554,0.2554,3.72,5426.43,84.01,1
2026-08-18T07:45:16Z,DataLoader-Streaming,Static-NoPrefetch,4.00,1,0.5367,119.25,0.0335,0.0335,0.0335,0.5367,0.5367,8.94,5426.43,64.00,1
2026-08-18T07:45:16Z,DataLoader-Streaming,Smart-Prefetch-Depth1,4.00,1,0.4950,129.29,0.0309,0.0309,0.0309,0.4950,0.4950,1.72,5426.43,80.01,1
2026-08-18T07:45:17Z,DataLoader-Streaming,Smart-Prefetch-Depth2,4.00,1,0.4976,128.62,0.0311,0.0311,0.0311,0.4976,0.4976,1.92,5426.43,88.01,1
2026-08-18T07:45:17Z,DataLoader-Streaming,Static-NoPrefetch,16.00,1,0.2481,1031.95,0.0155,0.0155,0.0155,0.2481,0.2481,64.50,5426.43,256.00,1
2026-08-18T07:45:17Z,DataLoader-Streaming,Smart-Prefetch-Depth1,16.00,1,0.1968,1300.57,0.0123,0.0123,0.0123,0.1968,0.1968,55.97,5426.43,320.01,1
2026-08-18T07:45:17Z,DataLoader-Streaming,Smart-Prefetch-Depth2,16.00,1,0.1265,2024.03,0.0079,0.0079,0.0079,0.1265,0.1265,26.64,5426.43,352.01,1
2026-08-18T07:45:18Z,DataLoader-Streaming,Static-NoPrefetch,16.00,1,0.4157,615.80,0.0260,0.0260,0.0260,0.4157,0.4157,38.49,5426.43,256.00,1
2026-08-18T07:45:18Z,DataLoader-Streaming,Smart-Prefetch-Depth1,16.00,1,0.2832,903.90,0.0177,0.0177,0.0177,0.2832,0.2832,11.24,5426.43,352.01,1
2026-08-18T07:45:18Z,DataLoader-Streaming,Smart-Prefetch-Depth2,16.00,1,0.2812,910.31,0.0176,0.0176,0.0176,0.2812,0.2812,10.90,5426.43,352.01,1
2026-08-18T07:45:19Z,DataLoader-Streaming,Static-NoPrefetch,16.00,1,0.6514,393.00,0.0407,0.0407,0.0407,0.6514,0.6514,24.56,5426.43,256.00,1
2026-08-18T07:45:19Z,DataLoader-Streaming,Smart-Prefetch-Depth1,16.00,1,0.5222,490.26,0.0326,0.0326,0.0326,0.5222,0.5222,6.04,5426.43,336.01,1
2026-08-18T07:45:20Z,DataLoader-Streaming,Smart-Prefetch-Depth2,16.00,1,0.5235,489.05,0.0327,0.0327,0.0327,0.5235,0.5235,5.60,5426.43,352.01,1
2026-08-18T07:45:21Z,DataLoader-Streaming,Static-NoPrefetch,64.00,1,0.7446,1375.18,0.0465,0.0465,0.0465,0.7446,0.7446,88.10,5426.43,1024.00,1
2026-08-18T07:45:22Z,DataLoader-Streaming,Smart-Prefetch-Depth1,64.00,1,0.7566,1353.45,0.0473,0.0473,0.0473,0.7566,0.7566,87.70,5426.43,1216.01,1
2026-08-18T07:45:22Z,DataLoader-Streaming,Smart-Prefetch-Depth2,64.00,1,0.4014,2551.18,0.0251,0.0251,0.0251,0.4014,0.4014,77.33,5426.43,1408.01,1
2026-08-18T07:45:23Z,DataLoader-Streaming,Static-NoPrefetch,64.00,1,0.9043,1132.43,0.0565,0.0565,0.0565,0.9043,0.9043,72.55,5426.43,1024.00,1
2026-08-18T07:45:24Z,DataLoader-Streaming,Smart-Prefetch-Depth1,64.00,1,0.7693,1331.17,0.0481,0.0481,0.0481,0.7693,0.7693,67.38,5426.43,1216.01,0
2026-08-18T07:45:25Z,DataLoader-Streaming,Smart-Prefetch-Depth2,64.00,1,0.4270,2398.24,0.0267,0.0267,0.0267,0.4270,0.4270,39.72,5426.43,1408.01,1
2026-08-18T07:45:26Z,DataLoader-Streaming,Static-NoPrefetch,64.00,1,1.1444,894.81,0.0715,0.0715,0.0715,1.1444,1.1444,57.32,5426.43,1024.00,1
2026-08-18T07:45:27Z,DataLoader-Streaming,Smart-Prefetch-Depth1,64.00,1,0.7913,1293.99,0.0495,0.0495,0.0495,0.7913,0.7913,37.17,5426.43,1216.01,0
2026-08-18T07:45:27Z,DataLoader-Streaming,Smart-Prefetch-Depth2,64.00,1,0.6117,1673.94,0.0382,0.0382,0.0382,0.6117,0.6117,18.90,5426.43,1344.01,1
2026-08-18T07:45:28Z,Columnar-Parquet-Scan,Static-OnDemand,128.00,1,0.3313,120.73,0.3313,0.3313,0.3313,0.3313,0.3313,0.00,5426.43,128.00,0
2026-08-18T07:45:28Z,Columnar-Parquet-Scan,Smart-RangePrefetch,128.00,1,0.3474,115.14,0.3474,0.3474,0.3474,0.3474,0.3474,0.00,5426.43,172.05,0
2026-08-18T07:45:28Z,Columnar-Parquet-Scan,Static-OnDemand,512.00,1,0.3324,120.33,0.3324,0.3324,0.3324,0.3324,0.3324,0.00,5426.43,512.00,1
2026-08-18T07:45:29Z,Columnar-Parquet-Scan,Smart-RangePrefetch,512.00,1,0.3519,113.67,0.3519,0.3519,0.3519,0.3519,0.3519,0.00,5426.43,561.05,0
2026-08-18T07:45:29Z,Memory-Guardrail-Soak,Unbounded-Alloc,4.00,100,0.2355,33974.61,0.2355,0.2355,0.2355,0.2355,0.2355,0.00,5426.43,8000.02,32
2026-08-18T07:45:29Z,Memory-Guardrail-Soak,MemoryGuardrail-SlabPool,4.00,100,0.0485,45978.10,0.0485,0.0485,0.0485,0.0485,0.0485,0.00,5426.43,68.04,2
2026-08-18T07:45:30Z,Orbax-Checkpoint-Write,Static-Fixed16MB,64.00,8,0.0533,376.03,0.0533,1.3616,1.3616,1.3616,1.3616,0.00,5426.43,0.00,0
2026-08-18T07:45:31Z,Orbax-Checkpoint-Write,Smart-DynamicChunk,64.00,8,0.0526,1408.13,0.0526,0.3636,0.3636,0.3636,0.3636,0.00,5426.43,0.00,0
2026-08-18T07:45:32Z,Orbax-Checkpoint-Write,Static-Fixed16MB,64.00,16,0.0531,1360.65,0.0531,0.6951,0.7525,0.7525,0.7526,0.00,5426.43,0.00,0
2026-08-18T07:45:32Z,Orbax-Checkpoint-Write,Smart-DynamicChunk,64.00,16,0.0525,19462.04,0.0525,0.0525,0.0526,0.0526,0.0526,0.00,5426.43,0.00,0
2026-08-18T07:45:33Z,Orbax-Checkpoint-Write,Static-Fixed16MB,64.00,32,0.0531,1723.92,0.0531,0.0532,1.1879,1.1879,1.1880,0.00,5426.43,0.01,0
2026-08-18T07:45:33Z,Orbax-Checkpoint-Write,Smart-DynamicChunk,64.00,32,0.0526,4950.32,0.0526,0.0527,0.4136,0.4136,0.4137,0.00,5426.43,0.01,0
2026-08-18T07:45:34Z,Orbax-Checkpoint-Write,Static-Fixed16MB,256.00,8,0.2121,2197.32,0.2121,0.9320,0.9320,0.9320,0.9320,0.00,5426.43,0.00,0
2026-08-18T07:45:35Z,Orbax-Checkpoint-Write,Smart-DynamicChunk,256.00,8,0.2095,2082.04,0.2095,0.9836,0.9836,0.9836,0.9837,0.00,5426.43,0.00,0
2026-08-18T07:45:36Z,Orbax-Checkpoint-Write,Static-Fixed16MB,256.00,16,0.2126,4043.71,0.2126,0.9802,1.0129,1.0129,1.0129,0.00,5426.43,0.00,0
2026-08-18T07:45:37Z,Orbax-Checkpoint-Write,Smart-DynamicChunk,256.00,16,0.2094,4863.12,0.2094,0.7410,0.8422,0.8422,0.8423,0.00,5426.43,0.00,0
2026-08-18T07:45:39Z,Orbax-Checkpoint-Write,Static-Fixed16MB,256.00,32,0.2120,5093.75,0.2120,0.7972,1.6082,1.6082,1.6082,0.00,5426.43,0.01,0
2026-08-18T07:45:40Z,Orbax-Checkpoint-Write,Smart-DynamicChunk,256.00,32,0.2094,8924.62,0.2094,0.2094,0.9178,0.9178,0.9179,0.00,5426.43,0.01,0
2026-08-18T07:45:41Z,Orbax-Checkpoint-Write,Static-Fixed16MB,512.00,8,0.7493,3458.57,0.7493,1.1843,1.1843,1.1843,1.1843,0.00,5426.43,0.00,0
2026-08-18T07:45:42Z,Orbax-Checkpoint-Write,Smart-DynamicChunk,512.00,8,0.4182,3380.81,0.4182,1.2115,1.2115,1.2115,1.2115,0.00,5426.43,0.00,0
2026-08-18T07:45:44Z,Orbax-Checkpoint-Write,Static-Fixed16MB,512.00,16,0.7993,4852.35,0.7993,1.5644,1.6882,1.6882,1.6883,0.00,5426.43,0.00,0
2026-08-18T07:45:44Z,Orbax-Checkpoint-Write,Smart-DynamicChunk,512.00,16,0.4187,10808.72,0.4187,0.4188,0.7579,0.7579,0.7579,0.00,5426.43,0.00,0
2026-08-18T07:45:46Z,Orbax-Checkpoint-Write,Static-Fixed16MB,512.00,32,0.8572,10228.19,0.8572,1.3665,1.6018,1.6018,1.6018,0.00,5426.43,0.01,0
2026-08-18T07:45:48Z,Orbax-Checkpoint-Write,Smart-DynamicChunk,512.00,32,0.4184,8896.78,0.4184,0.9724,1.8415,1.8415,1.8416,0.00,5426.43,0.01,0
2026-08-18T07:45:51Z,Orbax-Checkpoint-Write,Static-Fixed16MB,1024.00,8,1.9812,2526.15,1.9812,3.2429,3.2429,3.2429,3.2429,0.00,5426.43,0.00,0
2026-08-18T07:45:52Z,Orbax-Checkpoint-Write,Smart-DynamicChunk,1024.00,8,0.8363,5757.95,0.8363,1.4227,1.4227,1.4227,1.4227,0.00,5426.43,0.00,0
2026-08-18T07:45:55Z,Orbax-Checkpoint-Write,Static-Fixed16MB,1024.00,16,1.2342,6425.33,1.2342,2.1394,2.5498,2.5498,2.5499,0.00,5426.43,0.00,0
2026-08-18T07:45:57Z,Orbax-Checkpoint-Write,Smart-DynamicChunk,1024.00,16,0.8382,10541.39,0.8382,1.5168,1.5542,1.5542,1.5543,0.00,5426.43,0.00,0
2026-08-18T07:46:00Z,Orbax-Checkpoint-Write,Static-Fixed16MB,1024.00,32,1.4741,9888.90,1.4741,2.5446,3.3135,3.3135,3.3136,0.00,5426.43,0.01,0
2026-08-18T07:46:02Z,Orbax-Checkpoint-Write,Smart-DynamicChunk,1024.00,32,0.8392,19233.55,0.8392,1.4824,1.7036,1.7036,1.7037,0.00,5426.43,0.01,0
2026-08-18T07:46:02Z,DataLoader-Streaming,Static-NoPrefetch,4.00,1,0.1361,470.33,0.0085,0.0085,0.0085,0.1361,0.1361,35.27,5426.43,64.00,1
2026-08-18T07:46:02Z,DataLoader-Streaming,Smart-Prefetch-Depth1,4.00,1,0.0948,674.81,0.0059,0.0059,0.0059,0.0948,0.0948,9.63,5426.43,80.01,0
2026-08-18T07:46:02Z,DataLoader-Streaming,Smart-Prefetch-Depth2,4.00,1,0.0966,662.51,0.0060,0.0060,0.0060,0.0966,0.0966,8.78,5426.43,92.01,1
2026-08-18T07:46:02Z,DataLoader-Streaming,Static-NoPrefetch,4.00,1,0.2966,215.76,0.0185,0.0185,0.0185,0.2966,0.2966,16.18,5426.43,64.00,1
2026-08-18T07:46:03Z,DataLoader-Streaming,Smart-Prefetch-Depth1,4.00,1,0.2575,248.58,0.0161,0.0161,0.0161,0.2575,0.2575,3.59,5426.43,84.01,1
2026-08-18T07:46:03Z,DataLoader-Streaming,Smart-Prefetch-Depth2,4.00,1,0.2566,249.42,0.0160,0.0160,0.0160,0.2566,0.2566,3.61,5426.43,84.01,1
2026-08-18T07:46:03Z,DataLoader-Streaming,Static-NoPrefetch,4.00,1,0.5369,119.21,0.0336,0.0336,0.0336,0.5369,0.5369,8.94,5426.43,64.00,1
2026-08-18T07:46:04Z,DataLoader-Streaming,Smart-Prefetch-Depth1,4.00,1,0.4965,128.90,0.0310,0.0310,0.0310,0.4965,0.4965,1.88,5426.43,80.01,1
2026-08-18T07:46:04Z,DataLoader-Streaming,Smart-Prefetch-Depth2,4.00,1,0.4965,128.91,0.0310,0.0310,0.0310,0.4965,0.4965,1.86,5426.43,84.01,1
2026-08-18T07:46:05Z,DataLoader-Streaming,Static-NoPrefetch,16.00,1,0.2484,1030.63,0.0155,0.0155,0.0155,0.2484,0.2484,64.41,5426.43,256.00,1
2026-08-18T07:46:05Z,DataLoader-Streaming,Smart-Prefetch-Depth1,16.00,1,0.1996,1282.64,0.0125,0.0125,0.0125,0.1996,0.1996,56.48,5426.43,320.01,1
2026-08-18T07:46:05Z,DataLoader-Streaming,Smart-Prefetch-Depth2,16.00,1,0.1198,2137.51,0.0075,0.0075,0.0075,0.1198,0.1198,26.20,5426.43,352.01,1
2026-08-18T07:46:05Z,DataLoader-Streaming,Static-NoPrefetch,16.00,1,0.4083,627.02,0.0255,0.0255,0.0255,0.4083,0.4083,39.19,5426.43,256.00,1
2026-08-18T07:46:06Z,DataLoader-Streaming,Smart-Prefetch-Depth1,16.00,1,0.2823,906.96,0.0176,0.0176,0.0176,0.2823,0.2823,10.79,5426.43,336.01,1
2026-08-18T07:46:06Z,DataLoader-Streaming,Smart-Prefetch-Depth2,16.00,1,0.2819,908.14,0.0176,0.0176,0.0176,0.2819,0.2819,10.99,5426.43,336.01,1
2026-08-18T07:46:07Z,DataLoader-Streaming,Static-NoPrefetch,16.00,1,0.6487,394.65,0.0405,0.0405,0.0405,0.6487,0.6487,24.67,5426.43,256.00,1
2026-08-18T07:46:07Z,DataLoader-Streaming,Smart-Prefetch-Depth1,16.00,1,0.5218,490.59,0.0326,0.0326,0.0326,0.5218,0.5218,5.99,5426.43,336.01,1
2026-08-18T07:46:08Z,DataLoader-Streaming,Smart-Prefetch-Depth2,16.00,1,0.5210,491.33,0.0326,0.0326,0.0326,0.5210,0.5210,5.95,5426.43,352.01,1
2026-08-18T07:46:08Z,DataLoader-Streaming,Static-NoPrefetch,64.00,1,0.7445,1375.38,0.0465,0.0465,0.0465,0.7445,0.7445,88.11,5426.43,1024.00,1
2026-08-18T07:46:09Z,DataLoader-Streaming,Smart-Prefetch-Depth1,64.00,1,0.7538,1358.43,0.0471,0.0471,0.0471,0.7538,0.7538,87.78,5426.43,1216.01,1
2026-08-18T07:46:10Z,DataLoader-Streaming,Smart-Prefetch-Depth2,64.00,1,0.4119,2486.11,0.0257,0.0257,0.0257,0.4119,0.4119,78.04,5426.43,1408.01,1
2026-08-18T07:46:11Z,DataLoader-Streaming,Static-NoPrefetch,64.00,1,0.9049,1131.56,0.0566,0.0566,0.0566,0.9049,0.9049,72.49,5426.43,1024.00,1
2026-08-18T07:46:12Z,DataLoader-Streaming,Smart-Prefetch-Depth1,64.00,1,0.7649,1338.71,0.0478,0.0478,0.0478,0.7649,0.7649,67.25,5426.43,1216.01,0
2026-08-18T07:46:12Z,DataLoader-Streaming,Smart-Prefetch-Depth2,64.00,1,0.4221,2426.09,0.0264,0.0264,0.0264,0.4221,0.4221,40.02,5426.43,1408.01,1
2026-08-18T07:46:13Z,DataLoader-Streaming,Static-NoPrefetch,64.00,1,1.1438,895.27,0.0715,0.0715,0.0715,1.1438,1.1438,57.35,5426.43,1024.00,1
2026-08-18T07:46:14Z,DataLoader-Streaming,Smart-Prefetch-Depth1,64.00,1,0.7849,1304.55,0.0491,0.0491,0.0491,0.7849,0.7849,37.30,5426.43,1216.01,0
2026-08-18T07:46:15Z,DataLoader-Streaming,Smart-Prefetch-Depth2,64.00,1,0.6233,1642.89,0.0390,0.0390,0.0390,0.6233,0.6233,20.39,5426.43,1344.01,1
2026-08-18T07:46:15Z,Columnar-Parquet-Scan,Static-OnDemand,128.00,1,0.3300,121.23,0.3300,0.3300,0.3300,0.3300,0.3300,0.00,5426.43,128.00,0
2026-08-18T07:46:16Z,Columnar-Parquet-Scan,Smart-RangePrefetch,128.00,1,0.3497,114.37,0.3497,0.3497,0.3497,0.3497,0.3497,0.00,5426.43,173.05,0
2026-08-18T07:46:16Z,Columnar-Parquet-Scan,Static-OnDemand,512.00,1,0.3309,120.88,0.3309,0.3309,0.3309,0.3309,0.3309,0.00,5426.43,512.00,1
2026-08-18T07:46:16Z,Columnar-Parquet-Scan,Smart-RangePrefetch,512.00,1,0.3451,115.91,0.3451,0.3451,0.3451,0.3451,0.3451,0.00,5426.43,562.05,0
2026-08-18T07:46:17Z,Memory-Guardrail-Soak,Unbounded-Alloc,4.00,100,0.2962,27004.92,0.2962,0.2962,0.2962,0.2962,0.2962,0.00,5426.43,8000.02,35
2026-08-18T07:46:17Z,Memory-Guardrail-Soak,MemoryGuardrail-SlabPool,4.00,100,0.0489,44894.47,0.0489,0.0489,0.0489,0.0489,0.0489,0.00,5426.43,72.04,2
2026-08-18T07:46:18Z,Orbax-Checkpoint-Write,Static-Fixed16MB,64.00,8,0.0554,734.52,0.0554,0.6970,0.6970,0.6970,0.6970,0.00,5426.43,0.00,0
2026-08-18T07:46:18Z,Orbax-Checkpoint-Write,Smart-DynamicChunk,64.00,8,0.0526,613.60,0.0526,0.8344,0.8344,0.8344,0.8344,0.00,5426.43,0.00,0
2026-08-18T07:46:18Z,Orbax-Checkpoint-Write,Static-Fixed16MB,64.00,16,0.0531,19252.12,0.0531,0.0531,0.0531,0.0531,0.0532,0.00,5426.43,0.00,0
2026-08-18T07:46:18Z,Orbax-Checkpoint-Write,Smart-DynamicChunk,64.00,16,0.0526,19447.32,0.0526,0.0526,0.0526,0.0526,0.0527,0.00,5426.43,0.00,0
2026-08-18T07:46:19Z,Orbax-Checkpoint-Write,Static-Fixed16MB,64.00,32,0.0535,2426.20,0.0535,0.4011,0.8440,0.8440,0.8441,0.00,5426.43,0.01,0
2026-08-18T07:46:20Z,Orbax-Checkpoint-Write,Smart-DynamicChunk,64.00,32,0.0526,2624.17,0.0526,0.0527,0.7804,0.7804,0.7804,0.00,5426.43,0.01,0
2026-08-18T07:46:21Z,Orbax-Checkpoint-Write,Static-Fixed16MB,256.00,8,0.2132,2502.83,0.2132,0.8182,0.8182,0.8182,0.8183,0.00,5426.43,0.00,0
2026-08-18T07:46:22Z,Orbax-Checkpoint-Write,Smart-DynamicChunk,256.00,8,0.2093,2358.43,0.2093,0.8683,0.8683,0.8683,0.8684,0.00,5426.43,0.00,0
2026-08-18T07:46:23Z,Orbax-Checkpoint-Write,Static-Fixed16MB,256.00,16,0.2122,4654.25,0.2122,0.8524,0.8800,0.8800,0.8801,0.00,5426.43,0.00,0
2026-08-18T07:46:23Z,Orbax-Checkpoint-Write,Smart-DynamicChunk,256.00,16,0.2093,19564.13,0.2093,0.2093,0.2093,0.2093,0.2094,0.00,5426.43,0.00,0
2026-08-18T07:46:24Z,Orbax-Checkpoint-Write,Static-Fixed16MB,256.00,32,0.2122,8535.38,0.2122,0.7416,0.9597,0.9597,0.9598,0.00,5426.43,0.01,0
2026-08-18T07:46:25Z,Orbax-Checkpoint-Write,Smart-DynamicChunk,256.00,32,0.2095,9723.46,0.2095,0.2095,0.8424,0.8424,0.8425,0.00,5426.43,0.01,0
2026-08-18T07:46:26Z,Orbax-Checkpoint-Write,Static-Fixed16MB,512.00,8,1.0304,2261.60,1.0304,1.8111,1.8111,1.8111,1.8111,0.00,5426.43,0.00,0
2026-08-18T07:46:27Z,Orbax-Checkpoint-Write,Smart-DynamicChunk,512.00,8,0.4185,4062.25,0.4185,1.0083,1.0083,1.0083,1.0083,0.00,5426.43,0.00,0
2026-08-18T07:46:29Z,Orbax-Checkpoint-Write,Static-Fixed16MB,512.00,16,0.4289,4590.13,0.4289,1.6469,1.7846,1.7846,1.7847,0.00,5426.43,0.00,0
2026-08-18T07:46:30Z,Orbax-Checkpoint-Write,Smart-DynamicChunk,512.00,16,0.4186,6811.01,0.4186,0.8749,1.2027,1.2027,1.2028,0.00,5426.43,0.00,0
2026-08-18T07:46:32Z,Orbax-Checkpoint-Write,Static-Fixed16MB,512.00,32,0.4325,8770.75,0.4325,1.1873,1.8679,1.8679,1.8680,0.00,5426.43,0.01,0
2026-08-18T07:46:34Z,Orbax-Checkpoint-Write,Smart-DynamicChunk,512.00,32,0.4188,13771.54,0.4188,0.9752,1.1896,1.1896,1.1897,0.00,5426.43,0.01,0
2026-08-18T07:46:36Z,Orbax-Checkpoint-Write,Static-Fixed16MB,1024.00,8,1.5754,2920.99,1.5754,2.8045,2.8045,2.8045,2.8045,0.00,5426.43,0.00,0
2026-08-18T07:46:37Z,Orbax-Checkpoint-Write,Smart-DynamicChunk,1024.00,8,0.8364,9794.01,0.8364,0.8364,0.8364,0.8364,0.8364,0.00,5426.43,0.00,0
2026-08-18T07:46:39Z,Orbax-Checkpoint-Write,Static-Fixed16MB,1024.00,16,1.2938,7513.14,1.2938,1.9142,2.1806,2.1806,2.1807,0.00,5426.43,0.00,0
2026-08-18T07:46:41Z,Orbax-Checkpoint-Write,Smart-DynamicChunk,1024.00,16,0.8397,9537.53,0.8397,1.6039,1.7178,1.7178,1.7178,0.00,5426.43,0.00,0
2026-08-18T07:46:45Z,Orbax-Checkpoint-Write,Static-Fixed16MB,1024.00,32,1.6702,9347.15,1.6702,2.6099,3.5056,3.5056,3.5057,0.00,5426.43,0.01,0
2026-08-18T07:46:47Z,Orbax-Checkpoint-Write,Smart-DynamicChunk,1024.00,32,0.8390,14014.57,0.8390,1.6412,2.3381,2.3381,2.3381,0.00,5426.43,0.01,0
2026-08-18T07:46:47Z,DataLoader-Streaming,Static-NoPrefetch,4.00,1,0.1366,468.59,0.0085,0.0085,0.0085,0.1366,0.1366,35.14,5426.43,64.00,1
2026-08-18T07:46:47Z,DataLoader-Streaming,Smart-Prefetch-Depth1,4.00,1,0.0966,662.21,0.0060,0.0060,0.0060,0.0966,0.0966,10.15,5426.43,80.01,0
2026-08-18T07:46:47Z,DataLoader-Streaming,Smart-Prefetch-Depth2,4.00,1,0.0978,654.17,0.0061,0.0061,0.0061,0.0978,0.0978,9.16,5426.43,88.01,1
2026-08-18T07:46:48Z,DataLoader-Streaming,Static-NoPrefetch,4.00,1,0.2975,215.14,0.0186,0.0186,0.0186,0.2975,0.2975,16.14,5426.43,64.00,1
2026-08-18T07:46:48Z,DataLoader-Streaming,Smart-Prefetch-Depth1,4.00,1,0.2569,249.17,0.0161,0.0161,0.0161,0.2569,0.2569,3.72,5426.43,84.01,1
2026-08-18T07:46:48Z,DataLoader-Streaming,Smart-Prefetch-Depth2,4.00,1,0.2559,250.07,0.0160,0.0160,0.0160,0.2559,0.2559,3.37,5426.43,84.01,1
2026-08-18T07:46:49Z,DataLoader-Streaming,Static-NoPrefetch,4.00,1,0.5378,119.00,0.0336,0.0336,0.0336,0.5378,0.5378,8.92,5426.43,64.00,1
2026-08-18T07:46:49Z,DataLoader-Streaming,Smart-Prefetch-Depth1,4.00,1,0.4960,129.04,0.0310,0.0310,0.0310,0.4960,0.4960,1.98,5426.43,80.01,1
2026-08-18T07:46:50Z,DataLoader-Streaming,Smart-Prefetch-Depth2,4.00,1,0.4977,128.60,0.0311,0.0311,0.0311,0.4977,0.4977,1.91,5426.43,84.01,1
2026-08-18T07:46:50Z,DataLoader-Streaming,Static-NoPrefetch,16.00,1,0.2483,1031.15,0.0155,0.0155,0.0155,0.2483,0.2483,64.45,5426.43,256.00,1
2026-08-18T07:46:50Z,DataLoader-Streaming,Smart-Prefetch-Depth1,16.00,1,0.2021,1266.43,0.0126,0.0126,0.0126,0.2021,0.2021,56.56,5426.43,304.01,1
2026-08-18T07:46:50Z,DataLoader-Streaming,Smart-Prefetch-Depth2,16.00,1,0.1224,2090.74,0.0077,0.0077,0.0077,0.1224,0.1224,25.51,5426.43,336.01,1
2026-08-18T07:46:51Z,DataLoader-Streaming,Static-NoPrefetch,16.00,1,0.4088,626.26,0.0255,0.0255,0.0255,0.4088,0.4088,39.14,5426.43,256.00,0
2026-08-18T07:46:51Z,DataLoader-Streaming,Smart-Prefetch-Depth1,16.00,1,0.2839,901.69,0.0177,0.0177,0.0177,0.2839,0.2839,10.81,5426.43,336.01,1
2026-08-18T07:46:51Z,DataLoader-Streaming,Smart-Prefetch-Depth2,16.00,1,0.2801,913.83,0.0175,0.0175,0.0175,0.2801,0.2801,10.87,5426.43,352.01,1
2026-08-18T07:46:52Z,DataLoader-Streaming,Static-NoPrefetch,16.00,1,0.6489,394.53,0.0406,0.0406,0.0406,0.6489,0.6489,24.66,5426.43,256.00,1
2026-08-18T07:46:53Z,DataLoader-Streaming,Smart-Prefetch-Depth1,16.00,1,0.5251,487.53,0.0328,0.0328,0.0328,0.5251,0.5251,6.17,5426.43,368.01,1
2026-08-18T07:46:53Z,DataLoader-Streaming,Smart-Prefetch-Depth2,16.00,1,0.5261,486.64,0.0329,0.0329,0.0329,0.5261,0.5261,6.26,5426.43,352.01,1
2026-08-18T07:46:54Z,DataLoader-Streaming,Static-NoPrefetch,64.00,1,0.7458,1372.98,0.0466,0.0466,0.0466,0.7458,0.7458,87.96,5426.43,1024.00,1
2026-08-18T07:46:55Z,DataLoader-Streaming,Smart-Prefetch-Depth1,64.00,1,0.7836,1306.84,0.0490,0.0490,0.0490,0.7836,0.7836,87.79,5426.43,1280.01,1
2026-08-18T07:46:55Z,DataLoader-Streaming,Smart-Prefetch-Depth2,64.00,1,0.4363,2346.84,0.0273,0.0273,0.0273,0.4363,0.4363,77.08,5426.43,1408.01,1
2026-08-18T07:46:56Z,DataLoader-Streaming,Static-NoPrefetch,64.00,1,0.9052,1131.27,0.0566,0.0566,0.0566,0.9052,0.9052,72.47,5426.43,1024.00,1
2026-08-18T07:46:57Z,DataLoader-Streaming,Smart-Prefetch-Depth1,64.00,1,0.7787,1314.97,0.0487,0.0487,0.0487,0.7787,0.7787,67.81,5426.43,1280.01,0
2026-08-18T07:46:58Z,DataLoader-Streaming,Smart-Prefetch-Depth2,64.00,1,0.4346,2355.94,0.0272,0.0272,0.0272,0.4346,0.4346,41.63,5426.43,1408.01,1
2026-08-18T07:46:59Z,DataLoader-Streaming,Static-NoPrefetch,64.00,1,1.1450,894.36,0.0716,0.0716,0.0716,1.1450,1.1450,57.29,5426.43,1024.00,1
2026-08-18T07:47:00Z,DataLoader-Streaming,Smart-Prefetch-Depth1,64.00,1,0.7955,1287.16,0.0497,0.0497,0.0497,0.7955,0.7955,38.28,5426.43,1280.01,0
2026-08-18T07:47:01Z,DataLoader-Streaming,Smart-Prefetch-Depth2,64.00,1,0.6323,1619.58,0.0395,0.0395,0.0395,0.6323,0.6323,21.51,5426.43,1344.01,1
2026-08-18T07:47:01Z,Columnar-Parquet-Scan,Static-OnDemand,128.00,1,0.3307,120.94,0.3307,0.3307,0.3307,0.3307,0.3307,0.00,5426.43,128.00,0
2026-08-18T07:47:01Z,Columnar-Parquet-Scan,Smart-RangePrefetch,128.00,1,0.3489,114.65,0.3489,0.3489,0.3489,0.3489,0.3489,0.00,5426.43,172.05,0
2026-08-18T07:47:02Z,Columnar-Parquet-Scan,Static-OnDemand,512.00,1,0.3312,120.79,0.3312,0.3312,0.3312,0.3312,0.3312,0.00,5426.43,512.00,0
2026-08-18T07:47:02Z,Columnar-Parquet-Scan,Smart-RangePrefetch,512.00,1,0.3438,116.35,0.3438,0.3438,0.3438,0.3438,0.3438,0.00,5426.43,556.05,1
2026-08-18T07:47:02Z,Memory-Guardrail-Soak,Unbounded-Alloc,4.00,100,0.2542,31477.23,0.2542,0.2542,0.2542,0.2542,0.2542,0.00,5426.43,8000.02,35
2026-08-18T07:47:02Z,Memory-Guardrail-Soak,MemoryGuardrail-SlabPool,4.00,100,0.0495,46604.46,0.0495,0.0495,0.0495,0.0495,0.0495,0.00,5426.43,72.04,1
2026-08-18T07:47:02Z,Orbax-Checkpoint-Write,Static-Fixed16MB,64.00,8,0.0556,9198.70,0.0556,0.0556,0.0556,0.0556,0.0557,0.00,5426.43,0.00,0
2026-08-18T07:47:03Z,Orbax-Checkpoint-Write,Smart-DynamicChunk,64.00,8,0.0525,9753.80,0.0525,0.0525,0.0525,0.0525,0.0525,0.00,5426.43,0.00,0
2026-08-18T07:47:03Z,Orbax-Checkpoint-Write,Static-Fixed16MB,64.00,16,0.0531,1260.99,0.0531,0.0531,0.8120,0.8120,0.8121,0.00,5426.43,0.00,0
2026-08-18T07:47:04Z,Orbax-Checkpoint-Write,Smart-DynamicChunk,64.00,16,0.0525,1372.30,0.0525,0.5233,0.7461,0.7461,0.7462,0.00,5426.43,0.00,0
2026-08-18T07:47:05Z,Orbax-Checkpoint-Write,Static-Fixed16MB,64.00,32,0.0532,2938.19,0.0532,0.0532,0.6969,0.6969,0.6970,0.00,5426.43,0.01,0
2026-08-18T07:47:05Z,Orbax-Checkpoint-Write,Smart-DynamicChunk,64.00,32,0.0526,38875.88,0.0526,0.0526,0.0526,0.0526,0.0527,0.00,5426.43,0.01,0
2026-08-18T07:47:06Z,Orbax-Checkpoint-Write,Static-Fixed16MB,256.00,8,0.2119,2860.92,0.2119,0.7158,0.7158,0.7158,0.7159,0.00,5426.43,0.00,0
2026-08-18T07:47:06Z,Orbax-Checkpoint-Write,Smart-DynamicChunk,256.00,8,0.2095,2500.14,0.2095,0.8191,0.8191,0.8191,0.8192,0.00,5426.43,0.00,0
2026-08-18T07:47:07Z,Orbax-Checkpoint-Write,Static-Fixed16MB,256.00,16,0.2122,4719.77,0.2122,0.7496,0.8677,0.8677,0.8678,0.00,5426.43,0.00,0
2026-08-18T07:47:07Z,Orbax-Checkpoint-Write,Smart-DynamicChunk,256.00,16,0.2093,19555.45,0.2093,0.2094,0.2094,0.2094,0.2095,0.00,5426.43,0.00,0
2026-08-18T07:47:09Z,Orbax-Checkpoint-Write,Static-Fixed16MB,256.00,32,0.2130,4057.85,0.2130,0.7231,2.0187,2.0187,2.0188,0.00,5426.43,0.01,0
2026-08-18T07:47:10Z,Orbax-Checkpoint-Write,Smart-DynamicChunk,256.00,32,0.2098,8320.02,0.2098,0.7733,0.9845,0.9845,0.9846,0.00,5426.43,0.01,0
2026-08-18T07:47:12Z,Orbax-Checkpoint-Write,Static-Fixed16MB,512.00,8,0.8176,2042.50,0.8176,2.0054,2.0054,2.0054,2.0054,0.00,5426.43,0.00,0
2026-08-18T07:47:14Z,Orbax-Checkpoint-Write,Smart-DynamicChunk,512.00,8,0.4188,3512.75,0.4188,1.1660,1.1660,1.1660,1.1660,0.00,5426.43,0.00,0
2026-08-18T07:47:15Z,Orbax-Checkpoint-Write,Static-Fixed16MB,512.00,16,0.8054,4962.21,0.8054,1.3294,1.6508,1.6508,1.6509,0.00,5426.43,0.00,0
2026-08-18T07:47:16Z,Orbax-Checkpoint-Write,Smart-DynamicChunk,512.00,16,0.4205,6839.98,0.4205,1.0335,1.1976,1.1976,1.1977,0.00,5426.43,0.00,0
2026-08-18T07:47:18Z,Orbax-Checkpoint-Write,Static-Fixed16MB,512.00,32,0.4257,9001.65,0.4257,1.5395,1.8200,1.8200,1.8201,0.00,5426.43,0.01,0
2026-08-18T07:47:19Z,Orbax-Checkpoint-Write,Smart-DynamicChunk,512.00,32,0.4187,15288.95,0.4187,0.4187,1.0716,1.0716,1.0716,0.00,5426.43,0.01,0
2026-08-18T07:47:23Z,Orbax-Checkpoint-Write,Static-Fixed16MB,1024.00,8,1.7944,2068.28,1.7944,3.9607,3.9607,3.9607,3.9608,0.00,5426.43,0.00,0
2026-08-18T07:47:25Z,Orbax-Checkpoint-Write,Smart-DynamicChunk,1024.00,8,0.8368,6833.80,0.8368,1.1987,1.1987,1.1987,1.1987,0.00,5426.43,0.00,0
2026-08-18T07:47:28Z,Orbax-Checkpoint-Write,Static-Fixed16MB,1024.00,16,1.8513,5470.31,1.8513,2.6695,2.9950,2.9950,2.9951,0.00,5426.43,0.00,0
2026-08-18T07:47:29Z,Orbax-Checkpoint-Write,Smart-DynamicChunk,1024.00,16,0.8399,9340.61,0.8399,1.5803,1.7539,1.7539,1.7541,0.00,5426.43,0.00,0
2026-08-18T07:47:33Z,Orbax-Checkpoint-Write,Static-Fixed16MB,1024.00,32,1.4461,8993.27,1.4461,2.3667,3.6435,3.6435,3.6436,0.00,5426.43,0.01,0
2026-08-18T07:47:34Z,Orbax-Checkpoint-Write,Smart-DynamicChunk,1024.00,32,0.8405,21557.58,0.8405,1.4681,1.5199,1.5199,1.5200,0.00,5426.43,0.01,0
2026-08-18T07:47:35Z,DataLoader-Streaming,Static-NoPrefetch,4.00,1,0.1401,456.78,0.0088,0.0088,0.0088,0.1401,0.1401,34.26,5426.43,64.00,1
2026-08-18T07:47:35Z,DataLoader-Streaming,Smart-Prefetch-Depth1,4.00,1,0.0962,665.33,0.0060,0.0060,0.0060,0.0962,0.0962,8.89,5426.43,84.01,0
2026-08-18T07:47:35Z,DataLoader-Streaming,Smart-Prefetch-Depth2,4.00,1,0.0973,657.77,0.0061,0.0061,0.0061,0.0973,0.0973,9.68,5426.43,84.01,1
2026-08-18T07:47:35Z,DataLoader-Streaming,Static-NoPrefetch,4.00,1,0.2951,216.89,0.0184,0.0184,0.0184,0.2951,0.2951,16.27,5426.43,64.00,1
2026-08-18T07:47:35Z,DataLoader-Streaming,Smart-Prefetch-Depth1,4.00,1,0.2565,249.53,0.0160,0.0160,0.0160,0.2565,0.2565,3.54,5426.43,84.01,1
2026-08-18T07:47:36Z,DataLoader-Streaming,Smart-Prefetch-Depth2,4.00,1,0.2590,247.14,0.0162,0.0162,0.0162,0.2590,0.2590,3.81,5426.43,88.01,1
2026-08-18T07:47:36Z,DataLoader-Streaming,Static-NoPrefetch,4.00,1,0.5358,119.45,0.0335,0.0335,0.0335,0.5358,0.5358,8.96,5426.43,64.00,1
2026-08-18T07:47:37Z,DataLoader-Streaming,Smart-Prefetch-Depth1,4.00,1,0.4971,128.74,0.0311,0.0311,0.0311,0.4971,0.4971,1.87,5426.43,80.01,1
2026-08-18T07:47:37Z,DataLoader-Streaming,Smart-Prefetch-Depth2,4.00,1,0.4973,128.69,0.0311,0.0311,0.0311,0.4973,0.4973,1.92,5426.43,88.01,1
2026-08-18T07:47:37Z,DataLoader-Streaming,Static-NoPrefetch,16.00,1,0.2476,1033.93,0.0155,0.0155,0.0155,0.2476,0.2476,64.62,5426.43,256.00,1
2026-08-18T07:47:38Z,DataLoader-Streaming,Smart-Prefetch-Depth1,16.00,1,0.2049,1249.69,0.0128,0.0128,0.0128,0.2049,0.2049,56.58,5426.43,320.01,1
2026-08-18T07:47:38Z,DataLoader-Streaming,Smart-Prefetch-Depth2,16.00,1,0.1200,2133.05,0.0075,0.0075,0.0075,0.1200,0.1200,25.46,5426.43,336.01,1
2026-08-18T07:47:38Z,DataLoader-Streaming,Static-NoPrefetch,16.00,1,0.4086,626.57,0.0255,0.0255,0.0255,0.4086,0.4086,39.16,5426.43,256.00,1
2026-08-18T07:47:39Z,DataLoader-Streaming,Smart-Prefetch-Depth1,16.00,1,0.2809,911.30,0.0176,0.0176,0.0176,0.2809,0.2809,10.82,5426.43,320.01,1
2026-08-18T07:47:39Z,DataLoader-Streaming,Smart-Prefetch-Depth2,16.00,1,0.2827,905.64,0.0177,0.0177,0.0177,0.2827,0.2827,11.09,5426.43,352.01,1
2026-08-18T07:47:40Z,DataLoader-Streaming,Static-NoPrefetch,16.00,1,0.6509,393.29,0.0407,0.0407,0.0407,0.6509,0.6509,24.58,5426.43,256.00,1
2026-08-18T07:47:40Z,DataLoader-Streaming,Smart-Prefetch-Depth1,16.00,1,0.5231,489.40,0.0327,0.0327,0.0327,0.5231,0.5231,6.03,5426.43,336.01,1
2026-08-18T07:47:41Z,DataLoader-Streaming,Smart-Prefetch-Depth2,16.00,1,0.5219,490.55,0.0326,0.0326,0.0326,0.5219,0.5219,5.68,5426.43,352.01,1
2026-08-18T07:47:41Z,DataLoader-Streaming,Static-NoPrefetch,64.00,1,0.7453,1374.00,0.0466,0.0466,0.0466,0.7453,0.7453,88.02,5426.43,1024.00,1
2026-08-18T07:47:42Z,DataLoader-Streaming,Smart-Prefetch-Depth1,64.00,1,0.7551,1356.12,0.0472,0.0472,0.0472,0.7551,0.7551,87.94,5426.43,1216.01,1
2026-08-18T07:47:43Z,DataLoader-Streaming,Smart-Prefetch-Depth2,64.00,1,0.4114,2489.15,0.0257,0.0257,0.0257,0.4114,0.4114,77.98,5426.43,1408.01,1
2026-08-18T07:47:44Z,DataLoader-Streaming,Static-NoPrefetch,64.00,1,0.9048,1131.73,0.0566,0.0566,0.0566,0.9048,0.9048,72.50,5426.43,1024.00,1
2026-08-18T07:47:45Z,DataLoader-Streaming,Smart-Prefetch-Depth1,64.00,1,0.7665,1335.97,0.0479,0.0479,0.0479,0.7665,0.7665,67.32,5426.43,1216.01,0
2026-08-18T07:47:45Z,DataLoader-Streaming,Smart-Prefetch-Depth2,64.00,1,0.4225,2423.62,0.0264,0.0264,0.0264,0.4225,0.4225,40.36,5426.43,1408.01,1
2026-08-18T07:47:46Z,DataLoader-Streaming,Static-NoPrefetch,64.00,1,1.1444,894.79,0.0715,0.0715,0.0715,1.1444,1.1444,57.32,5426.43,1024.00,1
2026-08-18T07:47:47Z,DataLoader-Streaming,Smart-Prefetch-Depth1,64.00,1,0.7860,1302.74,0.0491,0.0491,0.0491,0.7860,0.7860,37.42,5426.43,1216.01,0
2026-08-18T07:47:48Z,DataLoader-Streaming,Smart-Prefetch-Depth2,64.00,1,0.6147,1665.79,0.0384,0.0384,0.0384,0.6147,0.6147,19.13,5426.43,1344.01,1
2026-08-18T07:47:48Z,Columnar-Parquet-Scan,Static-OnDemand,128.00,1,0.3297,121.32,0.3297,0.3297,0.3297,0.3297,0.3297,0.00,5426.43,128.00,0
2026-08-18T07:47:49Z,Columnar-Parquet-Scan,Smart-RangePrefetch,128.00,1,0.3470,115.29,0.3470,0.3470,0.3470,0.3470,0.3470,0.00,5426.43,175.05,0
2026-08-18T07:47:49Z,Columnar-Parquet-Scan,Static-OnDemand,512.00,1,0.3313,120.73,0.3313,0.3313,0.3313,0.3313,0.3313,0.00,5426.43,512.00,1
2026-08-18T07:47:49Z,Columnar-Parquet-Scan,Smart-RangePrefetch,512.00,1,0.3440,116.28,0.3440,0.3440,0.3440,0.3440,0.3440,0.00,5426.43,568.05,0
2026-08-18T07:47:49Z,Memory-Guardrail-Soak,Unbounded-Alloc,4.00,100,0.2232,35836.06,0.2232,0.2232,0.2232,0.2232,0.2232,0.00,5426.43,8000.02,27
2026-08-18T07:47:50Z,Memory-Guardrail-Soak,MemoryGuardrail-SlabPool,4.00,100,0.0540,42342.36,0.0540,0.0540,0.0540,0.0540,0.0540,0.00,5426.43,76.04,2
2026-08-18T07:47:50Z,Orbax-Checkpoint-Write,Static-Fixed16MB,64.00,8,0.0535,9558.75,0.0535,0.0535,0.0535,0.0535,0.0536,0.00,5426.43,0.00,0
2026-08-18T07:47:50Z,Orbax-Checkpoint-Write,Smart-DynamicChunk,64.00,8,0.0534,9581.55,0.0534,0.0534,0.0534,0.0534,0.0534,0.00,5426.43,0.00,0
2026-08-18T07:47:51Z,Orbax-Checkpoint-Write,Static-Fixed16MB,64.00,16,0.0531,913.49,0.0531,0.8470,1.1209,1.1209,1.1210,0.00,5426.43,0.00,0
2026-08-18T07:47:51Z,Orbax-Checkpoint-Write,Smart-DynamicChunk,64.00,16,0.0526,19453.38,0.0526,0.0526,0.0526,0.0526,0.0526,0.00,5426.43,0.00,0
2026-08-18T07:47:51Z,Orbax-Checkpoint-Write,Static-Fixed16MB,64.00,32,0.0532,3313.98,0.0532,0.4684,0.6179,0.6179,0.6180,0.00,5426.43,0.01,0
2026-08-18T07:47:52Z,Orbax-Checkpoint-Write,Smart-DynamicChunk,64.00,32,0.0526,2474.59,0.0526,0.0527,0.8275,0.8275,0.8276,0.00,5426.43,0.01,0
2026-08-18T07:47:53Z,Orbax-Checkpoint-Write,Static-Fixed16MB,256.00,8,0.2122,2809.79,0.2122,0.7288,0.7288,0.7288,0.7289,0.00,5426.43,0.00,0
2026-08-18T07:47:53Z,Orbax-Checkpoint-Write,Smart-DynamicChunk,256.00,8,0.2094,9778.63,0.2094,0.2094,0.2094,0.2094,0.2094,0.00,5426.43,0.00,0
2026-08-18T07:47:54Z,Orbax-Checkpoint-Write,Static-Fixed16MB,256.00,16,0.2119,4548.60,0.2119,0.7974,0.9005,0.9005,0.9005,0.00,5426.43,0.00,0
2026-08-18T07:47:55Z,Orbax-Checkpoint-Write,Smart-DynamicChunk,256.00,16,0.2095,4634.90,0.2095,0.2095,0.8837,0.8837,0.8837,0.00,5426.43,0.00,0
2026-08-18T07:47:56Z,Orbax-Checkpoint-Write,Static-Fixed16MB,256.00,32,0.2127,8469.56,0.2127,0.8885,0.9671,0.9671,0.9672,0.00,5426.43,0.01,0
2026-08-18T07:47:57Z,Orbax-Checkpoint-Write,Smart-DynamicChunk,256.00,32,0.2094,10373.03,0.2094,0.2095,0.7897,0.7897,0.7897,0.00,5426.43,0.01,0
2026-08-18T07:47:59Z,Orbax-Checkpoint-Write,Static-Fixed16MB,512.00,8,0.4252,1543.09,0.4252,2.6543,2.6543,2.6543,2.6544,0.00,5426.43,0.00,0
2026-08-18T07:48:00Z,Orbax-Checkpoint-Write,Smart-DynamicChunk,512.00,8,0.4187,3776.02,0.4187,1.0847,1.0847,1.0847,1.0847,0.00,5426.43,0.00,0
2026-08-18T07:48:02Z,Orbax-Checkpoint-Write,Static-Fixed16MB,512.00,16,0.4248,5921.51,0.4248,1.1317,1.3834,1.3834,1.3834,0.00,5426.43,0.00,0
2026-08-18T07:48:03Z,Orbax-Checkpoint-Write,Smart-DynamicChunk,512.00,16,0.4184,7030.40,0.4184,1.0835,1.1652,1.1652,1.1652,0.00,5426.43,0.00,0
2026-08-18T07:48:05Z,Orbax-Checkpoint-Write,Static-Fixed16MB,512.00,32,0.4251,8155.62,0.4251,1.2231,2.0089,2.0089,2.0089,0.00,5426.43,0.01,0
2026-08-18T07:48:06Z,Orbax-Checkpoint-Write,Smart-DynamicChunk,512.00,32,0.4199,13705.62,0.4199,0.8486,1.1954,1.1954,1.1954,0.00,5426.43,0.01,0
2026-08-18T07:48:09Z,Orbax-Checkpoint-Write,Static-Fixed16MB,1024.00,8,1.6576,3333.34,1.6576,2.4576,2.4576,2.4576,2.4576,0.00,5426.43,0.00,0
2026-08-18T07:48:11Z,Orbax-Checkpoint-Write,Smart-DynamicChunk,1024.00,8,0.8366,4262.04,0.8366,1.9220,1.9220,1.9220,1.9221,0.00,5426.43,0.00,0
2026-08-18T07:48:14Z,Orbax-Checkpoint-Write,Static-Fixed16MB,1024.00,16,1.5826,5078.50,1.5826,2.2738,3.2261,3.2261,3.2262,0.00,5426.43,0.00,0
2026-08-18T07:48:15Z,Orbax-Checkpoint-Write,Smart-DynamicChunk,1024.00,16,0.8400,10760.53,0.8400,1.4870,1.5226,1.5226,1.5226,0.00,5426.43,0.00,0
2026-08-18T07:48:18Z,Orbax-Checkpoint-Write,Static-Fixed16MB,1024.00,32,1.5610,11520.75,1.5610,2.4766,2.8442,2.8442,2.8443,0.00,5426.43,0.01,0
2026-08-18T07:48:20Z,Orbax-Checkpoint-Write,Smart-DynamicChunk,1024.00,32,0.8388,18364.81,0.8388,1.5169,1.7842,1.7842,1.7843,0.00,5426.43,0.01,0
2026-08-18T07:48:20Z,DataLoader-Streaming,Static-NoPrefetch,4.00,1,0.1351,473.63,0.0084,0.0084,0.0084,0.1351,0.1351,35.52,5426.43,64.00,1
2026-08-18T07:48:20Z,DataLoader-Streaming,Smart-Prefetch-Depth1,4.00,1,0.0968,660.93,0.0061,0.0061,0.0061,0.0968,0.0968,9.81,5426.43,84.01,0
2026-08-18T07:48:20Z,DataLoader-Streaming,Smart-Prefetch-Depth2,4.00,1,0.0952,672.61,0.0059,0.0059,0.0059,0.0952,0.0952,9.27,5426.43,84.01,1
2026-08-18T07:48:21Z,DataLoader-Streaming,Static-NoPrefetch,4.00,1,0.2972,215.31,0.0186,0.0186,0.0186,0.2972,0.2972,16.15,5426.43,64.00,1
2026-08-18T07:48:21Z,DataLoader-Streaming,Smart-Prefetch-Depth1,4.00,1,0.2562,249.79,0.0160,0.0160,0.0160,0.2562,0.2562,3.57,5426.43,88.01,1
2026-08-18T07:48:21Z,DataLoader-Streaming,Smart-Prefetch-Depth2,4.00,1,0.2555,250.49,0.0160,0.0160,0.0160,0.2555,0.2555,3.39,5426.43,88.01,1
2026-08-18T07:48:22Z,DataLoader-Streaming,Static-NoPrefetch,4.00,1,0.5352,119.58,0.0335,0.0335,0.0335,0.5352,0.5352,8.97,5426.43,64.00,0
2026-08-18T07:48:22Z,DataLoader-Streaming,Smart-Prefetch-Depth1,4.00,1,0.4973,128.71,0.0311,0.0311,0.0311,0.4973,0.4973,1.84,5426.43,84.01,1
2026-08-18T07:48:23Z,DataLoader-Streaming,Smart-Prefetch-Depth2,4.00,1,0.4994,128.15,0.0312,0.0312,0.0312,0.4994,0.4994,2.53,5426.43,88.01,1
2026-08-18T07:48:23Z,DataLoader-Streaming,Static-NoPrefetch,16.00,1,0.2471,1036.16,0.0154,0.0154,0.0154,0.2471,0.2471,64.76,5426.43,256.00,1
2026-08-18T07:48:23Z,DataLoader-Streaming,Smart-Prefetch-Depth1,16.00,1,0.1957,1308.26,0.0122,0.0122,0.0122,0.1957,0.1957,55.67,5426.43,320.01,1
2026-08-18T07:48:23Z,DataLoader-Streaming,Smart-Prefetch-Depth2,16.00,1,0.1186,2157.61,0.0074,0.0074,0.0074,0.1186,0.1186,24.68,5426.43,352.01,1
2026-08-18T07:48:24Z,DataLoader-Streaming,Static-NoPrefetch,16.00,1,0.4090,625.98,0.0256,0.0256,0.0256,0.4090,0.4090,39.12,5426.43,256.00,1
2026-08-18T07:48:24Z,DataLoader-Streaming,Smart-Prefetch-Depth1,16.00,1,0.2822,907.30,0.0176,0.0176,0.0176,0.2822,0.2822,10.68,5426.43,368.01,1
2026-08-18T07:48:24Z,DataLoader-Streaming,Smart-Prefetch-Depth2,16.00,1,0.2819,908.18,0.0176,0.0176,0.0176,0.2819,0.2819,10.52,5426.43,352.01,1
2026-08-18T07:48:25Z,DataLoader-Streaming,Static-NoPrefetch,16.00,1,0.6479,395.11,0.0405,0.0405,0.0405,0.6479,0.6479,24.69,5426.43,256.00,0
2026-08-18T07:48:26Z,DataLoader-Streaming,Smart-Prefetch-Depth1,16.00,1,0.5217,490.71,0.0326,0.0326,0.0326,0.5217,0.5217,5.50,5426.43,336.01,1
2026-08-18T07:48:26Z,DataLoader-Streaming,Smart-Prefetch-Depth2,16.00,1,0.5225,490.00,0.0327,0.0327,0.0327,0.5225,0.5225,5.95,5426.43,352.01,1
2026-08-18T07:48:27Z,DataLoader-Streaming,Static-NoPrefetch,64.00,1,0.7442,1375.90,0.0465,0.0465,0.0465,0.7442,0.7442,88.14,5426.43,1024.00,1
2026-08-18T07:48:28Z,DataLoader-Streaming,Smart-Prefetch-Depth1,64.00,1,0.7578,1351.25,0.0474,0.0474,0.0474,0.7578,0.7578,88.74,5426.43,1216.01,1
2026-08-18T07:48:28Z,DataLoader-Streaming,Smart-Prefetch-Depth2,64.00,1,0.4096,2499.95,0.0256,0.0256,0.0256,0.4096,0.4096,77.18,5426.43,1408.01,1
2026-08-18T07:48:29Z,DataLoader-Streaming,Static-NoPrefetch,64.00,1,0.9039,1132.82,0.0565,0.0565,0.0565,0.9039,0.9039,72.57,5426.43,1024.00,0
2026-08-18T07:48:30Z,DataLoader-Streaming,Smart-Prefetch-Depth1,64.00,1,0.7789,1314.65,0.0487,0.0487,0.0487,0.7789,0.7789,67.32,5426.43,1216.01,1
2026-08-18T07:48:31Z,DataLoader-Streaming,Smart-Prefetch-Depth2,64.00,1,0.4362,2347.68,0.0273,0.0273,0.0273,0.4362,0.4362,43.28,5426.43,1408.01,1
2026-08-18T07:48:32Z,DataLoader-Streaming,Static-NoPrefetch,64.00,1,1.1442,894.91,0.0715,0.0715,0.0715,1.1442,1.1442,57.33,5426.43,1024.00,0
2026-08-18T07:48:33Z,DataLoader-Streaming,Smart-Prefetch-Depth1,64.00,1,0.7867,1301.62,0.0492,0.0492,0.0492,0.7867,0.7867,37.50,5426.43,1280.01,1
2026-08-18T07:48:34Z,DataLoader-Streaming,Smart-Prefetch-Depth2,64.00,1,0.6117,1673.90,0.0382,0.0382,0.0382,0.6117,0.6117,19.72,5426.43,1344.01,1
2026-08-18T07:48:34Z,Columnar-Parquet-Scan,Static-OnDemand,128.00,1,0.3301,121.18,0.3301,0.3301,0.3301,0.3301,0.3301,0.00,5426.43,128.00,0
2026-08-18T07:48:34Z,Columnar-Parquet-Scan,Smart-RangePrefetch,128.00,1,0.3437,116.39,0.3437,0.3437,0.3437,0.3437,0.3437,0.00,5426.43,174.05,0
2026-08-18T07:48:35Z,Columnar-Parquet-Scan,Static-OnDemand,512.00,1,0.3301,121.16,0.3301,0.3301,0.3301,0.3301,0.3301,0.00,5426.43,512.00,0
2026-08-18T07:48:35Z,Columnar-Parquet-Scan,Smart-RangePrefetch,512.00,1,0.3414,117.15,0.3414,0.3414,0.3414,0.3414,0.3414,0.00,5426.43,559.05,1
2026-08-18T07:48:35Z,Memory-Guardrail-Soak,Unbounded-Alloc,4.00,100,0.2233,35830.54,0.2233,0.2233,0.2233,0.2233,0.2233,0.00,5426.43,8000.02,29
2026-08-18T07:48:35Z,Memory-Guardrail-Soak,MemoryGuardrail-SlabPool,4.00,100,0.0484,46708.14,0.0484,0.0484,0.0484,0.0484,0.0484,0.00,5426.43,72.04,2
2026-08-18T07:48:36Z,Orbax-Checkpoint-Write,Static-Fixed16MB,64.00,8,0.0540,755.88,0.0540,0.6773,0.6773,0.6773,0.6774,0.00,5426.43,0.00,0
2026-08-18T07:48:36Z,Orbax-Checkpoint-Write,Smart-DynamicChunk,64.00,8,0.0526,9734.80,0.0526,0.0526,0.0526,0.0526,0.0526,0.00,5426.43,0.00,0
2026-08-18T07:48:36Z,Orbax-Checkpoint-Write,Static-Fixed16MB,64.00,16,0.0531,19288.13,0.0531,0.0531,0.0531,0.0531,0.0531,0.00,5426.43,0.00,0
2026-08-18T07:48:36Z,Orbax-Checkpoint-Write,Smart-DynamicChunk,64.00,16,0.0528,2375.04,0.0528,0.0528,0.4311,0.4311,0.4312,0.00,5426.43,0.00,0
2026-08-18T07:48:37Z,Orbax-Checkpoint-Write,Static-Fixed16MB,64.00,32,0.0534,3004.32,0.0534,0.0534,0.6816,0.6816,0.6817,0.00,5426.43,0.01,0
2026-08-18T07:48:38Z,Orbax-Checkpoint-Write,Smart-DynamicChunk,64.00,32,0.0526,5061.13,0.0526,0.0526,0.4046,0.4046,0.4047,0.00,5426.43,0.01,0
2026-08-18T07:48:38Z,Orbax-Checkpoint-Write,Static-Fixed16MB,256.00,8,0.2124,2459.37,0.2124,0.8327,0.8327,0.8327,0.8327,0.00,5426.43,0.00,0
2026-08-18T07:48:39Z,Orbax-Checkpoint-Write,Smart-DynamicChunk,256.00,8,0.2095,9773.99,0.2095,0.2095,0.2095,0.2095,0.2095,0.00,5426.43,0.00,0
2026-08-18T07:48:40Z,Orbax-Checkpoint-Write,Static-Fixed16MB,256.00,16,0.2123,4166.72,0.2123,0.9110,0.9830,0.9830,0.9830,0.00,5426.43,0.00,0
2026-08-18T07:48:41Z,Orbax-Checkpoint-Write,Smart-DynamicChunk,256.00,16,0.2095,4454.68,0.2095,0.5678,0.9194,0.9194,0.9195,0.00,5426.43,0.00,0
2026-08-18T07:48:42Z,Orbax-Checkpoint-Write,Static-Fixed16MB,256.00,32,0.2128,6766.16,0.2128,0.9131,1.2106,1.2106,1.2107,0.00,5426.43,0.01,0
2026-08-18T07:48:42Z,Orbax-Checkpoint-Write,Smart-DynamicChunk,256.00,32,0.2094,11109.72,0.2094,0.2094,0.7373,0.7373,0.7374,0.00,5426.43,0.01,0
2026-08-18T07:48:45Z,Orbax-Checkpoint-Write,Static-Fixed16MB,512.00,8,0.9381,1744.24,0.9381,2.3483,2.3483,2.3483,2.3483,0.00,5426.43,0.00,0
2026-08-18T07:48:45Z,Orbax-Checkpoint-Write,Smart-DynamicChunk,512.00,8,0.4183,9790.60,0.4183,0.4183,0.4183,0.4183,0.4184,0.00,5426.43,0.00,0
2026-08-18T07:48:47Z,Orbax-Checkpoint-Write,Static-Fixed16MB,512.00,16,0.4241,3886.55,0.4241,1.2018,2.1077,2.1077,2.1078,0.00,5426.43,0.00,0
2026-08-18T07:48:49Z,Orbax-Checkpoint-Write,Smart-DynamicChunk,512.00,16,0.4185,6921.22,0.4185,1.0398,1.1836,1.1836,1.1836,0.00,5426.43,0.00,0
2026-08-18T07:48:50Z,Orbax-Checkpoint-Write,Static-Fixed16MB,512.00,32,0.9852,8945.27,0.9852,1.5973,1.8315,1.8315,1.8316,0.00,5426.43,0.01,0
2026-08-18T07:48:51Z,Orbax-Checkpoint-Write,Smart-DynamicChunk,512.00,32,0.4196,17265.61,0.4196,0.7368,0.9489,0.9489,0.9489,0.00,5426.43,0.01,0
2026-08-18T07:48:54Z,Orbax-Checkpoint-Write,Static-Fixed16MB,1024.00,8,1.8861,3646.92,1.8861,2.2462,2.2462,2.2462,2.2463,0.00,5426.43,0.00,0
2026-08-18T07:48:55Z,Orbax-Checkpoint-Write,Smart-DynamicChunk,1024.00,8,1.2484,5183.27,1.2484,1.5803,1.5803,1.5803,1.5805,0.00,5426.43,0.00,0
2026-08-18T07:48:58Z,Orbax-Checkpoint-Write,Static-Fixed16MB,1024.00,16,1.6009,6637.43,1.6009,2.2708,2.4684,2.4684,2.4684,0.00,5426.43,0.00,0
2026-08-18T07:48:59Z,Orbax-Checkpoint-Write,Smart-DynamicChunk,1024.00,16,0.8379,10675.47,0.8379,1.3142,1.5346,1.5346,1.5347,0.00,5426.43,0.00,0
2026-08-18T07:49:03Z,Orbax-Checkpoint-Write,Static-Fixed16MB,1024.00,32,1.4506,8786.22,1.4506,2.7332,3.7294,3.7294,3.7295,0.00,5426.43,0.01,0
2026-08-18T07:49:05Z,Orbax-Checkpoint-Write,Smart-DynamicChunk,1024.00,32,0.8366,18302.09,0.8366,1.6177,1.7903,1.7903,1.7904,0.00,5426.43,0.01,0
2026-08-18T07:49:05Z,DataLoader-Streaming,Static-NoPrefetch,4.00,1,0.1357,471.65,0.0085,0.0085,0.0085,0.1357,0.1357,35.37,5426.43,64.00,1
2026-08-18T07:49:05Z,DataLoader-Streaming,Smart-Prefetch-Depth1,4.00,1,0.0931,687.25,0.0058,0.0058,0.0058,0.0931,0.0931,8.86,5426.43,80.01,0
2026-08-18T07:49:05Z,DataLoader-Streaming,Smart-Prefetch-Depth2,4.00,1,0.0974,657.04,0.0061,0.0061,0.0061,0.0974,0.0974,9.38,5426.43,92.01,1
2026-08-18T07:49:05Z,DataLoader-Streaming,Static-NoPrefetch,4.00,1,0.2948,217.08,0.0184,0.0184,0.0184,0.2948,0.2948,16.28,5426.43,64.00,1
2026-08-18T07:49:06Z,DataLoader-Streaming,Smart-Prefetch-Depth1,4.00,1,0.2584,247.68,0.0161,0.0161,0.0161,0.2584,0.2584,4.05,5426.43,84.01,1
2026-08-18T07:49:06Z,DataLoader-Streaming,Smart-Prefetch-Depth2,4.00,1,0.2562,249.85,0.0160,0.0160,0.0160,0.2562,0.2562,3.64,5426.43,88.01,1
2026-08-18T07:49:06Z,DataLoader-Streaming,Static-NoPrefetch,4.00,1,0.5355,119.50,0.0335,0.0335,0.0335,0.5355,0.5355,8.96,5426.43,64.00,1
2026-08-18T07:49:07Z,DataLoader-Streaming,Smart-Prefetch-Depth1,4.00,1,0.4968,128.82,0.0311,0.0311,0.0311,0.4968,0.4968,1.95,5426.43,84.01,1
2026-08-18T07:49:07Z,DataLoader-Streaming,Smart-Prefetch-Depth2,4.00,1,0.4956,129.13,0.0310,0.0310,0.0310,0.4956,0.4956,1.92,5426.43,84.01,1
2026-08-18T07:49:08Z,DataLoader-Streaming,Static-NoPrefetch,16.00,1,0.2478,1033.15,0.0155,0.0155,0.0155,0.2478,0.2478,64.57,5426.43,256.00,1
2026-08-18T07:49:08Z,DataLoader-Streaming,Smart-Prefetch-Depth1,16.00,1,0.2015,1270.47,0.0126,0.0126,0.0126,0.2015,0.2015,56.58,5426.43,304.01,1
2026-08-18T07:49:08Z,DataLoader-Streaming,Smart-Prefetch-Depth2,16.00,1,0.1193,2145.87,0.0075,0.0075,0.0075,0.1193,0.1193,23.74,5426.43,336.01,1
2026-08-18T07:49:08Z,DataLoader-Streaming,Static-NoPrefetch,16.00,1,0.4080,627.42,0.0255,0.0255,0.0255,0.4080,0.4080,39.21,5426.43,256.00,0
2026-08-18T07:49:09Z,DataLoader-Streaming,Smart-Prefetch-Depth1,16.00,1,0.2835,902.97,0.0177,0.0177,0.0177,0.2835,0.2835,11.31,5426.43,336.01,1
2026-08-18T07:49:09Z,DataLoader-Streaming,Smart-Prefetch-Depth2,16.00,1,0.2821,907.57,0.0176,0.0176,0.0176,0.2821,0.2821,12.17,5426.43,352.01,1
2026-08-18T07:49:10Z,DataLoader-Streaming,Static-NoPrefetch,16.00,1,0.6475,395.36,0.0405,0.0405,0.0405,0.6475,0.6475,24.71,5426.43,256.00,0
2026-08-18T07:49:10Z,DataLoader-Streaming,Smart-Prefetch-Depth1,16.00,1,0.5244,488.20,0.0328,0.0328,0.0328,0.5244,0.5244,6.26,5426.43,336.01,1
2026-08-18T07:49:11Z,DataLoader-Streaming,Smart-Prefetch-Depth2,16.00,1,0.5235,489.02,0.0327,0.0327,0.0327,0.5235,0.5235,6.03,5426.43,352.01,1
2026-08-18T07:49:12Z,DataLoader-Streaming,Static-NoPrefetch,64.00,1,0.7444,1375.68,0.0465,0.0465,0.0465,0.7444,0.7444,88.13,5426.43,1024.00,1
2026-08-18T07:49:12Z,DataLoader-Streaming,Smart-Prefetch-Depth1,64.00,1,0.7326,1397.78,0.0458,0.0458,0.0458,0.7326,0.7326,87.49,5426.43,1216.01,1
2026-08-18T07:49:13Z,DataLoader-Streaming,Smart-Prefetch-Depth2,64.00,1,0.4102,2496.37,0.0256,0.0256,0.0256,0.4102,0.4102,79.16,5426.43,1408.01,1
2026-08-18T07:49:14Z,DataLoader-Streaming,Static-NoPrefetch,64.00,1,0.9042,1132.50,0.0565,0.0565,0.0565,0.9042,0.9042,72.55,5426.43,1024.00,0
2026-08-18T07:49:15Z,DataLoader-Streaming,Smart-Prefetch-Depth1,64.00,1,0.7649,1338.74,0.0478,0.0478,0.0478,0.7649,0.7649,67.06,5426.43,1216.01,1
2026-08-18T07:49:15Z,DataLoader-Streaming,Smart-Prefetch-Depth2,64.00,1,0.4268,2399.33,0.0267,0.0267,0.0267,0.4268,0.4268,42.11,5426.43,1408.01,1
2026-08-18T07:49:16Z,DataLoader-Streaming,Static-NoPrefetch,64.00,1,1.1454,894.02,0.0716,0.0716,0.0716,1.1454,1.1454,57.27,5426.43,1024.00,0
2026-08-18T07:49:17Z,DataLoader-Streaming,Smart-Prefetch-Depth1,64.00,1,0.7771,1317.66,0.0486,0.0486,0.0486,0.7771,0.7771,36.77,5426.43,1216.01,1
2026-08-18T07:49:18Z,DataLoader-Streaming,Smart-Prefetch-Depth2,64.00,1,0.6174,1658.58,0.0386,0.0386,0.0386,0.6174,0.6174,20.38,5426.43,1344.01,1
2026-08-18T07:49:18Z,Columnar-Parquet-Scan,Static-OnDemand,128.00,1,0.3300,121.23,0.3300,0.3300,0.3300,0.3300,0.3300,0.00,5426.43,128.00,0
2026-08-18T07:49:19Z,Columnar-Parquet-Scan,Smart-RangePrefetch,128.00,1,0.3469,115.29,0.3469,0.3469,0.3469,0.3469,0.3469,0.00,5426.43,171.05,0
2026-08-18T07:49:19Z,Columnar-Parquet-Scan,Static-OnDemand,512.00,1,0.3304,121.05,0.3304,0.3304,0.3304,0.3304,0.3304,0.00,5426.43,512.00,0
2026-08-18T07:49:19Z,Columnar-Parquet-Scan,Smart-RangePrefetch,512.00,1,0.3440,116.27,0.3440,0.3440,0.3440,0.3440,0.3440,0.00,5426.43,558.05,1
2026-08-18T07:49:20Z,Memory-Guardrail-Soak,Unbounded-Alloc,4.00,100,0.2890,27685.74,0.2890,0.2890,0.2890,0.2890,0.2890,0.00,5426.43,8000.02,23
2026-08-18T07:49:20Z,Memory-Guardrail-Soak,MemoryGuardrail-SlabPool,4.00,100,0.0514,45830.80,0.0514,0.0514,0.0514,0.0514,0.0514,0.00,5426.43,72.04,1
2026-08-18T07:49:20Z,Orbax-Checkpoint-Write,Static-Fixed16MB,64.00,8,0.0563,9096.18,0.0563,0.0563,0.0563,0.0563,0.0563,0.00,5426.43,0.00,0
2026-08-18T07:49:20Z,Orbax-Checkpoint-Write,Smart-DynamicChunk,64.00,8,0.0525,9740.17,0.0525,0.0525,0.0525,0.0525,0.0526,0.00,5426.43,0.00,0
2026-08-18T07:49:21Z,Orbax-Checkpoint-Write,Static-Fixed16MB,64.00,16,0.0531,1663.55,0.0531,0.4371,0.6155,0.6155,0.6156,0.00,5426.43,0.00,0
2026-08-18T07:49:21Z,Orbax-Checkpoint-Write,Smart-DynamicChunk,64.00,16,0.0526,1759.96,0.0526,0.0526,0.5818,0.5818,0.5818,0.00,5426.43,0.00,0
2026-08-18T07:49:22Z,Orbax-Checkpoint-Write,Static-Fixed16MB,64.00,32,0.0549,2935.79,0.0549,0.0555,0.6975,0.6975,0.6976,0.00,5426.43,0.01,0
2026-08-18T07:49:23Z,Orbax-Checkpoint-Write,Smart-DynamicChunk,64.00,32,0.0526,2938.82,0.0526,0.0526,0.6968,0.6968,0.6969,0.00,5426.43,0.01,0
2026-08-18T07:49:24Z,Orbax-Checkpoint-Write,Static-Fixed16MB,256.00,8,0.2127,2025.64,0.2127,1.0110,1.0110,1.0110,1.0110,0.00,5426.43,0.00,0
2026-08-18T07:49:24Z,Orbax-Checkpoint-Write,Smart-DynamicChunk,256.00,8,0.2094,9776.27,0.2094,0.2095,0.2095,0.2095,0.2095,0.00,5426.43,0.00,0
2026-08-18T07:49:25Z,Orbax-Checkpoint-Write,Static-Fixed16MB,256.00,16,0.2126,4499.92,0.2126,0.2127,0.9102,0.9102,0.9102,0.00,5426.43,0.00,0
2026-08-18T07:49:25Z,Orbax-Checkpoint-Write,Smart-DynamicChunk,256.00,16,0.2094,5355.72,0.2094,0.7544,0.7647,0.7647,0.7648,0.00,5426.43,0.00,0
2026-08-18T07:49:27Z,Orbax-Checkpoint-Write,Static-Fixed16MB,256.00,32,0.2131,5131.78,0.2131,1.3446,1.5963,1.5963,1.5963,0.00,5426.43,0.01,0
2026-08-18T07:49:28Z,Orbax-Checkpoint-Write,Smart-DynamicChunk,256.00,32,0.2096,8766.84,0.2096,0.5479,0.9343,0.9343,0.9344,0.00,5426.43,0.01,0
2026-08-18T07:49:30Z,Orbax-Checkpoint-Write,Static-Fixed16MB,512.00,8,1.0478,2497.03,1.0478,1.6403,1.6403,1.6403,1.6403,0.00,5426.43,0.00,0
2026-08-18T07:49:30Z,Orbax-Checkpoint-Write,Smart-DynamicChunk,512.00,8,0.4186,9784.99,0.4186,0.4186,0.4186,0.4186,0.4186,0.00,5426.43,0.00,0
